transaction_amount,transaction_type,old_balance,transaction_frequency,account_age_days,hour,device_change,location_change,is_fraud
23463.404498842956,TRANSFER,364999.15549498517,4,1227,16,0,0,0
150506.07154587604,TRANSFER,92255.99779935578,4,1485,7,0,0,1
65837.28467727247,CASH_OUT,173319.8471849431,6,582,0,0,0,0
45647.127688797664,PAYMENT,331640.3184289091,2,136,16,0,0,0
8481.243523117315,TRANSFER,241044.67226223997,5,1581,7,0,0,0
8479.814595730259,CASH_IN,369285.5193174469,3,1233,12,0,1,0
2991.9384304340338,CASH_OUT,480603.9506114299,3,809,1,0,0,0
100561.54322399698,PAYMENT,58273.343857598746,3,300,16,0,0,0
45954.107681363224,PAYMENT,354783.85819903045,0,242,6,0,1,0
61562.50308522952,PAYMENT,115172.07781605727,0,386,15,0,0,0
1039.9653999569312,CASH_IN,207238.36370378462,1,1586,16,0,0,0
175177.8737579156,PAYMENT,16431.362897569914,3,1974,3,0,0,1
89321.47716773376,CASH_IN,67953.69114634948,4,750,9,0,0,0
11934.38126244735,TRANSFER,159888.64452444983,3,997,8,0,0,0
10033.949437483168,TRANSFER,170992.90264399248,2,955,9,0,0,0
10130.571141612852,CASH_OUT,449792.60823104787,3,1854,18,0,0,0
18137.686473023856,CASH_OUT,370906.4546332575,1,991,5,0,0,0
37196.39154304272,CASH_OUT,486091.48409352056,1,1854,11,0,0,0
28276.853339016834,CASH_OUT,299535.75516762026,1,1809,10,0,0,0
17211.149627697076,CASH_OUT,120856.86604565899,3,1209,14,0,1,0
47318.54369498994,CASH_OUT,163827.51496082143,3,1143,19,0,0,0
7511.726436366934,CASH_OUT,159917.96164598354,3,838,13,0,1,0
17275.775600120112,CASH_IN,163247.1638316258,5,1950,11,0,0,0
22813.860911042353,CASH_OUT,336482.08655590785,5,1116,18,0,0,0
30446.73439298875,PAYMENT,265403.9640452081,5,1472,20,0,0,0
76896.8005515456,CASH_OUT,192712.08904332216,3,1485,11,0,0,0
11136.793106434514,CASH_IN,74544.8843643583,1,520,6,0,0,0
36101.45775165639,CASH_IN,11069.581471072954,2,1092,4,0,0,0
44875.236065488025,PAYMENT,109417.3387938463,2,177,14,1,0,0
2378.1924878204272,PAYMENT,53735.70198434063,0,1898,15,0,0,0
46766.651032480506,CASH_OUT,392722.5154261197,2,508,10,0,0,0
9348.062598870822,CASH_IN,56248.97890694269,2,195,19,0,0,0
3363.196543965212,CASH_IN,362114.1186534181,1,52,16,0,0,0
148684.38967534655,CASH_IN,192829.34488804132,2,937,5,0,0,0
168531.5171230586,PAYMENT,36689.19487188799,2,1315,19,0,0,0
82616.57864064383,TRANSFER,406365.0247157929,4,757,21,0,1,0
18164.392998437914,CASH_IN,289815.2851183067,1,1151,5,0,0,0
5138.865750125312,CASH_OUT,117880.75643178653,7,1534,11,0,0,0
57637.538154933085,TRANSFER,447340.587166334,5,548,19,0,0,0
29004.542129269917,CASH_OUT,22629.15693527573,2,1872,7,0,0,0
6507.611697722432,CASH_IN,100909.80409888145,1,299,19,0,0,0
34177.36140670751,CASH_OUT,376023.4639029305,2,1793,4,0,0,0
1749.6860721739542,CASH_OUT,354688.96515494457,4,45,20,0,0,0
120021.14436965119,TRANSFER,144635.846862239,1,1803,10,1,0,0
14972.888842034305,PAYMENT,31012.437676391557,3,1716,1,0,0,0
54312.78992824902,PAYMENT,429039.0361124719,8,1327,7,0,0,0
18677.329082881184,CASH_OUT,156848.8190349513,2,250,7,0,1,0
36705.54479546143,CASH_OUT,97856.7074641326,3,1956,7,0,0,0
39561.18989908988,PAYMENT,258030.91118048853,2,1633,16,1,0,0
10219.429975395287,CASH_IN,455113.5996412237,2,1334,6,0,0,0
174640.3566368113,PAYMENT,21773.288921687672,4,574,2,0,0,1
74612.26885690705,TRANSFER,382902.0440154439,9,592,0,0,0,0
140254.72096457912,CASH_IN,286236.6139693545,3,1844,4,1,0,0
112607.59987670984,TRANSFER,212724.55827590846,5,847,15,0,0,0
45552.72061916375,TRANSFER,372040.22205253004,3,1714,3,0,1,0
127471.76896347025,TRANSFER,482912.2122208162,1,1028,14,0,0,0
4632.7729476557815,TRANSFER,114603.10558134552,2,604,22,0,0,0
10906.734731563372,PAYMENT,71823.6825360598,2,1970,16,0,0,0
2314.0982843415977,TRANSFER,456440.8726113485,5,151,16,0,0,0
19676.604340154343,TRANSFER,334476.5387286518,5,1421,12,0,0,0
24606.51458971093,CASH_OUT,218993.010780983,2,568,23,0,0,0
15828.022160441285,CASH_OUT,286629.78513214155,2,1262,10,0,0,0
88227.8932620467,TRANSFER,372806.95258812205,6,1042,15,0,1,0
22061.349976493508,CASH_OUT,386515.9493528586,2,183,3,0,0,0
16490.14200671246,CASH_OUT,459947.0904094823,6,1328,14,0,0,0
39120.3541603873,PAYMENT,213421.39444781133,3,1278,11,0,0,0
7594.907391031443,PAYMENT,146705.4550096975,2,87,13,0,0,0
81024.17978873657,PAYMENT,319832.13339492097,3,792,12,0,0,0
3873.7934405654505,TRANSFER,207863.94963976517,2,269,8,0,0,0
216707.31697936598,CASH_IN,297299.22697448893,5,1553,14,0,0,0
73974.18881207558,CASH_IN,209992.89922797508,1,1316,15,0,0,0
11076.972025294297,PAYMENT,76497.89333908724,4,1020,9,0,0,0
276.87101879677374,PAYMENT,234713.37582947922,4,1284,4,0,0,0
84494.8388743063,TRANSFER,345458.9109705164,5,428,10,0,0,0
61354.795369352236,CASH_IN,399641.9038338249,4,1119,5,0,0,0
65283.145439399945,CASH_OUT,246663.1383982734,3,479,10,0,0,0
73760.72630217567,CASH_OUT,82618.94510520046,3,1262,1,0,0,0
3846.4632756898177,TRANSFER,207343.8548247158,2,511,18,1,0,0
22194.633620811623,CASH_OUT,393146.9644208491,1,460,22,0,0,0
6157.505230222483,CASH_IN,206429.6353085364,2,75,14,1,0,0
99426.47858291114,TRANSFER,348265.3968021112,5,1910,11,0,0,0
48815.05958561871,TRANSFER,253606.8408390449,4,1768,6,0,0,0
20090.94006256505,PAYMENT,120611.56255469835,2,1609,5,0,1,0
3283.4032902391446,TRANSFER,398075.2540115371,3,678,10,0,0,0
18624.417520517687,CASH_OUT,42106.727035343516,2,1124,3,0,0,0
19665.71065920657,PAYMENT,262445.1413775753,6,1832,13,0,0,0
65393.78919788704,PAYMENT,104445.51712170248,4,1680,9,0,0,0
50744.467946300996,TRANSFER,33532.81427068783,6,597,14,0,0,0
109112.59562007574,PAYMENT,251466.96854162443,3,161,3,0,0,0
31953.30666881549,CASH_OUT,249781.0779674618,0,410,12,0,0,0
6368.619680775095,CASH_OUT,353450.4508378604,2,322,7,0,0,0
62456.31721582997,CASH_OUT,372375.34652595245,5,887,23,0,0,0
71519.63765384321,TRANSFER,363895.7443464484,4,914,7,0,0,0
41194.37474429144,PAYMENT,204779.3664583775,2,1343,12,0,0,0
73694.49833606822,PAYMENT,315844.89361328125,1,1389,10,0,0,0
34040.736575513896,TRANSFER,288472.62132198014,4,1670,4,0,0,0
36983.941938863354,TRANSFER,210780.87805845978,6,1100,17,0,0,0
27890.709695421367,PAYMENT,298606.3470929966,8,59,17,0,1,0
1287.3886995056864,CASH_OUT,473623.9383531313,2,1683,1,0,0,0
5708.371759593292,CASH_OUT,96446.87184068868,1,1099,21,0,0,0
1596.6840646526912,CASH_IN,452886.04789276316,3,877,14,0,0,0
50586.47754637747,PAYMENT,26727.756991599184,2,1635,4,0,0,0
18869.835439754992,CASH_IN,154194.60645083032,4,1598,19,0,0,0
35521.85885670951,TRANSFER,144072.62430576413,2,1103,3,0,0,0
119063.27649229877,PAYMENT,313182.55394045287,6,1836,7,0,0,0
14336.941149164917,CASH_OUT,65612.47588864516,2,817,17,0,0,0
26414.09874413363,CASH_OUT,441173.80591987685,0,1513,20,0,0,0
70437.45737692917,TRANSFER,414275.70423252066,4,924,22,0,0,0
12990.2578458697,TRANSFER,326032.9098426389,3,117,14,0,0,0
4005.2139275088184,CASH_OUT,229206.9158960989,3,1093,11,0,0,0
17107.015194352854,CASH_OUT,466478.0210710392,1,573,6,0,0,0
8790.417925003143,CASH_OUT,415373.27736027795,5,518,15,0,0,0
132747.50429403124,PAYMENT,249657.57404062245,4,126,7,0,0,0
82544.35402422847,TRANSFER,350936.6772271556,2,653,13,0,0,0
50174.70952602655,CASH_OUT,283464.97608984227,4,779,18,0,0,0
102575.98652604065,CASH_OUT,293971.1191941323,4,553,17,0,0,0
81398.44703702781,CASH_OUT,165488.03471873564,2,300,7,0,0,0
10324.773817931953,PAYMENT,231042.3023124484,4,1240,15,1,0,0
111540.67026177805,CASH_OUT,39060.7153948721,3,729,8,0,0,0
38754.995098308595,PAYMENT,178674.34583229624,3,613,0,0,0,0
82367.4145651783,CASH_OUT,347914.25768107595,1,1825,7,0,0,0
113212.13246431157,CASH_OUT,476608.01525309315,4,56,6,0,0,0
19136.535820915924,CASH_IN,481532.05638151016,3,1154,7,0,0,0
5829.608006192541,PAYMENT,277861.43456244585,2,1495,12,0,0,0
12934.337306969068,CASH_OUT,303311.12590479106,3,722,2,0,0,0
27852.884637430718,PAYMENT,92860.59275048375,3,1003,1,0,0,0
85191.48633194725,TRANSFER,347654.0540467654,2,1048,12,0,0,0
98567.24859399167,PAYMENT,35329.39633719312,4,580,3,0,1,0
348.82045908253235,PAYMENT,142342.84289972228,0,1452,22,0,0,0
35743.80796692779,PAYMENT,334181.6736427211,1,304,1,1,0,0
27013.666045933565,CASH_IN,155155.06577174464,4,658,22,0,1,0
12558.366913791224,CASH_OUT,24923.437057227162,2,43,6,1,0,0
6384.019577282341,PAYMENT,415935.2046754819,5,1380,8,0,0,0
20595.428993121623,TRANSFER,155165.00356728153,3,1955,18,0,0,0
143156.0561345575,CASH_OUT,31552.61242933921,6,1983,8,0,0,0
19519.19014407372,CASH_OUT,37394.08225143259,3,757,22,0,0,0
36572.6402880076,CASH_OUT,125879.39939437681,3,1690,10,0,0,0
60704.348844042746,PAYMENT,89007.97361076312,3,822,12,0,0,0
22598.724948348117,TRANSFER,387150.0588900754,2,1478,7,1,1,0
178389.90691458498,TRANSFER,160842.02333351722,3,1654,13,0,0,0
164100.4932270699,CASH_OUT,402347.89251991623,1,1871,18,0,0,0
14503.064749610265,TRANSFER,86922.9989115764,5,140,4,0,0,0
34382.963923192365,CASH_IN,246439.5897720419,2,1644,15,0,0,0
17896.523003952338,TRANSFER,344018.5667765644,0,1735,6,0,0,0
16762.483819054087,PAYMENT,325995.42693292745,9,352,23,1,0,0
1879.2238882761267,PAYMENT,300564.7049651344,3,897,13,0,0,0
47024.60354912966,PAYMENT,462410.8009655849,5,1503,21,0,1,0
34925.98164148192,TRANSFER,114262.57385337219,1,1587,21,0,0,0
2642.554369019624,CASH_IN,246859.60223105268,4,1721,4,0,0,0
16331.296050518467,TRANSFER,441996.2750362044,4,1917,19,0,0,0
119443.04755446702,CASH_IN,38946.88279757852,3,900,15,0,0,0
13693.027607103853,CASH_OUT,27944.13412653762,4,246,6,0,0,0
7826.543049273488,CASH_OUT,116651.1437791457,2,542,20,0,0,0
33613.60547368181,CASH_OUT,316510.6097690092,3,1993,15,0,0,0
212201.84913076297,PAYMENT,129939.81322490344,5,436,23,0,0,0
13857.24067798631,TRANSFER,95119.94190439949,2,1826,11,0,0,0
55757.75051486467,CASH_OUT,229401.15767914604,3,1677,15,0,0,0
71694.38131197315,CASH_OUT,306799.03438470577,2,640,16,0,0,0
13566.65861679029,CASH_IN,124278.8535083702,4,1128,7,0,0,0
65137.44642461581,PAYMENT,150345.59336187103,1,1708,11,0,0,0
22926.1399632152,TRANSFER,306779.65240575693,1,482,4,0,0,0
50025.187386588565,PAYMENT,472869.21099472634,3,771,3,0,1,0
50191.89135688191,TRANSFER,337370.86371904414,2,929,21,0,0,0
38369.26249761744,TRANSFER,391452.07179227995,3,969,22,0,0,0
4731.457940581048,CASH_IN,183405.0473777344,5,615,18,0,0,0
90182.23971231485,CASH_OUT,136127.17969223304,2,998,11,0,1,0
19340.51468336983,TRANSFER,227133.87160131126,1,1086,3,0,1,0
10321.605330377826,TRANSFER,403566.41435583687,4,1241,6,1,0,0
2081.48798971726,TRANSFER,228149.82089527792,3,1671,6,0,0,0
44688.92022972917,TRANSFER,423362.7043949305,6,1611,18,0,0,0
56592.58671336744,TRANSFER,494385.9903475635,3,1047,2,0,0,0
836.347377923531,CASH_OUT,36013.332865168166,4,824,23,0,0,0
35881.52922747442,TRANSFER,22705.078041851844,1,1928,23,0,0,0
12841.207352747882,CASH_OUT,74794.85145668092,6,57,18,0,0,0
51806.2170773846,CASH_OUT,192184.8378671731,4,459,22,0,0,0
9580.211126956689,CASH_OUT,65521.104572716205,4,136,18,0,0,0
58710.626378385954,PAYMENT,435332.238809378,4,1087,12,1,1,0
24447.93504905509,TRANSFER,11573.1255135319,4,1466,13,0,0,0
138017.19089021537,PAYMENT,157896.35816791127,1,637,17,0,0,0
7397.220671963947,PAYMENT,92347.31474710268,2,156,6,1,0,0
20856.621699758587,PAYMENT,465769.6650787662,5,1622,12,0,0,0
6022.214251849821,TRANSFER,334740.50244501396,2,665,23,0,0,0
129309.51985753619,TRANSFER,456015.12822568725,5,1203,13,1,0,0
104916.6853580497,TRANSFER,486164.3551551967,2,792,16,0,0,0
14916.368503074445,PAYMENT,248549.1218386846,0,940,14,0,0,0
53938.136952195724,TRANSFER,117159.55402401312,3,568,8,0,0,0
84974.20363196106,PAYMENT,96864.39309829465,4,743,1,0,0,0
40506.6180343254,CASH_IN,111459.43084292026,1,152,2,0,0,0
37713.970509697305,CASH_OUT,354296.65381100145,1,118,7,1,0,0
13843.852271895157,CASH_OUT,20222.864061500368,4,601,17,1,0,0
4886.3070237470365,PAYMENT,25680.53651635743,3,1384,22,0,0,0
113756.16125972614,TRANSFER,304071.471191575,3,101,10,0,0,0
115338.72138242134,CASH_OUT,321028.57336870325,3,1970,23,0,0,0
50133.495974144236,CASH_IN,332631.46216123004,2,485,9,0,0,0
20702.325490566196,CASH_OUT,185940.2522942956,2,322,20,0,0,0
21478.380790582196,CASH_IN,402972.4443570766,3,1973,10,0,0,0
64723.2714863559,PAYMENT,266812.2938633088,2,651,2,1,0,1
113704.86745536262,PAYMENT,52732.81500470972,4,1179,11,0,0,0
109056.62846983067,CASH_OUT,398549.6535336726,2,589,8,1,0,0
75678.10959654517,CASH_OUT,476533.8931352291,3,1972,11,0,0,0
51365.53467838525,TRANSFER,30018.15650117934,1,1305,13,0,0,0
4394.586309804203,CASH_OUT,195675.66935028997,4,1042,12,0,1,0
8814.710734170574,TRANSFER,243758.0224173738,2,501,7,0,0,0
114411.52500887528,TRANSFER,73235.38003915847,4,298,2,0,0,0
46624.69734827948,CASH_OUT,433854.47389143857,3,1939,23,0,0,0
461.9802805497205,CASH_OUT,142074.822445022,4,1284,18,0,0,0
5349.8450717974665,PAYMENT,391504.26996908005,5,344,5,0,0,0
54458.11936451205,CASH_OUT,335497.241014158,5,930,15,0,0,0
253.72185258985013,CASH_OUT,299022.9112335117,3,556,13,0,0,0
8765.790805209952,PAYMENT,96071.4243482772,2,1589,0,0,0,0
39784.89230694658,CASH_IN,110351.76027545285,2,872,19,0,0,0
58865.76433274063,TRANSFER,23674.202373284657,1,981,7,0,0,0
52772.07410676243,CASH_OUT,120356.21489113319,3,1006,5,0,0,0
12697.493365401224,TRANSFER,172721.80473025705,3,805,4,0,0,0
62270.86444492694,CASH_IN,416572.6519312127,1,1671,21,0,1,0
13541.187952640295,PAYMENT,183196.33335740265,0,1525,6,0,0,0
19681.745445904224,PAYMENT,377310.8913828032,2,1684,0,0,1,1
68617.87758328953,TRANSFER,219721.14064774377,1,1923,12,0,0,0
52438.6907151384,TRANSFER,392434.1559969442,5,1016,15,0,0,0
94597.80387317005,CASH_OUT,488135.80021851993,4,1223,18,1,0,0
53590.66440848812,PAYMENT,119920.77902879006,3,1168,11,1,1,1
42002.21527936287,PAYMENT,431170.8059819381,6,676,13,0,0,0
4917.853072420524,CASH_IN,310912.0431528873,5,1048,14,0,0,0
22920.815360351,CASH_OUT,408647.1307943274,3,401,11,1,0,0
15408.007392941558,CASH_OUT,325792.9511339026,6,181,16,0,0,0
13985.010183121063,TRANSFER,211974.75363707507,4,1336,8,0,0,0
180615.4703081463,PAYMENT,114037.46972089518,1,1538,3,0,0,1
24969.37485200119,PAYMENT,35017.61266558251,5,668,17,0,0,0
111302.76056242613,CASH_OUT,267759.1822303585,8,394,11,1,0,0
49866.719286824155,CASH_OUT,495163.0472634328,2,544,10,0,0,0
79191.26263442,TRANSFER,369020.9025071031,2,589,20,0,0,0
34921.76621943852,TRANSFER,163672.7706995083,4,1795,1,0,0,0
43007.79513207925,CASH_IN,413602.40004336764,4,1971,22,0,0,0
33914.67166708467,TRANSFER,384492.0000882033,1,965,19,0,1,0
10860.744766261925,PAYMENT,140817.8966767284,0,1357,20,0,0,0
64088.09015329019,TRANSFER,7153.744897117343,3,206,13,0,0,0
16478.868418313148,PAYMENT,59081.319266974795,2,1338,11,0,0,0
1230.8240540344307,TRANSFER,438653.0951560288,6,743,1,0,0,0
51848.439314763695,PAYMENT,418281.51765243587,2,46,10,0,1,0
9746.678511241134,CASH_OUT,147604.50043918123,2,1799,4,0,1,0
141054.15736366514,TRANSFER,142597.7131422102,3,548,13,0,0,0
153878.12063940117,CASH_OUT,396432.49355123553,4,200,14,1,0,1
123175.49423169208,TRANSFER,468868.73494771105,4,1344,19,0,0,0
23114.369824868336,TRANSFER,389568.6283988,1,1733,2,0,0,0
778.8657685972191,CASH_OUT,302789.33851538075,2,1760,16,0,1,0
131776.17286659448,CASH_IN,121335.67516590227,8,1258,5,0,1,0
27946.913852653066,CASH_OUT,262873.95704763033,3,163,6,0,0,0
170042.1008061028,PAYMENT,116755.92929663231,3,1518,12,1,0,1
165686.77380651026,CASH_IN,404005.7100483868,3,1823,0,0,0,1
95869.35085897095,CASH_OUT,193480.53975886863,2,580,12,0,0,0
17438.803408608015,PAYMENT,416848.6084970131,2,921,5,0,0,0
24314.59660493468,CASH_OUT,190804.60899136265,2,1667,16,0,1,0
95236.33262390399,CASH_OUT,412074.70259994565,1,574,5,0,0,0
19057.311571535854,TRANSFER,166658.90758262097,5,1415,3,0,0,0
9285.93081478774,CASH_IN,220066.35230883493,6,180,5,0,0,0
40686.84960301139,CASH_OUT,307744.2096713288,3,1937,0,0,0,0
137564.6735403521,TRANSFER,35143.80701495934,6,62,0,0,0,0
59541.27988789686,TRANSFER,474103.5309077322,2,1142,18,0,1,0
42205.61682178278,CASH_IN,286802.8930619016,3,1643,21,0,0,0
5111.4098674661445,CASH_OUT,253910.00734540116,2,1536,18,0,0,0
47726.53577588589,PAYMENT,419696.98555995605,3,571,12,0,1,0
230528.48739231587,PAYMENT,432881.3649484138,5,806,6,0,0,1
7546.029332113208,PAYMENT,261130.202264508,3,1915,10,0,0,0
36524.76624907518,CASH_IN,463631.16289681866,3,1179,19,0,0,0
104930.43189503973,PAYMENT,32368.883038240314,3,1124,11,0,0,0
67501.7124176835,CASH_OUT,56612.89612560877,5,91,8,0,0,0
59703.72126508365,TRANSFER,298394.11500722007,4,1765,12,0,0,0
60614.3778112245,TRANSFER,177032.93089679183,3,1380,6,1,0,0
22274.617115747456,TRANSFER,232112.58309459942,1,775,19,1,0,0
17378.10421335476,TRANSFER,164039.60894858328,4,760,4,0,0,0
82868.72536298561,TRANSFER,202362.6557224678,1,1206,15,1,0,0
83066.40995435145,TRANSFER,411323.1735731497,7,1228,19,1,0,0
100897.50236839574,CASH_IN,296738.09992715233,5,1360,17,0,0,0
122230.79809183182,CASH_OUT,498672.2746417491,4,1013,11,0,0,0
35804.661846645184,CASH_IN,393439.5989104815,7,1849,23,0,0,0
34809.218877559964,TRANSFER,136833.12705091332,4,383,21,0,0,0
80047.49661542437,PAYMENT,132172.55886334812,7,1425,0,0,0,0
52485.95374439001,PAYMENT,167949.13505850357,4,1255,7,0,0,0
60527.532425575846,TRANSFER,421629.7403238714,3,666,3,0,0,0
79430.97374771025,TRANSFER,13643.8253252828,1,961,16,0,0,0
110366.17381733835,TRANSFER,115090.63943562887,3,1004,2,0,0,0
20624.12035688271,TRANSFER,452459.21017213346,1,1754,21,0,0,0
23546.839436377817,CASH_IN,319948.218041626,4,1411,17,0,0,0
4934.801959368028,PAYMENT,113423.5477505282,3,1888,7,0,0,0
43170.70133047173,CASH_OUT,109572.48411629017,3,1769,20,0,0,0
1830.20521054285,CASH_OUT,431309.05087971524,3,1982,20,1,0,0
31330.34740910548,TRANSFER,446878.75413852325,2,1243,0,0,0,0
39114.7292843563,CASH_OUT,128065.54548105763,4,695,8,0,0,0
16881.533015726123,PAYMENT,210255.17903826613,6,989,1,0,0,0
44681.62650730876,CASH_OUT,417297.86931415857,1,533,9,0,0,0
1548.7531050737273,TRANSFER,385503.7193049427,6,1798,13,0,0,0
1903.1749641394692,CASH_OUT,406958.0532830422,7,1286,0,1,0,0
86467.5684769068,TRANSFER,259199.0953939844,2,1315,9,0,0,0
22329.251210387236,PAYMENT,455774.5241525866,3,1120,7,0,0,0
6794.4520648714,TRANSFER,162975.77197721764,1,1272,2,0,0,0
36932.679413950784,CASH_IN,78336.06717375902,2,1030,12,0,0,0
73482.39702228676,CASH_IN,354366.1662824324,2,1835,2,0,0,0
12155.900171495168,TRANSFER,269677.2080034482,3,1678,6,0,0,0
48760.98093282464,CASH_OUT,427292.88440474053,3,974,22,0,0,0
4460.551449494865,PAYMENT,40579.62456235747,4,847,22,0,0,0
2653.25479551547,CASH_IN,421846.2017190334,0,104,10,0,0,0
37895.447031276046,PAYMENT,146647.3266044111,2,1809,13,0,0,0
38895.52213473711,CASH_OUT,327427.8335840915,3,1296,6,0,0,0
50726.8724102308,CASH_IN,20064.394539127894,4,1710,18,1,0,0
64748.028145834214,CASH_OUT,304790.6481518003,1,724,14,0,0,0
186177.85043499965,PAYMENT,358635.844593668,1,217,7,0,0,1
36314.55596151781,CASH_IN,184375.10725281015,3,203,0,0,0,0
19500.98570529894,CASH_OUT,107705.35263107011,3,988,2,0,0,0
79282.69898663432,CASH_IN,268815.3383017725,3,461,7,0,0,0
15792.573271806865,TRANSFER,416595.40221782326,4,1115,12,0,1,0
28899.171563665066,CASH_IN,161773.6791483254,2,1809,17,0,0,0
4085.258429183495,CASH_OUT,126234.64876063977,4,1197,6,0,0,0
1283.880477073719,CASH_IN,139467.65431884382,5,409,19,0,0,0
164368.9961634301,CASH_OUT,474566.0764583322,5,264,5,0,1,1
90388.38210575313,PAYMENT,179638.45788227982,5,1502,7,0,0,0
59532.13663996708,TRANSFER,1802.1199441435876,1,845,3,0,0,0
26292.982223257095,TRANSFER,390840.60397980985,1,595,22,1,0,0
9515.326807105437,CASH_OUT,349637.39766769507,1,475,13,0,0,0
8506.037078642707,PAYMENT,64284.132301484446,5,1443,18,0,0,0
14400.29945632918,CASH_OUT,492452.12456745625,5,190,8,0,0,0
39839.53241566573,TRANSFER,304031.1426525556,5,228,12,0,0,0
62692.46438883879,CASH_OUT,250389.74547030075,1,1381,11,0,0,0
53969.517484839926,CASH_IN,191109.63381144553,2,658,1,0,1,0
16420.613069449795,CASH_OUT,449336.37778181897,3,967,5,0,0,0
154905.17492781533,CASH_OUT,121981.74070928164,3,1176,20,0,1,1
66950.87024376132,CASH_OUT,142884.45010995094,3,1595,19,0,0,0
40411.524096566565,TRANSFER,61205.40334328345,3,548,17,1,0,0
47301.523601871755,CASH_OUT,379559.54779213003,1,965,8,0,1,0
27201.89327660257,TRANSFER,297774.64020292665,2,346,14,0,0,0
14233.064613703174,CASH_IN,304533.08462724916,1,1546,20,0,0,0
22000.70646615562,PAYMENT,109235.2155097318,3,171,0,1,0,1
70909.09238783566,TRANSFER,325584.1945635419,6,1242,20,0,0,0
724.9039860402138,CASH_OUT,382729.223623432,4,349,6,0,0,0
6169.019611998802,PAYMENT,178944.26536284463,5,596,2,1,0,0
2354.718847626026,CASH_OUT,400673.5719808561,3,864,22,0,0,0
2079.0725958646212,PAYMENT,174395.29426601046,1,1143,21,0,0,0
96710.15168078293,CASH_OUT,379069.23075464385,2,1481,6,0,0,0
60812.030585034416,TRANSFER,16865.053728859493,5,855,12,0,0,0
32139.22972064462,TRANSFER,275582.3007368263,7,1215,8,0,0,0
5147.845922390663,CASH_IN,484763.2803199433,5,1565,1,1,0,0
33825.89828986166,CASH_OUT,490622.30034119537,3,635,11,0,0,0
32072.51660471856,TRANSFER,140876.2891708703,4,1308,1,1,0,0
9509.73564001125,CASH_OUT,220699.54554017773,2,1531,12,0,0,0
28444.95656511619,PAYMENT,31488.953993316525,3,1494,0,0,0,0
25416.830729160345,CASH_IN,436670.6538022999,4,698,17,0,0,0
47836.12164565673,TRANSFER,284286.0765701071,1,1218,2,0,0,0
50405.7268020456,TRANSFER,192550.3394702585,4,1801,6,0,0,0
2318.1162010267367,CASH_IN,56385.27924457654,4,374,2,1,1,1
23469.200232753075,TRANSFER,473383.6427484446,1,97,14,0,0,0
49156.24973913642,TRANSFER,265109.52391049685,0,1883,11,0,0,0
34971.972630389486,TRANSFER,141463.96454145195,2,280,10,0,0,0
97067.47265877193,PAYMENT,175107.56506575475,3,1054,12,0,0,0
53748.73820274989,CASH_OUT,135348.59046107385,4,1765,23,0,0,0
8892.643438365367,PAYMENT,300904.9044284903,3,1682,2,0,1,0
3659.1218128120418,TRANSFER,464981.787890255,3,1489,17,0,0,0
51419.70735544455,CASH_OUT,428346.9016632822,2,1622,14,1,0,0
1343.4536333697215,PAYMENT,230190.43771298876,3,1878,9,0,0,0
44067.36889036453,TRANSFER,413249.6811505039,4,351,19,0,0,0
140862.7727693576,CASH_OUT,211552.74063816492,6,878,3,0,0,0
42839.12227887722,PAYMENT,126153.57037931902,3,1030,4,0,0,0
24565.034611195362,CASH_IN,491707.55763321393,5,1370,11,0,0,0
51541.35789224909,CASH_IN,151943.7839854109,3,1048,20,0,0,0
30647.798702554563,CASH_IN,161862.11549345418,3,1873,18,0,0,0
39440.71802881601,CASH_IN,494846.4338932611,2,1416,15,0,0,0
141906.35731164995,CASH_OUT,66963.74658282744,3,1614,16,0,0,0
24396.376367509358,TRANSFER,380266.99400484754,2,564,7,0,0,0
162454.5930753377,PAYMENT,467906.37924136326,2,754,1,0,0,1
117878.80918849596,TRANSFER,255897.49713770932,5,762,15,0,0,0
10894.8130470225,PAYMENT,1260.8808514100178,4,354,14,0,0,0
3594.207765157851,PAYMENT,187529.47205655312,0,1917,10,0,0,0
5311.26677408151,TRANSFER,55784.49619241355,2,1053,4,0,0,0
919.4943923616852,CASH_IN,208093.83046684787,4,178,1,1,0,0
4960.250582787707,TRANSFER,395013.38082114235,5,1751,21,1,0,0
57443.743628858356,TRANSFER,219355.77444190026,2,1318,6,0,0,0
3692.481347321351,CASH_IN,215962.56067296126,2,228,6,0,0,0
19207.859414743423,TRANSFER,278394.7384594233,4,1135,0,0,0,0
93176.30200486386,CASH_OUT,290845.2923738401,3,108,16,0,0,0
1177.3501590355754,TRANSFER,428148.1543994857,4,758,23,0,0,0
84226.52530929793,PAYMENT,154177.71961447573,2,205,15,0,0,0
16554.173341981474,PAYMENT,410835.63218400796,4,365,16,0,0,0
6287.505991455382,PAYMENT,282966.87434602366,2,753,10,0,0,0
59657.77042199567,PAYMENT,150264.77485857348,0,522,13,0,0,0
49569.958821661014,CASH_OUT,147563.02200303855,3,66,12,0,0,0
104970.79070434734,CASH_IN,180568.75855286224,3,144,2,0,0,0
66414.67893822002,CASH_IN,311346.62130998774,5,1058,19,0,0,0
81349.79029969891,CASH_OUT,115405.86567997457,6,958,7,0,0,0
16566.69311533693,CASH_OUT,460166.7808361337,2,478,11,0,0,0
9766.66480202235,CASH_IN,287456.29208895017,10,781,10,0,0,0
69437.81980027125,CASH_IN,460007.8884980034,3,910,11,0,0,0
82210.45916217098,CASH_IN,23202.17928957735,1,36,14,0,0,0
232850.24450701152,CASH_IN,171305.68523073668,5,1351,20,0,0,1
26603.96770763025,TRANSFER,11403.830343811538,3,1369,3,0,0,0
23262.195598086637,PAYMENT,136125.9075489849,2,1441,9,0,0,0
74897.72516717935,TRANSFER,431003.2361342941,2,1825,15,0,0,0
20836.683546537657,CASH_OUT,18304.857921100425,6,1290,8,0,0,0
133506.89621996632,PAYMENT,218073.54995787243,1,362,16,0,0,0
97741.95785831245,TRANSFER,58783.53523661389,2,1664,21,0,1,0
28017.780472107985,PAYMENT,208420.32963018387,5,904,12,0,0,0
69489.23582477306,TRANSFER,419425.7921321887,2,1967,7,0,1,0
70231.64934275085,TRANSFER,311535.51670125953,4,1169,22,0,0,0
5441.875940335901,CASH_OUT,368378.1726657116,3,666,7,0,1,0
116422.2840433816,CASH_OUT,174552.0577247905,3,975,2,0,0,0
35185.37448783772,CASH_OUT,472198.84750507073,3,1675,20,0,0,0
87566.6278761665,CASH_OUT,354631.04688975005,1,744,12,0,0,0
19286.771308225416,CASH_IN,210899.40964226544,1,1834,16,1,0,0
112939.5257272963,CASH_OUT,213232.40011352746,4,316,15,0,0,0
24649.42270300856,CASH_OUT,459342.0889716488,4,516,23,0,0,0
544.8403307587739,TRANSFER,288202.3467176959,2,327,1,0,0,0
117895.36484812268,PAYMENT,353189.60495152086,4,1635,9,0,0,0
4786.280527423763,CASH_OUT,208517.6122565854,2,1027,2,1,0,0
19232.681669251946,PAYMENT,111846.38238235706,2,911,1,0,0,0
149848.6191594143,PAYMENT,361779.6459972093,3,168,0,0,0,0
150397.47700519947,CASH_OUT,303911.8860706939,3,1202,1,1,0,1
42599.86455276319,CASH_OUT,250671.4402123897,2,695,1,0,0,0
49961.50401952623,CASH_IN,312010.4699972319,2,44,5,0,1,0
29750.73318114288,PAYMENT,104142.79303211682,2,1461,13,0,0,0
17351.13893730985,PAYMENT,396969.35326597816,1,473,19,0,1,0
19924.316727519486,CASH_OUT,474081.4025101529,2,1391,9,0,0,0
55816.17899642531,TRANSFER,445551.5720838514,3,1509,19,0,0,0
69791.89368315386,TRANSFER,160717.87265350856,1,134,0,1,0,0
78409.77081105743,CASH_OUT,203002.88664103794,3,1984,12,0,0,0
77941.55159243708,TRANSFER,404201.14989878057,1,825,15,1,0,0
4781.847327015972,PAYMENT,297558.5654123019,1,698,1,0,0,0
34102.4798286678,TRANSFER,273957.2218383246,3,268,13,0,0,0
2964.08532243689,PAYMENT,463320.9837667226,4,849,18,0,0,0
39873.06578476965,PAYMENT,268012.4804885254,7,651,11,0,0,0
29127.763749364178,TRANSFER,257469.33979365494,2,219,15,0,0,0
109330.93321104006,PAYMENT,21009.295633179827,3,1621,8,0,0,0
21609.580973394255,CASH_OUT,34708.47929506882,2,287,10,0,0,0
6225.298877622543,PAYMENT,3710.1539403250895,4,1135,20,0,1,0
7715.382727105968,CASH_OUT,456622.1128918168,1,222,11,0,0,0
71671.52735395469,CASH_OUT,204193.33000885032,3,1372,3,0,0,0
48145.28398740175,PAYMENT,234280.68806670627,6,601,18,1,0,0
5330.4356122692725,TRANSFER,422693.47379623103,1,1418,9,0,0,0
4392.776083430254,CASH_IN,304623.15518788894,4,1930,14,0,0,0
60360.423582654985,TRANSFER,304750.79819529055,3,427,16,0,0,0
3777.304476289857,CASH_OUT,148267.2146774062,3,825,11,1,1,0
86259.29269042907,TRANSFER,416954.1869622596,2,73,0,1,0,0
61249.98765650025,TRANSFER,82914.98801974689,3,918,15,0,0,0
4242.437529015603,TRANSFER,26574.79608647395,4,1497,7,0,1,0
4432.693388890335,PAYMENT,95801.67875926616,1,1458,18,0,0,0
215772.9281029046,PAYMENT,133868.60938728234,3,497,8,0,0,1
23441.87912761448,CASH_IN,141155.52892710335,4,319,23,0,0,0
23152.763023765623,CASH_IN,335256.7993093838,4,511,10,0,0,0
83778.77016413385,CASH_OUT,108912.29366432175,3,1419,16,0,0,0
147108.2268981622,PAYMENT,338329.1522474923,2,1491,21,0,0,0
213438.6969800992,TRANSFER,45566.08661689987,4,196,8,1,0,0
69994.96150581709,PAYMENT,73601.23054895451,6,289,19,0,0,0
23601.049980956283,TRANSFER,254410.7242454975,3,776,10,0,0,0
4359.699684897863,CASH_IN,460947.9012883213,7,185,8,0,0,0
75062.12702273128,PAYMENT,429783.794405557,3,1860,1,0,0,0
40868.020378074645,CASH_IN,484376.7212214016,2,734,8,0,0,0
27601.656265248686,PAYMENT,325239.53263908543,2,202,10,0,0,0
118411.88377390453,CASH_IN,337907.433208046,5,869,0,0,0,0
5894.010398594012,PAYMENT,312511.49946574605,4,346,19,1,0,0
33925.255468647716,TRANSFER,311409.4614290986,1,345,4,0,0,0
570.9294716270834,CASH_OUT,73560.17253379233,3,429,17,0,0,0
31617.71847914631,TRANSFER,271869.4780819643,1,1616,21,0,0,0
2897.521553296289,CASH_OUT,193033.96672586288,5,141,7,0,0,0
6324.549796558561,TRANSFER,221268.60788864671,4,586,17,0,0,0
6251.311600372814,TRANSFER,261800.28652961866,0,1852,8,0,0,0
52378.41932034858,TRANSFER,64198.0859011258,2,676,1,0,0,0
68529.88587982363,CASH_IN,179743.8669260599,2,1360,16,0,0,0
43777.688860143426,CASH_IN,31724.78043830179,3,1442,10,0,0,0
163736.01045511884,CASH_OUT,489834.0652111995,6,1247,13,0,0,0
23489.828896013358,TRANSFER,59264.01441006307,3,838,5,0,0,0
16823.457871027935,TRANSFER,129262.36927247726,3,1549,4,0,0,0
101475.12690851148,TRANSFER,445646.4633516986,3,1682,11,0,0,0
12654.10338659267,PAYMENT,241355.02311957092,3,1633,11,0,0,0
165143.50531259555,TRANSFER,67818.60076031515,2,807,9,0,0,1
611.4472179484654,TRANSFER,192115.26901967445,1,1664,2,1,0,1
175126.34614397408,CASH_IN,57933.99709569291,1,862,18,0,0,0
2205.9499309250946,PAYMENT,100107.99854225089,2,1028,23,0,0,0
110886.06145800043,CASH_OUT,26014.923474922514,1,1312,19,0,0,0
37507.162517469515,PAYMENT,219113.74727454997,4,1480,16,0,0,0
247841.43039630164,TRANSFER,403318.0608626299,5,970,14,0,0,1
3833.0687977227467,CASH_OUT,292984.58934994775,5,439,3,0,0,0
40355.48318666744,CASH_OUT,303172.6527423059,2,1134,5,0,0,0
174178.76106280024,TRANSFER,100292.01504162016,4,535,1,0,0,1
37022.1966590522,TRANSFER,171946.92162618323,2,1351,11,0,0,0
49631.41451905937,CASH_OUT,422621.051920416,4,1637,15,0,0,0
59495.06190583871,PAYMENT,43928.09216325727,4,59,6,0,0,0
30306.387783847546,PAYMENT,428965.32683426683,7,869,16,0,1,0
49383.7086504011,CASH_OUT,241845.0131323928,2,250,13,0,0,0
43891.29309028778,CASH_OUT,418573.7156625586,2,400,8,1,0,0
115711.63847413237,PAYMENT,159003.20969720016,9,1303,12,0,0,0
2325.573087174049,CASH_OUT,169421.4757915104,4,1808,17,0,0,0
16492.13629493792,CASH_IN,375802.4341615714,5,53,11,0,0,0
150199.80029304657,PAYMENT,392498.0866961101,1,358,12,0,0,0
110483.7914226743,TRANSFER,114822.33899507338,0,1393,15,0,0,0
30408.763097981002,CASH_OUT,486435.6624109528,4,1937,16,1,0,0
48396.651436948865,CASH_OUT,42245.052122414476,3,1481,19,0,0,0
16243.670994756507,CASH_OUT,34251.481551065444,1,1962,20,0,0,0
10420.208071803225,CASH_OUT,297752.10764305136,6,834,23,0,0,0
31152.929940204936,PAYMENT,361370.38388581073,1,1328,10,0,0,0
21797.67673083667,CASH_OUT,480443.0646124869,0,290,4,0,0,0
43812.18530033215,TRANSFER,202472.8903994308,1,1985,14,0,0,0
4046.1142216592393,TRANSFER,12645.704494816557,1,757,0,0,0,0
183248.00612612837,CASH_OUT,301448.16972320346,6,530,16,0,0,0
214193.27877762693,CASH_OUT,144848.01029938593,3,593,17,0,0,0
59893.19409563947,CASH_OUT,216473.56059770111,2,959,8,0,0,0
38403.92172060449,CASH_OUT,244234.74112496764,7,1420,16,0,0,0
18518.965077718,PAYMENT,32256.305369016914,4,1189,2,0,0,0
84045.35837439983,TRANSFER,242990.89228205138,2,1291,7,0,1,0
57716.47918244078,PAYMENT,213159.83340215738,2,1057,10,0,0,0
8873.68270502442,TRANSFER,356272.1326432966,3,1801,16,0,0,0
120915.05459995638,TRANSFER,322832.9556061723,1,387,15,0,0,0
86449.72556836357,TRANSFER,92607.85907528052,1,741,19,0,0,0
149586.9262516718,PAYMENT,103069.45910519849,2,102,23,0,0,0
64680.20020980672,CASH_OUT,125503.08938718663,3,1094,13,0,0,0
47520.20097956864,CASH_OUT,89475.22014858866,3,525,21,0,0,0
27085.125329655668,TRANSFER,328606.5998342336,6,454,21,0,0,0
134950.91807735592,TRANSFER,497215.0896001353,8,1812,16,0,0,0
100519.61900234601,TRANSFER,326054.1702579683,2,1596,6,0,0,0
2313.646932656139,PAYMENT,303340.7730956456,2,124,10,0,0,0
1336.0408433255682,TRANSFER,204963.96667553624,2,89,16,0,0,0
23617.38807916314,PAYMENT,156290.12942988036,1,1488,12,0,0,0
83182.38614980431,TRANSFER,455536.87845323957,3,1861,18,0,0,0
218213.77341100838,PAYMENT,484500.9370710765,1,1508,16,0,0,0
8150.475496723984,PAYMENT,248388.0877938639,4,54,10,1,0,0
45086.20651078679,TRANSFER,145100.24775327873,4,1002,23,1,0,0
23973.684987904806,PAYMENT,385061.10383488383,4,738,3,1,0,1
175185.42771879814,CASH_IN,66228.39543343922,2,858,15,0,0,1
92295.66037168173,TRANSFER,382794.1188218408,1,943,20,1,0,0
91109.50232349287,TRANSFER,409474.1871556694,2,868,0,0,0,0
31620.778556988676,PAYMENT,62451.97231358368,2,1987,12,0,0,0
26791.74681636745,TRANSFER,488430.7343982819,5,1629,16,0,0,0
15969.444607503061,CASH_OUT,492756.1451942392,3,1491,14,1,1,1
2901.348192241811,CASH_IN,468359.7396636756,2,391,9,0,0,0
100021.30700016551,CASH_OUT,248017.40470313217,6,1388,0,0,0,0
83805.87196249615,PAYMENT,123037.07113841422,4,1230,14,0,0,0
408622.27989090414,PAYMENT,291004.64044095646,4,842,10,0,0,0
284743.6700372167,CASH_IN,209966.91923571785,2,1755,12,0,0,0
40532.5796320697,CASH_OUT,102974.32235859854,1,1022,2,0,0,0
73264.15451031303,TRANSFER,211838.2048089238,2,1105,21,0,0,0
144808.5841437218,TRANSFER,331944.9178387953,5,1084,20,0,0,0
94738.60073546229,TRANSFER,35456.655392995526,3,213,15,0,0,0
14207.622229057326,CASH_OUT,166709.00072300827,4,146,13,0,0,0
29941.341369993224,TRANSFER,8897.445006412596,1,1126,10,1,0,0
6914.817215654432,TRANSFER,374747.75273083785,4,1200,9,0,0,0
154011.18932208544,CASH_OUT,320345.6338083504,5,153,12,0,0,0
46592.385129430906,PAYMENT,31336.067350982932,3,1891,6,0,0,0
12980.186270924185,PAYMENT,482368.7798009839,1,1747,16,1,0,0
55691.47695866251,PAYMENT,11310.778563550339,3,1665,23,0,0,0
48133.521737153584,CASH_IN,294980.3232380443,2,1021,15,0,0,0
22171.023114855303,TRANSFER,388183.7308995279,5,1977,4,1,0,1
6026.9560699234635,CASH_IN,393948.1565223615,3,1496,5,0,0,0
55672.06417595511,CASH_IN,17142.567796601892,2,859,1,0,0,0
36730.521209301885,CASH_OUT,453207.56632021966,3,207,2,0,0,0
73990.35404802575,CASH_OUT,459225.8359635611,1,707,20,0,0,0
36715.49302117575,TRANSFER,280695.18657718634,1,1063,9,1,0,1
95588.5055654242,TRANSFER,241041.59944357307,4,1216,23,0,0,0
40137.70595107438,TRANSFER,22433.731531299905,5,1611,15,0,0,0
41155.72904900736,TRANSFER,280977.0712549343,1,821,0,0,0,0
104637.93216148858,PAYMENT,204689.54088511536,3,639,19,0,0,0
25832.36569940585,TRANSFER,386403.20370432804,3,656,20,0,0,0
7194.397769514947,CASH_OUT,201941.7834430439,2,1382,21,1,0,0
1460.2510716047343,CASH_IN,341790.4166623549,2,1016,2,0,1,0
70352.87263312929,TRANSFER,50704.0731187654,4,1407,3,0,0,0
48419.94835303398,CASH_IN,66476.13538298347,4,748,18,0,0,0
60883.26738989382,CASH_OUT,69855.09532457918,1,120,3,0,0,0
11974.074674672174,CASH_IN,22762.74989987176,2,376,6,0,0,0
7330.627561413933,CASH_OUT,270664.42963490187,3,668,8,0,0,0
732.5738132834391,CASH_OUT,396983.863021818,0,445,20,1,0,0
21584.363075753463,CASH_OUT,305205.601846833,1,266,21,0,0,0
44569.86878324723,PAYMENT,287477.4427764281,7,1592,19,0,0,0
24899.093378057536,CASH_IN,340311.9642013682,3,55,6,0,0,0
28765.97814142156,TRANSFER,169822.6615360074,2,1225,2,1,0,0
117253.07614907208,CASH_IN,180977.03582411446,7,1710,4,0,0,0
21405.130721255588,TRANSFER,157135.0491104613,4,1965,3,0,0,0
36076.25140361606,PAYMENT,356054.4664267878,1,512,10,1,0,0
76543.58688598509,PAYMENT,80820.16783538715,3,1719,9,0,0,0
25254.006564958985,CASH_OUT,6512.64015646219,2,1923,13,0,0,0
48654.52376765427,TRANSFER,298098.2233612462,3,1365,20,0,0,0
99157.03218421534,CASH_IN,471190.6823671027,11,251,16,0,1,1
149309.52076873338,CASH_IN,304703.9584981523,4,1543,1,1,0,0
7954.0939657417985,CASH_IN,391460.82647044753,1,1474,9,0,0,0
130583.13815210394,CASH_IN,336395.35473301506,2,1647,6,0,0,0
33875.13904977653,CASH_OUT,248718.32676150813,3,1273,2,0,0,0
14936.772717569787,PAYMENT,359196.200891923,2,1285,0,0,0,0
30729.348368534876,TRANSFER,412052.0619276109,2,685,8,0,0,0
195682.65487902958,CASH_IN,112365.822085849,2,1311,3,0,0,1
33924.56463336799,TRANSFER,168065.24024157276,2,1009,2,0,1,0
19930.80160502499,TRANSFER,111862.86625164193,2,955,4,0,0,0
50174.31369788298,TRANSFER,226086.4777952205,7,358,16,0,0,0
13731.423385780148,TRANSFER,442532.2754583338,3,1492,16,0,0,0
3944.765248811752,CASH_OUT,172603.55041766618,0,1244,12,0,0,0
6898.760985620793,CASH_IN,187233.44456527667,5,1936,0,0,0,0
6850.921203350356,PAYMENT,430183.61733596586,2,1373,12,0,0,0
8237.995077833648,CASH_OUT,257687.1653723376,4,1118,6,0,0,0
7473.003303375827,PAYMENT,267724.4998237172,2,696,11,0,0,0
51204.202553790325,PAYMENT,430400.60166610644,3,275,22,0,0,0
10037.317851724081,TRANSFER,245263.3685127366,3,1190,8,0,0,0
21206.96578974026,CASH_OUT,340778.7673146976,8,1009,20,0,0,0
113548.70625641789,CASH_IN,42822.33293703036,5,1912,17,0,0,0
32119.057082329684,PAYMENT,89315.85656344265,7,196,19,0,0,0
55064.454182619025,TRANSFER,202188.10035812279,3,192,20,0,0,0
9456.425855660824,PAYMENT,247419.53390993743,2,702,12,1,0,0
10677.549049754753,CASH_OUT,482866.85061811475,4,1450,0,0,0,0
2086.3606358782654,TRANSFER,485325.816523895,4,875,1,1,0,0
9252.367203279044,CASH_OUT,425598.54373938084,3,1490,7,0,0,0
16327.405931557276,CASH_OUT,157799.41764278727,3,1054,1,0,0,0
9740.590874155398,PAYMENT,482014.14541621984,0,207,11,0,1,0
4644.2953930183785,CASH_IN,344670.4323381063,3,1892,23,0,0,0
6427.810674667627,TRANSFER,196470.0639087002,1,1996,0,0,0,0
30881.467168268955,CASH_OUT,350837.4584923832,1,1534,8,0,0,0
11554.61031725483,PAYMENT,8261.36489326329,3,1043,5,0,0,0
22649.055775545927,CASH_IN,73077.34113710679,2,900,17,1,0,0
35000.25923571652,PAYMENT,414842.85577818385,3,273,0,0,0,0
58622.87170062711,CASH_IN,322786.8184365856,3,721,5,1,0,0
2005.2865050007713,TRANSFER,182097.350645942,1,1855,19,0,0,0
80324.71219130598,PAYMENT,250333.32011135938,3,1291,15,0,0,0
49429.68451836482,CASH_OUT,452571.07482288353,3,1170,23,0,0,0
4264.771518816713,TRANSFER,315789.0547395433,4,1401,23,0,0,0
103406.73492440453,TRANSFER,199074.6419671651,1,36,1,0,0,0
126834.6773189464,TRANSFER,60163.3286987675,1,1227,1,0,0,0
3151.1413780081702,CASH_IN,146873.40081278048,2,1169,19,0,1,0
16208.84215643254,CASH_IN,489170.11639829166,2,284,21,0,0,0
82046.75916133213,CASH_OUT,218681.53142588877,2,501,6,0,0,0
68967.86201071541,CASH_OUT,235919.73192243042,3,1644,15,0,0,0
10198.981603090024,TRANSFER,249299.01619850768,0,565,18,0,0,0
11744.951559076662,CASH_OUT,442052.01147410553,6,632,6,0,0,0
23139.255501218486,PAYMENT,301964.14219265495,2,580,2,0,1,1
33133.12823343072,CASH_IN,346838.5182259611,5,987,17,0,0,0
48150.0917029276,CASH_IN,194706.77127455198,0,224,1,0,0,0
23015.628150017557,PAYMENT,14543.809294487175,2,1895,8,0,1,0
31044.555461045882,PAYMENT,465486.45712142217,5,233,22,0,0,0
68811.44701949212,TRANSFER,474563.8404582032,4,1222,4,0,0,0
1868.6476160739232,CASH_OUT,474576.5266740256,2,186,10,0,0,0
14546.831094119862,TRANSFER,471843.5433233583,2,1765,2,1,0,0
62474.593747801286,TRANSFER,407620.9705347805,3,999,23,1,0,0
112788.33771653067,PAYMENT,342298.02505816345,1,814,1,0,0,0
35838.955610420046,CASH_OUT,422254.9591336428,3,934,18,1,0,0
37976.47511765345,TRANSFER,300273.1195005181,6,1940,10,0,0,0
5668.066927033169,TRANSFER,67184.80694601181,2,519,20,0,0,0
29657.162304177542,CASH_IN,195609.0825207105,3,535,11,0,0,0
38030.339952764494,TRANSFER,485647.45598646876,1,1836,14,1,0,0
13884.640163032665,PAYMENT,175568.90679782815,0,33,16,0,0,0
15683.730593927192,PAYMENT,433913.9568656847,2,690,21,1,0,0
23683.249240123598,CASH_OUT,46605.73538743479,3,1636,1,0,0,0
1013.7680375157257,TRANSFER,167091.9211877348,6,1997,22,0,1,0
19436.238062806788,CASH_IN,175476.6623636898,1,933,22,0,0,0
11877.846781181493,TRANSFER,25801.27155449008,2,587,0,0,0,0
19837.461511599133,CASH_IN,59547.16509337749,4,753,3,0,0,0
6378.155164239063,CASH_OUT,96582.6055608855,3,1700,16,0,1,0
110603.99499715124,CASH_OUT,418907.79540505644,6,1163,6,0,0,0
45019.94069397799,CASH_IN,31700.994969903197,2,1251,4,0,0,0
56831.647894651585,PAYMENT,149350.4506721936,4,422,7,1,0,0
77835.45161888956,CASH_IN,5087.5012946337565,6,1003,0,0,0,0
34501.821092444254,PAYMENT,347813.87270151236,2,461,9,0,0,0
4546.604725872792,CASH_IN,310151.5450216899,3,129,3,1,0,0
38512.918164741124,PAYMENT,322491.1310265709,1,81,13,0,0,0
44196.15289356868,PAYMENT,187191.39235730935,6,1466,8,0,0,0
68410.83244042046,TRANSFER,104133.91063378452,4,1056,16,0,0,0
28251.732469149105,TRANSFER,360160.1066430167,2,650,13,0,0,0
6824.2333364656115,CASH_IN,405558.93637034757,4,1212,18,0,0,0
16688.109013085195,TRANSFER,69300.74904910088,4,1397,1,0,0,0
22555.74127373117,TRANSFER,243414.71396871068,2,1116,13,0,0,0
51911.230581093085,TRANSFER,124357.84098943125,5,1205,8,0,0,0
42289.08606007098,TRANSFER,84053.43060306685,2,1229,4,0,1,0
22010.337982590307,TRANSFER,367162.65674749954,2,129,14,0,1,0
215309.7886084906,CASH_OUT,269048.4677364185,3,1856,5,0,0,0
46541.650423360465,CASH_IN,108092.66618933389,4,1939,15,0,0,0
13539.726437839996,TRANSFER,155000.00560577255,2,1590,10,1,0,0
5367.150231244343,TRANSFER,483326.8356638712,3,213,23,0,0,0
8294.414629491293,CASH_OUT,424339.7823542783,5,388,8,0,0,0
14115.342469757048,CASH_OUT,439973.3714365642,4,1300,11,0,0,0
8758.243747714701,CASH_OUT,230006.048540354,2,562,7,0,0,0
10324.58727272902,PAYMENT,311903.6319604375,4,684,23,0,0,0
16780.292410772327,CASH_OUT,188383.8701022058,2,1791,16,0,0,0
9520.12168314435,CASH_IN,38855.98784444527,3,1184,11,0,0,0
113537.57246779576,CASH_OUT,200534.65532839127,2,1942,0,0,0,0
4181.785629600008,CASH_OUT,296990.37660357234,2,1063,7,0,0,0
37170.617505635135,CASH_OUT,143572.1353840657,4,207,0,0,0,0
26415.277824465116,CASH_OUT,423975.2873637079,0,748,12,0,0,0
201932.108300796,PAYMENT,75550.07958729932,1,538,4,0,0,0
5941.367284870245,CASH_IN,183564.54471845995,6,1179,19,0,0,0
25362.89968712152,PAYMENT,62451.95266210146,3,1901,4,0,0,0
174452.98320633575,CASH_OUT,202416.06699261267,4,1578,7,0,0,0
100312.20309840774,CASH_OUT,19830.652487135227,6,1097,10,1,0,0
84933.15170180898,TRANSFER,136274.6975308227,4,1801,23,0,0,0
14913.754176675231,CASH_IN,200367.62755684185,3,1438,19,0,0,0
9369.976639324377,CASH_OUT,239082.6816383458,2,1740,7,0,0,0
55227.97993408918,PAYMENT,271848.1792375709,6,1303,9,0,0,0
132519.25474799777,TRANSFER,137495.56489495945,8,1108,4,1,0,1
40682.52109523711,CASH_OUT,261520.66730743618,5,1726,19,0,0,0
42386.37807292933,TRANSFER,254502.31078102993,2,997,22,0,0,0
16423.751540532543,CASH_OUT,158089.0254381042,1,301,2,0,0,0
73373.68792060443,PAYMENT,415100.16532823915,6,589,4,0,0,0
10353.899107303541,CASH_OUT,272820.56329678255,3,1344,14,0,0,0
19554.39065596163,PAYMENT,166134.85937327248,1,1104,13,0,0,0
27707.227503491526,CASH_OUT,473669.25604038825,2,875,20,0,0,0
35424.24813223493,CASH_IN,422556.2065355805,1,1670,4,0,0,0
13880.62917848029,CASH_OUT,491293.9057759004,5,1400,1,0,0,0
6099.163607206772,CASH_IN,346116.93732271035,3,457,6,0,0,0
47159.98287146782,PAYMENT,189111.45275302345,2,973,6,0,0,0
17028.16842182709,CASH_IN,140430.33333950618,4,1438,23,0,0,0
43522.65341462218,TRANSFER,331658.9218372405,5,783,13,0,0,0
8383.23763853399,PAYMENT,490408.29124765185,3,1928,22,0,0,0
32806.06890142638,TRANSFER,313357.5400519244,2,379,14,0,0,0
38027.36240645389,CASH_OUT,440807.4704949191,6,320,16,1,0,0
2660.7325728560663,TRANSFER,164551.7155238843,0,540,8,0,0,0
20519.18006902116,CASH_OUT,203476.8912371278,2,1959,3,0,0,0
7217.466341596581,CASH_IN,453137.61979467666,6,380,15,0,0,0
3273.612938626244,CASH_OUT,378433.3509789094,3,1577,13,0,0,0
230060.06556976622,TRANSFER,490705.1601839529,4,1669,0,1,0,1
19456.50112597101,PAYMENT,387382.10486612096,1,576,1,0,0,0
83003.53068849492,TRANSFER,224257.85360911587,4,255,12,0,0,0
14694.44171467007,PAYMENT,265534.0099111815,2,708,7,0,0,0
57207.06755101758,CASH_OUT,450257.74623156834,1,1693,23,0,0,0
71403.31114141044,TRANSFER,275823.36804902396,2,1405,8,0,0,0
45272.329708456986,CASH_OUT,127698.68708222259,3,745,9,0,0,0
31892.832202263588,CASH_IN,217809.90638497472,3,458,23,0,0,0
26537.89067526889,PAYMENT,258157.99442455894,3,825,19,0,0,0
21452.16508519874,CASH_IN,48359.91677556478,4,752,9,0,0,0
132627.80241103904,CASH_OUT,371881.3371264451,3,1973,22,0,0,0
88780.3535570899,CASH_OUT,54676.9666774865,4,945,15,0,0,0
167658.81947078457,CASH_OUT,202458.85668440282,3,499,8,0,0,0
6636.427091805278,CASH_OUT,402311.2207702023,1,552,5,0,0,0
65627.56817302537,CASH_OUT,233785.18080664845,1,1337,21,0,1,0
139306.36326306203,PAYMENT,421007.759859254,1,773,11,0,1,0
9997.790485039885,CASH_OUT,170940.66102805748,4,49,16,0,0,0
3440.5158736248436,TRANSFER,478818.1469992177,3,1808,9,1,0,0
67569.6576594311,CASH_IN,104734.21590261778,7,1425,10,0,0,0
42721.357209933485,PAYMENT,19132.072494650653,7,1367,8,1,0,0
92203.85706607389,TRANSFER,436213.27149520925,4,837,17,0,1,0
7527.91232070963,TRANSFER,376101.3579752041,4,1828,2,0,0,0
79302.50555159341,TRANSFER,115991.9185336864,3,883,4,1,0,0
11258.988653351147,CASH_OUT,492370.80356833694,10,1474,4,0,0,0
8935.7599482759,PAYMENT,251140.06463426392,3,1821,4,0,1,1
8972.232827997535,TRANSFER,475532.7200720818,4,1030,10,0,0,0
84255.16412820043,CASH_IN,252514.38569349964,2,442,3,0,0,0
54710.68195079845,PAYMENT,235937.29338564552,5,105,4,0,0,0
37018.79781730222,PAYMENT,224569.26857223254,2,1402,18,0,0,0
22223.070083903407,TRANSFER,167437.6380664751,3,449,10,0,0,0
104860.13336471662,CASH_OUT,266850.74858827586,2,576,11,0,0,0
24915.637484872248,PAYMENT,226277.33097428392,3,648,16,0,1,0
84804.13314240349,TRANSFER,18373.438311777067,4,1715,14,0,0,0
28913.74405569402,CASH_OUT,130217.61671175125,2,1327,22,0,0,0
23655.978290886855,CASH_OUT,106561.4000527792,5,1494,1,0,0,0
31058.052994980128,CASH_OUT,433717.8011605333,3,1139,23,0,0,0
17932.263771532103,PAYMENT,299434.9886134207,3,624,0,0,0,0
68838.86564684697,CASH_OUT,381841.5502248637,4,575,5,0,1,0
34930.140784779804,TRANSFER,478413.0188746403,4,1510,0,0,0,0
13212.126549853261,TRANSFER,322019.63626320503,4,359,14,0,0,0
114916.99247752917,TRANSFER,491304.99570237217,0,1136,23,0,0,0
24216.587117935564,CASH_IN,155882.0258260648,2,1667,1,0,0,0
39214.119108888175,CASH_IN,93133.59115644693,6,1574,7,0,0,0
118474.78043548131,TRANSFER,201654.94399645572,2,848,15,0,0,0
48939.96519286653,CASH_OUT,235399.707467904,4,1593,15,0,0,0
6215.730792888988,TRANSFER,447680.77142629254,3,251,15,1,0,0
140530.83419661046,PAYMENT,279970.21951833816,4,1846,19,0,0,0
49403.846446741314,TRANSFER,146090.4997090085,3,1263,18,0,1,0
20391.31577756547,PAYMENT,371317.1414337604,2,1489,1,0,0,0
7498.841030821291,CASH_OUT,252915.96856953547,2,1053,19,0,0,0
79000.06978401335,PAYMENT,81065.97263758509,1,567,13,0,0,0
48388.775378142614,CASH_OUT,288409.8937956261,3,176,1,0,0,0
38120.69290245141,PAYMENT,455697.26840364194,1,1044,18,1,0,0
112165.16652682227,TRANSFER,421311.30873791006,6,1272,1,0,0,0
77699.5006848036,PAYMENT,293404.98631766555,1,1921,17,0,0,0
8224.566006317044,CASH_OUT,188541.58694249406,0,97,16,0,0,0
18678.127569790024,TRANSFER,43489.37553210558,4,334,18,0,0,0
14283.480927441897,PAYMENT,234824.4616658119,1,55,13,0,0,0
68118.40309342058,CASH_OUT,376039.7187647896,4,1866,16,0,0,0
1705.3769928918966,PAYMENT,180136.85986650529,1,352,15,0,1,0
42185.67781930715,PAYMENT,117723.4127758322,3,658,18,0,0,0
71870.68579298894,TRANSFER,465689.8596354767,3,1153,16,1,0,0
104683.3672192969,TRANSFER,410777.8502289962,2,1700,11,0,0,0
20933.729677254636,TRANSFER,319137.80971007235,4,1831,20,0,0,0
86090.39817705016,TRANSFER,68391.67196025969,5,522,3,0,0,0
5862.194254938867,TRANSFER,72454.42020308651,1,1761,7,0,0,0
93687.19786058438,PAYMENT,51609.79572788948,3,1956,0,0,0,0
6818.981526403542,TRANSFER,308148.3334463716,6,691,13,0,0,0
25315.731560493216,CASH_OUT,57781.398236668,1,1307,8,1,0,0
79800.2681663245,CASH_OUT,421313.59943131654,3,1019,17,0,1,0
8121.089496020809,CASH_OUT,496482.50090966106,1,1523,23,0,0,0
13019.651122237547,TRANSFER,183174.09235433262,3,1874,22,1,0,0
64052.15488224527,PAYMENT,226834.92348354872,4,58,11,0,0,0
63654.808599584736,PAYMENT,355833.58849283936,4,1960,1,0,0,0
51242.210436869536,CASH_OUT,468576.50316288293,3,1180,5,0,0,0
59200.085454380845,CASH_IN,447046.88677819254,3,1244,4,0,0,0
39123.45505978191,TRANSFER,28795.91437492429,3,1005,22,0,0,0
14504.184962970496,CASH_IN,84535.9012783825,1,1754,17,0,0,0
21209.15968966317,PAYMENT,377298.5992788961,2,1877,13,0,0,0
10020.063725826592,PAYMENT,344446.55401622364,4,1174,14,0,0,0
119543.80696618259,CASH_OUT,66609.29702006163,2,1289,12,0,0,0
43780.45273182993,CASH_OUT,251032.29100078382,5,854,8,1,0,0
25612.282973951118,CASH_OUT,390407.3155426478,0,1955,18,0,1,0
30995.375316058165,PAYMENT,109390.34113134682,3,1090,0,0,0,0
147141.18684986056,TRANSFER,435643.8178673331,2,1322,7,0,0,0
8323.477506425033,PAYMENT,26485.887410183983,5,1278,15,0,0,0
44122.2304554277,TRANSFER,391097.54253403697,6,76,22,0,0,0
35249.72203965887,PAYMENT,307909.4498949351,3,1552,6,0,0,0
47267.215900153635,CASH_OUT,157599.67332717456,1,1509,15,0,0,0
913.8090203248618,CASH_OUT,360466.27417095564,4,1896,12,0,0,0
102834.67612703484,TRANSFER,391182.8975755798,1,510,12,0,0,0
134499.4268345626,TRANSFER,466949.48565198464,4,733,19,0,0,0
41635.77319716988,TRANSFER,183887.33607713183,1,1406,18,0,1,0
59643.53702629791,PAYMENT,343008.3679899775,4,969,10,0,0,0
127873.46789228132,CASH_OUT,301308.13846734544,1,1485,15,1,0,0
61419.87266962591,TRANSFER,262603.03472854424,5,1541,8,1,1,0
8275.525456206085,PAYMENT,445208.23707751895,2,632,12,0,0,0
42935.10749262801,CASH_OUT,1583.6570692001617,5,523,18,0,0,0
46661.04285170075,CASH_IN,141055.8030517988,2,1924,22,0,1,0
27593.725196141055,CASH_IN,269138.619772415,3,1711,22,0,0,0
66674.51519416961,CASH_OUT,89146.63081827617,2,1171,9,0,0,0
136183.84428812374,CASH_OUT,453933.2668663791,1,202,6,0,0,0
129893.81065270587,TRANSFER,323797.5588065077,7,1981,16,0,0,0
29968.214815180883,PAYMENT,238941.49731599496,4,1290,9,0,0,0
6008.935227589209,TRANSFER,407350.87953332724,3,1798,1,0,0,0
209458.69945603533,PAYMENT,225443.09573255188,6,53,17,0,1,1
91285.90554092215,PAYMENT,279326.50596500473,1,1139,15,0,0,0
6657.29798585317,CASH_OUT,1375.4977769604993,3,1999,2,0,0,0
126815.39704816381,PAYMENT,182850.26509753676,5,600,19,0,0,0
101971.19656134317,PAYMENT,69395.23617548488,3,1820,0,0,0,0
36577.56929843246,TRANSFER,344844.3403311455,3,288,4,0,0,0
44735.68934145374,CASH_IN,239513.4794878669,1,1120,0,0,0,0
25458.242170450678,PAYMENT,150878.7786251154,4,1067,6,0,0,0
2815.907462164689,CASH_OUT,233916.1696858712,4,1149,22,0,0,0
20413.244315037056,TRANSFER,104814.94397567309,5,486,17,0,0,0
81190.39555330893,TRANSFER,462543.3162430703,2,1837,3,0,0,0
232.13920331714425,CASH_OUT,26986.316275456502,2,1270,8,0,0,0
20285.694829508437,CASH_IN,432708.51764806017,2,1762,0,0,0,0
25388.90474273391,CASH_OUT,255679.39436667546,3,219,21,1,0,0
38544.15120619409,PAYMENT,309473.24806940864,3,1514,0,0,1,0
126196.27380765208,TRANSFER,151302.8104543519,2,1752,5,0,0,0
21258.855544539503,CASH_OUT,483348.80839716067,2,380,16,0,0,0
21305.324297924763,CASH_IN,140925.47925974493,2,1202,15,0,1,0
66875.44758327828,CASH_IN,294438.99857015215,5,453,18,0,0,0
30093.88867461697,TRANSFER,496708.3525535644,2,1882,3,0,0,0
12719.123685136268,CASH_OUT,440547.1981917229,3,80,9,0,0,0
30114.117528807754,CASH_OUT,268164.91264305305,4,742,15,0,0,0
7590.996096569353,TRANSFER,495187.261483606,2,1138,20,0,0,0
9702.725160404838,CASH_OUT,350684.9308663073,1,1254,6,0,0,0
34494.40214014088,TRANSFER,104350.20807090467,5,1063,1,0,0,0
27143.81081280035,CASH_IN,202798.1052179032,4,966,21,0,0,0
123164.63676264064,TRANSFER,167246.6670057755,4,521,19,0,0,0
22501.729151986412,CASH_IN,172006.85413559456,3,297,21,1,0,0
43445.1191892636,PAYMENT,380228.21967993316,3,241,6,0,0,0
50019.538625892405,TRANSFER,292131.4636363968,6,1551,6,1,0,0
659.0472412829613,CASH_IN,19046.35579476427,1,477,4,0,0,0
54463.40985179945,TRANSFER,438724.24182548805,5,413,22,0,0,0
9802.932009962411,CASH_IN,148398.07024008228,5,284,14,0,0,0
162299.91361362132,CASH_OUT,498537.43845657184,5,1476,18,0,1,1
8047.3452155090035,CASH_OUT,477095.3651673929,6,382,9,0,0,0
26775.055726830342,CASH_IN,470265.3583409826,2,221,4,0,0,0
4460.671882525156,TRANSFER,405563.8020319868,3,1252,4,1,0,0
288404.080757538,CASH_IN,110306.66584177129,6,1310,17,0,1,1
34877.34328291131,CASH_IN,266316.372014391,1,43,3,0,0,0
45240.966204447286,CASH_OUT,112151.3134124873,2,970,13,0,0,0
3471.6025414127084,TRANSFER,129837.72779447462,4,1458,17,0,0,0
69306.81276079995,TRANSFER,305475.88471813867,1,1738,8,0,0,0
11780.14191251316,PAYMENT,20416.77267653169,2,910,16,0,0,0
114165.74284058152,PAYMENT,484729.2834103538,3,741,11,1,0,0
11479.441408041666,CASH_OUT,459336.58628898225,0,878,17,0,0,0
10578.521490440793,TRANSFER,190383.7860788599,3,1627,15,0,0,0
1861.7170928836083,PAYMENT,257711.22400345653,2,1610,23,0,0,0
31939.289664773198,CASH_OUT,233059.7096338795,0,1491,2,0,0,0
41602.20518380903,PAYMENT,441099.8893087349,2,1436,18,0,0,0
3398.3470089578236,PAYMENT,344300.93815805553,3,1422,9,0,0,0
74700.12967991861,CASH_IN,139055.62371217823,0,876,21,1,0,0
30191.732514681087,TRANSFER,223420.62723264843,2,927,20,0,0,0
37157.88272962984,CASH_OUT,214482.98784338188,3,938,19,0,0,0
29059.073589379015,TRANSFER,479667.5841419593,1,1297,6,0,0,0
25604.910063746065,CASH_OUT,87655.45525731983,6,1978,0,0,0,0
41008.17285689374,CASH_IN,44788.16864721452,3,1209,0,0,0,0
8435.150338047773,CASH_OUT,440309.4160808451,1,1829,14,0,0,0
10040.254310431275,PAYMENT,448342.9947529354,2,448,0,0,0,0
98947.46641480702,TRANSFER,435869.5439560824,4,1845,23,0,0,0
146045.58546323428,TRANSFER,255488.4578127782,1,1060,8,0,0,0
23365.109373756928,CASH_OUT,329872.2141347302,5,1593,13,0,0,0
15786.5682846333,PAYMENT,281681.52378049196,5,1011,12,0,0,0
51641.16325472286,TRANSFER,34723.91302720046,1,119,18,0,0,0
26274.478380362314,CASH_OUT,297917.4484503612,2,1774,15,0,0,0
1285.7074366323513,CASH_IN,6807.073628050442,2,1244,16,0,0,0
8489.18016497553,TRANSFER,162493.7047785431,4,1795,8,0,1,0
62934.16299265227,TRANSFER,466146.2879365835,2,547,13,0,0,0
53782.489115876786,TRANSFER,152022.6348179038,2,1943,2,0,0,0
1373.492894222005,CASH_OUT,469913.3213221239,3,405,8,0,0,0
12549.64869333525,CASH_IN,125066.97857462212,6,1320,19,0,1,0
13138.07894754655,TRANSFER,157281.12023076625,2,1091,0,0,0,0
55720.73614139259,CASH_OUT,314203.7482192768,3,479,4,0,0,0
995.3690646069703,TRANSFER,380813.4863946474,3,1500,22,0,0,0
5496.802930068641,PAYMENT,250693.88400244204,3,1085,5,0,0,0
80450.92136481208,TRANSFER,441057.8435970777,3,1847,19,0,0,0
9833.885472589267,PAYMENT,20120.210805309624,4,1276,13,0,0,0
52884.954446028845,CASH_OUT,461097.4193171853,1,829,9,0,0,0
13602.431110449761,CASH_OUT,98153.89994770402,2,1216,7,0,0,0
5237.001674243566,PAYMENT,442119.37254232797,0,1695,14,0,0,0
13930.975820572365,CASH_OUT,200431.58974319024,2,928,0,0,0,0
64054.740654851594,CASH_IN,416378.5279355188,6,702,15,0,1,0
96791.81687269648,CASH_OUT,335832.77490184753,4,36,19,0,0,0
88662.54999877822,PAYMENT,87970.81623913106,3,1266,6,0,0,0
25307.124473754422,TRANSFER,459023.7849407242,4,973,21,0,0,0
55143.83892022975,PAYMENT,122758.69524422984,2,630,0,0,0,0
11469.67051644904,CASH_OUT,122070.05934749954,0,109,4,0,0,0
17346.67943062584,CASH_OUT,407089.44831869024,3,948,21,1,0,0
113329.93143154522,CASH_OUT,52936.62778626051,0,366,9,0,0,0
654.3594198142501,CASH_OUT,111017.95318523017,2,382,20,0,0,0
4469.356981522456,TRANSFER,251838.78671053116,3,388,4,0,0,0
11652.51401199076,TRANSFER,415238.5143433122,3,1524,7,0,0,0
1344.5267612158443,TRANSFER,73741.98736863374,3,806,5,0,1,0
10010.150164513638,PAYMENT,273834.11725617317,6,1376,9,0,0,0
43738.43643721833,PAYMENT,355620.29590146977,2,205,13,0,0,0
27359.31591839002,PAYMENT,430297.6123579756,5,1216,7,0,0,0
111593.15104109138,TRANSFER,467782.7801011098,6,1883,5,0,1,0
85034.79515097392,TRANSFER,392319.9572344662,4,1973,8,0,0,0
20913.640258451604,TRANSFER,326414.1991110009,3,1891,14,0,0,0
15016.312607363927,PAYMENT,216810.04265638292,3,1776,15,0,0,0
23876.990405426888,CASH_OUT,56055.07709420982,2,789,23,0,0,0
44615.887507165266,CASH_OUT,354868.59626276063,4,619,23,1,0,0
15603.085490763644,PAYMENT,496368.65223774343,6,1312,0,0,0,0
48928.11227735438,CASH_OUT,368380.29736604996,3,1571,13,1,0,0
26331.801963990558,CASH_IN,8355.546868863139,3,449,19,0,0,0
40153.36832574222,CASH_IN,248129.98902091937,2,115,17,1,0,0
28646.269754555604,CASH_OUT,307323.31624145195,6,850,6,0,0,0
17439.99876311666,CASH_OUT,344837.1005514215,2,161,11,0,0,0
148263.36105761016,TRANSFER,359862.9178003543,3,1575,9,0,0,0
72112.72518663181,PAYMENT,279054.220608262,3,765,14,0,0,0
7547.724906151043,CASH_OUT,111680.16636712014,1,1548,21,0,0,0
101425.2463859662,PAYMENT,471100.33073827333,1,1934,6,0,0,0
33416.016483095824,TRANSFER,348333.23383183096,2,78,4,0,0,0
112476.97451448717,TRANSFER,118420.01843470473,1,968,10,0,0,0
80435.72269649501,CASH_OUT,161160.91613513645,5,993,2,0,0,0
27687.830962930366,PAYMENT,460963.83531518484,0,1066,3,0,1,0
1136.2794738770058,CASH_OUT,443742.5933536679,3,1904,10,0,0,0
15645.027388824334,PAYMENT,202573.2191790448,5,1419,14,0,0,0
39004.38778398981,TRANSFER,19153.61099572549,2,1428,14,0,0,0
50184.86659672682,TRANSFER,24248.684446969095,3,1736,16,0,0,0
14912.733996446945,CASH_IN,141959.14545919452,4,787,10,0,0,0
7503.720941535777,CASH_IN,314561.10966949974,3,387,20,0,1,0
90069.35435811958,TRANSFER,292097.3176672809,2,205,5,0,0,0
208031.2081593617,CASH_OUT,316913.8934719713,4,1271,6,0,0,0
37294.72734860435,PAYMENT,358641.4859660533,1,699,10,0,0,0
9417.743183003697,TRANSFER,9516.126796369206,1,840,23,0,0,0
15893.823586446642,CASH_OUT,52542.79758622144,4,700,4,0,0,0
928.0943705383004,CASH_IN,179741.72591360632,2,848,0,0,0,0
122844.42638467785,CASH_OUT,77429.99876079087,4,1347,20,1,0,0
6264.0521923101505,CASH_OUT,37660.02127227708,2,688,0,0,0,0
42962.033443407796,CASH_OUT,320482.197998666,1,692,12,0,0,0
16014.066430139645,PAYMENT,407668.2387455495,3,1487,23,0,0,0
40391.77577034926,PAYMENT,376313.32871714124,2,1227,1,0,0,0
52694.43169930135,TRANSFER,408519.8893045896,2,1862,17,1,0,0
88521.959621118,TRANSFER,332928.2720289386,4,1255,5,0,0,0
11560.126375226793,TRANSFER,367672.6609071011,6,1644,13,0,0,0
552.8364815848598,PAYMENT,135889.38710415066,4,911,10,1,0,0
7360.403534369527,CASH_OUT,496504.01814208215,3,1454,4,0,0,0
115138.57644265908,CASH_IN,91582.82724694356,3,1489,21,0,0,0
103530.06760265613,CASH_OUT,107246.93719469124,3,1322,18,1,0,1
45492.21550982462,CASH_IN,144460.91590792342,1,1973,12,0,0,0
45879.185925267346,CASH_OUT,487666.21505328943,0,365,11,0,0,0
54686.71147037562,PAYMENT,494144.29467695305,2,1540,8,0,1,0
9641.101431927607,CASH_OUT,397446.87485324877,1,643,3,0,0,0
122910.47803856508,CASH_OUT,314528.79927981686,3,1979,5,0,0,0
27130.481717315903,CASH_IN,260031.2875923067,1,1162,3,0,0,0
24155.539966393422,CASH_IN,485310.42284342286,6,1943,21,0,0,0
36585.84663113405,TRANSFER,347811.40142912377,2,585,0,0,0,0
2405.2332145988607,PAYMENT,472365.0641630151,3,1940,16,0,0,0
9093.085252463616,TRANSFER,158275.39973881195,3,556,16,0,0,0
66976.95452119816,CASH_IN,166887.39613478282,0,1569,9,0,0,0
4321.413783592179,TRANSFER,427362.2970592178,3,1813,17,0,0,0
46210.11094925578,TRANSFER,74927.46029264719,3,265,22,0,0,0
14075.00168002204,TRANSFER,472963.9306480379,2,1617,13,0,0,0
24657.112846259417,TRANSFER,253737.17733170374,3,1255,2,0,0,0
17032.6095977073,CASH_IN,463206.93929184886,1,1925,16,0,0,0
21977.423886142675,CASH_OUT,168396.39436290655,3,1611,23,0,0,0
63478.19933193434,CASH_OUT,357979.4520696985,3,1624,23,0,0,0
17628.576980277543,TRANSFER,241437.56098634485,7,1227,3,0,0,0
41782.17653528511,PAYMENT,313401.8151227365,0,573,22,0,0,0
32317.989334513088,CASH_OUT,252186.24656957612,6,1202,1,0,0,0
54483.29615463392,TRANSFER,483557.80868568073,4,1338,14,0,0,0
138096.08237564846,CASH_IN,346052.6989069586,4,955,5,0,0,0
65945.26356275214,CASH_OUT,125659.4843131577,3,1686,8,0,0,0
12099.780662202365,PAYMENT,454838.46095254226,7,1828,6,0,0,0
1583.9839412128922,PAYMENT,147014.86907755217,3,583,21,0,0,0
15208.465100279394,TRANSFER,185802.54965042815,2,796,9,0,0,0
45203.03259365486,CASH_IN,51061.849010106685,6,1895,1,1,0,0
2639.7639049887343,PAYMENT,449983.2598980954,2,1555,19,0,0,0
34295.29780130944,TRANSFER,143056.0116139315,2,719,13,0,1,0
45421.44199937801,TRANSFER,129458.80896569118,5,627,5,0,0,0
20341.59389690502,PAYMENT,460131.29899747693,2,537,4,1,0,0
73682.49795733673,TRANSFER,402763.43120251666,1,1070,4,1,0,0
5635.9457382339,CASH_IN,70539.4607596872,5,1455,19,0,0,0
3905.5252896123507,TRANSFER,384662.25195184036,0,267,11,0,0,0
65132.37051081964,CASH_OUT,456516.5490268954,3,1698,23,0,0,0
34208.51133315343,CASH_OUT,39255.60910537196,1,474,7,1,0,0
58302.13278665704,CASH_OUT,412607.49745228654,3,964,20,0,0,0
28531.199956442866,CASH_OUT,273710.025936528,3,750,6,0,0,0
14144.81268792658,CASH_IN,334598.72468940035,3,1919,15,0,0,0
85491.1849285598,PAYMENT,246427.16945246846,2,737,17,0,0,0
80326.0781980095,PAYMENT,348901.5424526393,5,1990,15,0,0,0
59322.44098545607,PAYMENT,17048.93083337661,6,1125,18,0,0,0
15882.680749401603,PAYMENT,381353.3616116418,5,55,9,0,0,0
44608.043986173216,TRANSFER,16671.848929479205,2,118,8,0,0,0
22390.498778991103,CASH_IN,227649.9238736717,2,1537,22,1,0,0
4802.536730332661,TRANSFER,75482.49656514743,7,264,21,0,0,0
124634.99217688208,CASH_IN,411787.1386756536,3,68,22,0,0,0
7356.522440976001,PAYMENT,156830.45458783428,4,1888,5,0,0,0
150024.53265613812,CASH_OUT,227046.77230216624,2,73,17,0,0,0
29530.05063954361,TRANSFER,214375.37064915578,2,389,2,0,0,0
10236.51409567329,TRANSFER,386250.9828423533,2,1117,13,1,0,0
39033.49230758683,CASH_OUT,240572.17989798775,7,964,4,0,0,0
103157.08971410293,TRANSFER,394479.167505173,0,1749,13,0,0,0
65880.38895652369,TRANSFER,36754.13840133762,8,1526,17,0,0,0
82139.69130368787,CASH_OUT,95796.98395149755,5,1651,2,0,0,0
53761.88575852013,CASH_IN,275767.1248231803,4,938,6,0,1,0
58927.69180707661,PAYMENT,473544.1623763475,6,1953,1,0,0,0
94588.59940251397,CASH_IN,37378.923360890156,2,313,5,0,0,0
14361.975777006006,PAYMENT,21542.108078432153,5,1648,9,0,0,0
33610.883308562064,TRANSFER,78275.33746392785,3,800,20,0,0,0
12500.656455306116,TRANSFER,320576.56443007826,2,1819,18,0,0,0
219777.92087026648,PAYMENT,199496.45833512358,6,824,12,0,1,1
144173.18936602073,CASH_IN,412776.1897088431,5,1754,23,0,0,0
2011.2550602689544,CASH_OUT,35966.57574068291,5,1560,21,0,0,0
61136.57815978645,CASH_IN,98207.04340735053,3,360,10,0,0,0
129679.17787376278,CASH_IN,150013.20273244783,3,1699,8,0,0,0
9957.641269392501,PAYMENT,313365.0433443926,3,1357,16,0,1,0
41960.14588229511,CASH_IN,342586.34515077365,4,1788,10,0,0,0
123543.2632062765,TRANSFER,62101.646981886915,3,1621,12,0,0,0
1726.7761772105907,CASH_IN,471902.3544958698,2,1594,2,0,0,0
59770.52284464427,PAYMENT,170522.06759510457,2,1765,9,0,0,0
17644.74823726064,CASH_OUT,356584.3815001415,1,872,23,1,0,0
129112.4335677838,CASH_IN,262103.85947384938,1,1685,0,0,0,0
177123.49613111265,TRANSFER,111379.05677355331,3,1510,23,0,0,0
144358.68406204873,TRANSFER,423114.16155770555,5,1340,4,0,0,0
32143.07025992291,TRANSFER,409119.01409596496,2,862,23,0,0,0
99040.5353367679,CASH_OUT,198035.92695834505,3,100,11,0,0,0
93071.36366495394,TRANSFER,294303.7928469277,5,1895,6,0,0,0
19217.02607597672,PAYMENT,128912.84796796986,2,166,11,0,0,0
88279.87706973265,CASH_OUT,344925.8143731507,2,1116,6,0,0,0
1885.4897634454862,CASH_OUT,154513.4063102157,3,618,11,0,0,0
45350.432014390346,CASH_OUT,422039.36719111743,3,824,3,0,0,0
13068.812059864285,TRANSFER,108692.55213863715,1,559,16,0,0,0
6423.888373582203,PAYMENT,7401.71140923207,5,941,15,0,0,0
4003.7671652191375,PAYMENT,134254.02098395923,5,1953,17,1,0,0
59583.89748441185,CASH_IN,95526.24322974334,1,1019,1,0,0,0
20766.300653428352,PAYMENT,254143.21986246214,4,1731,16,0,0,0
64506.821861018885,CASH_OUT,101851.64582828815,5,1201,9,0,0,0
3379.4967744737164,CASH_IN,381594.9353597474,3,966,15,1,0,0
18938.01907088391,PAYMENT,120685.31900200197,1,1239,6,0,0,0
38771.17572000247,TRANSFER,353484.08995632787,5,617,13,0,0,0
78204.86666689937,PAYMENT,289235.461506862,5,1593,19,0,0,0
19191.480352007948,CASH_IN,493124.92823594215,4,73,14,0,0,0
49160.45432010813,PAYMENT,499950.48850461585,3,862,9,0,0,0
108568.0829362135,TRANSFER,434763.041658665,3,678,22,0,0,0
47837.82545360431,PAYMENT,379991.68464937556,3,1415,23,0,0,0
13260.782148292474,CASH_OUT,193228.20700028687,2,142,21,0,0,0
1235.1706872077611,TRANSFER,376638.36356565176,2,1214,7,0,0,0
102049.08431870906,TRANSFER,478337.76853974536,4,786,1,0,0,0
1074.9432080130657,CASH_OUT,11688.78769772208,1,1671,16,0,0,0
103852.88833020852,CASH_OUT,268957.3500988694,2,1062,8,0,0,0
37638.18602347772,CASH_OUT,108999.1521942173,3,1779,8,0,0,0
139899.59213963314,PAYMENT,278938.1579344252,0,1371,14,0,1,0
80168.62615115626,PAYMENT,233223.54487944557,2,1378,12,0,0,0
309109.72054236627,CASH_IN,287884.2907761422,2,1171,8,0,0,0
21593.930842414185,TRANSFER,275481.1107093621,2,415,3,0,0,0
72876.26295557289,TRANSFER,480053.519584281,4,235,8,0,1,0
25702.45013114704,CASH_IN,276093.05446736806,3,1769,8,0,0,0
32684.365214259564,CASH_OUT,423116.04406243365,1,1082,14,0,0,0
49376.64538140577,PAYMENT,159910.14340042326,5,1261,10,0,0,0
103445.7032016195,PAYMENT,219050.34439552444,4,1357,20,0,0,0
207019.85184206543,CASH_OUT,235206.73802240493,5,614,12,0,0,1
73109.85551696125,CASH_IN,139364.02166768984,3,1872,16,0,0,0
27044.20967955709,PAYMENT,189895.13073897763,3,1853,23,0,0,0
27353.47879095121,CASH_OUT,299256.5397333876,2,1938,0,0,0,0
66890.88879868329,CASH_OUT,290093.8816522662,2,949,2,0,0,0
13641.456002979716,CASH_OUT,318217.6722867403,3,1426,2,0,0,0
5853.333479033074,TRANSFER,175908.95771007054,1,1495,20,0,0,0
21895.966579705826,TRANSFER,157915.74757652855,2,433,14,0,0,0
16930.4553208913,TRANSFER,305808.94137708156,7,881,4,0,0,0
17570.734486615278,CASH_OUT,66430.87421376248,2,537,20,0,0,0
13303.058297974838,CASH_IN,126515.77176606999,3,1682,3,0,0,0
2150.239046867366,TRANSFER,21063.868476497606,3,272,0,0,0,0
901.7801415974529,CASH_OUT,36305.42629804007,4,263,3,0,0,0
219998.89895561512,TRANSFER,121691.63963030443,3,1480,7,0,0,0
27910.9873446051,TRANSFER,9764.640148459514,3,1425,20,0,0,0
24251.936372765893,TRANSFER,122705.29604373076,5,1442,6,0,0,0
56916.63243132236,CASH_OUT,327488.16153101303,1,497,0,0,0,0
12311.262797046667,CASH_OUT,30553.53923446652,2,749,4,0,0,0
149747.8126869888,PAYMENT,218368.3388973205,2,688,12,0,0,0
77169.6390937793,CASH_IN,456554.3934597747,4,1897,11,0,0,0
4683.181932050347,TRANSFER,395642.4144627005,1,1646,7,0,0,0
27028.23870166949,TRANSFER,152718.75114742861,2,1151,20,0,0,0
105647.14800704266,PAYMENT,462402.7395958235,1,440,16,0,0,0
144778.0801560416,PAYMENT,164823.2483738624,3,326,1,0,0,0
31499.372155069617,TRANSFER,36257.74816878125,2,409,21,0,0,0
47519.70862882183,CASH_IN,497027.97838405677,1,503,17,0,0,0
9138.119462839928,TRANSFER,435011.2635945859,4,783,8,1,0,0
236472.23430464065,TRANSFER,232966.39165054617,4,1855,8,0,0,0
13176.908250884164,PAYMENT,333188.26209620194,1,50,12,0,0,0
143000.4665746944,CASH_IN,335614.03892833507,0,1735,17,1,0,0
52440.652973428005,PAYMENT,97241.11536523017,1,1158,16,0,0,0
46791.1111436097,CASH_OUT,100024.31657681616,2,1632,6,1,0,0
35942.58762962206,TRANSFER,234790.35167591288,2,1153,6,0,0,0
13111.751402598133,TRANSFER,455786.57006884896,3,1530,18,0,0,0
9711.288501168363,TRANSFER,4996.887429285391,3,1802,1,1,0,0
12454.244931025338,PAYMENT,391252.81797467964,4,793,15,0,0,0
10316.673177727509,PAYMENT,28763.39185732707,3,112,21,1,1,1
75612.03787863982,PAYMENT,239111.05744155892,2,562,22,1,0,0
21548.78205365372,CASH_IN,318936.4165367382,2,1769,1,0,0,0
2979.150416638424,CASH_OUT,343379.6335412324,3,500,14,0,0,0
173854.2108263387,CASH_IN,29239.63180795569,3,716,15,0,0,1
107616.04850130001,PAYMENT,209301.8086919841,7,1721,15,0,0,0
131382.72769033772,TRANSFER,291918.63025116234,2,732,5,0,0,0
264002.48845248536,PAYMENT,33022.76865300346,2,989,21,0,0,0
9551.684828809266,CASH_OUT,67547.27829765489,4,852,10,0,0,0
25229.092744694037,PAYMENT,331824.49475201924,2,1577,23,0,0,0
70990.17377406354,TRANSFER,260819.09829532585,5,1951,8,0,0,0
59539.77012106687,CASH_OUT,80914.33063414527,3,984,17,0,0,0
8355.644239675343,PAYMENT,267619.66845736676,4,827,22,1,0,0
84595.65014931576,PAYMENT,456346.1867222079,2,1321,5,0,0,0
12708.533362029315,CASH_OUT,7793.792387681964,4,1796,22,0,0,0
12668.387698482153,CASH_OUT,321316.8867429273,2,196,3,0,0,0
38498.64921454185,TRANSFER,36825.217302670964,3,303,17,0,0,0
44939.72620934595,TRANSFER,3224.7214823504232,3,1943,1,0,0,0
43385.29227647337,CASH_IN,75327.2443303169,3,278,12,0,0,0
4797.295148550687,CASH_IN,211453.31592695965,7,411,0,0,0,0
104966.24056457118,TRANSFER,401171.9994909765,2,821,8,0,0,0
15435.074883350777,PAYMENT,140892.74830227933,6,681,13,0,0,0
6935.233048470016,TRANSFER,312836.60619437933,0,1391,3,0,0,0
109797.90492400168,PAYMENT,205578.31897765334,3,675,20,0,0,0
155783.81763766395,CASH_OUT,117165.89598300398,4,1829,3,0,0,0
99071.33922374812,TRANSFER,257123.5571414293,2,86,19,0,0,0
82909.37348668062,PAYMENT,398732.2451863116,2,1358,14,0,0,0
53245.625059931,CASH_OUT,416246.1850280721,3,1196,21,0,0,0
40020.73907849494,PAYMENT,423259.76593861834,4,1801,14,0,0,0
4550.244837617541,PAYMENT,169278.9062774897,4,548,12,0,0,0
26250.724995513243,TRANSFER,396728.03235787654,0,1274,13,0,0,0
23315.603931530808,TRANSFER,106089.22755445393,0,87,21,0,0,0
15038.621173814223,CASH_IN,369212.5506214416,4,338,0,0,0,0
64262.77899985342,PAYMENT,474192.2131363083,5,950,0,0,0,0
34246.62419588268,CASH_OUT,6871.917345478595,4,1258,22,0,0,0
4225.972361777927,TRANSFER,220181.965589399,4,1498,0,0,1,0
12434.813059020824,PAYMENT,323885.4942070023,6,253,14,0,0,0
57483.50637986245,TRANSFER,350887.8852437765,2,681,0,0,0,0
3959.2420097456156,CASH_OUT,88043.8791346011,3,1165,5,0,0,0
95259.93115221024,TRANSFER,486091.63761929644,2,1590,23,0,0,0
34174.35221560392,CASH_IN,307632.6839854865,1,1712,6,1,0,0
32752.756871779548,PAYMENT,82170.30061413388,7,839,21,0,0,0
44874.40382940374,CASH_IN,10261.255856257645,3,276,22,0,0,0
87057.39564722384,PAYMENT,391632.099394888,2,1133,1,0,0,0
21370.90669726076,CASH_IN,39852.36972272954,5,553,21,0,1,0
56662.69489614255,CASH_OUT,70525.46053511827,4,1753,8,0,0,0
41704.66705174868,PAYMENT,287415.0134278453,5,1024,3,0,0,0
15532.407280053536,CASH_OUT,301752.7517248099,2,1601,17,0,0,0
105445.57177201792,PAYMENT,343443.55929619924,3,181,14,0,0,0
79832.50668763663,TRANSFER,196757.00633181038,0,830,23,1,0,0
53713.3284692438,TRANSFER,386949.33448341145,7,449,7,0,0,0
95050.28592708033,CASH_IN,487179.29980794434,7,161,6,1,0,0
100981.0319110265,CASH_IN,135547.4715399415,2,512,7,0,0,0
61612.26604546555,CASH_OUT,351514.30826897296,2,1487,12,0,0,0
90704.34253104663,PAYMENT,464234.32619757846,3,85,2,0,0,0
59778.98321859919,TRANSFER,343143.3813085213,4,147,5,1,0,0
56993.714586443246,TRANSFER,340554.74932212976,2,399,6,0,0,0
48196.82095110941,PAYMENT,111886.2845426033,5,1317,4,1,0,0
69861.0195813032,TRANSFER,267565.1001598465,1,730,17,0,0,0
8634.70877306395,CASH_IN,281261.4218022901,0,549,14,0,0,0
106377.31590260766,CASH_OUT,350064.78122797643,4,676,22,0,0,0
102725.16610714677,PAYMENT,498410.7249480913,1,1925,1,0,0,0
1484.1755771511007,PAYMENT,16821.91127188104,1,1462,21,0,0,0
87382.36881376569,CASH_OUT,32616.33063374342,2,973,19,0,0,0
6898.195370187782,TRANSFER,38975.03471545938,1,64,9,0,0,0
20407.34912546543,PAYMENT,371489.5672444784,1,620,3,0,0,0
68032.94015803708,PAYMENT,68176.89755537876,1,1711,11,0,0,0
8762.92173647816,TRANSFER,311225.9372451726,3,296,20,1,0,0
85178.37110792861,TRANSFER,162334.43894672923,4,1275,14,0,0,0
89229.51485061119,CASH_OUT,228659.9781053555,3,1466,10,0,0,0
35409.76526547985,CASH_OUT,107831.57990870696,2,628,13,1,0,0
320.31743087075836,TRANSFER,433053.28065227106,3,284,6,0,1,0
16916.367135592754,CASH_OUT,293075.1620815132,2,639,23,0,0,0
47976.474718186924,PAYMENT,472281.63179112633,3,496,13,0,0,0
198658.1733987204,PAYMENT,287298.12485216476,2,813,7,0,0,0
49958.28745445317,CASH_IN,61954.01529847333,4,547,13,0,0,0
15041.984850505853,PAYMENT,85435.21691923772,2,262,22,0,0,0
50256.87639707752,CASH_IN,494536.9881839236,4,1068,5,0,0,0
38824.85033888357,TRANSFER,362782.5986654339,1,358,17,0,0,0
75671.26150647328,PAYMENT,24639.37501454483,2,1594,13,0,0,0
5657.350864791453,CASH_IN,351890.5025173324,4,1245,7,0,0,0
71570.42403682414,PAYMENT,206086.52340480583,4,775,3,0,0,0
38964.30095349447,CASH_OUT,153604.19341159525,2,607,23,1,0,0
164831.0638883833,PAYMENT,77030.39686526713,7,1932,11,0,0,0
20917.804499455557,CASH_IN,419951.9772782828,2,1150,4,0,1,0
50068.184867251155,PAYMENT,31920.689494550348,1,259,12,0,0,0
134433.04877842756,TRANSFER,144917.73118982016,0,244,18,0,0,0
5407.649883263731,PAYMENT,153191.4469128522,3,1685,21,0,1,0
138412.69634193843,CASH_IN,80452.64198175017,2,170,11,0,0,0
58219.29417789845,CASH_OUT,254092.44164343513,2,1521,17,0,0,0
3512.382514555415,PAYMENT,5851.313405446313,4,1124,5,1,0,0
17902.62082141199,CASH_OUT,150487.75770520457,1,854,5,0,0,0
61579.54975606562,PAYMENT,466814.72201653203,2,1053,16,0,0,0
3486.2963697380656,PAYMENT,155264.78467100285,2,1744,15,0,0,0
43634.08645474819,CASH_OUT,180229.6935533758,3,754,11,1,0,0
21223.45657556806,CASH_OUT,236582.5241170358,1,1593,4,1,0,0
48499.80952374174,PAYMENT,280846.6874257374,3,1915,13,0,0,0
2341.0619638977423,CASH_OUT,404354.322410372,2,1716,15,0,0,0
102605.64224384564,CASH_OUT,95160.61157800881,6,154,4,1,0,0
181509.71875721705,PAYMENT,435873.1885962786,4,1394,7,0,0,0
173491.78322458753,TRANSFER,378774.6785719447,4,910,6,0,0,0
69245.13284806149,TRANSFER,361325.1673307776,2,1310,12,0,1,0
6968.059941690289,CASH_IN,43402.28685731762,1,1006,2,0,0,0
70995.286558018,CASH_OUT,10820.344987292341,9,893,13,1,0,1
1244.7111141255657,TRANSFER,297006.350454042,6,373,16,0,0,0
1118.5973867236933,PAYMENT,431566.9812615806,3,228,6,0,0,0
19549.28851086151,PAYMENT,292220.73207031796,4,1216,8,0,0,0
33534.38374608401,CASH_IN,106617.43272276541,3,1345,9,0,0,0
73572.44612919283,CASH_IN,45259.94897460661,4,1579,9,0,0,0
57489.286344540946,PAYMENT,349798.22640886746,5,213,22,0,0,0
29520.749369785426,CASH_OUT,360885.13865890476,2,1115,12,0,0,0
15984.55812792035,CASH_OUT,86265.85034355432,2,937,9,0,1,0
292576.43808284897,TRANSFER,14095.157748268139,4,1668,22,0,0,0
27772.089505501706,CASH_OUT,204141.7566115985,1,1908,5,0,0,0
30018.102421227144,PAYMENT,291359.35106651107,7,1562,20,0,0,0
8933.839622727784,PAYMENT,353001.2047835956,2,171,13,0,0,0
79190.83503186541,CASH_OUT,404972.5045764514,5,1243,4,0,0,0
59156.61190182869,PAYMENT,305268.71365336614,5,659,12,0,0,0
12472.426472658799,CASH_OUT,55440.30429924252,5,1782,7,0,0,0
4298.652845118935,TRANSFER,341290.8360712074,1,563,8,0,0,0
57049.79103686202,PAYMENT,492088.321447441,5,522,19,0,0,0
53139.75472115715,TRANSFER,452792.29229870194,5,654,9,0,0,0
15959.292433686984,TRANSFER,435834.4546347563,2,1666,0,0,0,0
150657.72031925546,CASH_OUT,151085.07667917042,4,58,4,0,0,1
8188.2141597325435,TRANSFER,375394.0882270003,5,1509,19,0,0,0
28311.173625170584,PAYMENT,425551.72298257274,6,1640,3,0,0,0
143778.42163998273,CASH_IN,339163.1023156316,3,379,0,0,0,0
27212.857134677502,TRANSFER,125280.87828399026,3,728,18,0,0,0
50878.250886505135,TRANSFER,476916.9859374792,4,883,18,0,0,0
25341.21515045698,PAYMENT,225409.70572933793,1,556,23,0,0,0
16025.086503344062,CASH_IN,64902.779332939695,2,1714,21,0,0,0
206688.5264565887,CASH_OUT,54888.947528696,10,140,21,0,0,1
26325.228792271162,TRANSFER,323759.4936495229,5,1654,14,0,0,0
112262.62534240661,PAYMENT,218854.82320836958,3,276,10,0,0,0
13065.290624194522,PAYMENT,47241.93758948181,3,1898,21,0,0,0
11983.004068942895,CASH_OUT,370182.2860780473,2,100,23,0,0,0
1581.45245477775,PAYMENT,399662.58362930984,3,142,4,0,1,0
52729.79294379948,CASH_OUT,362707.81539322564,2,495,2,0,1,0
22984.952708610068,TRANSFER,101130.43884200645,5,1449,16,0,0,0
99886.90294133968,TRANSFER,344887.7279980347,2,858,15,0,0,0
32047.655735140685,CASH_IN,5361.401447192548,5,76,7,0,0,0
172404.11706004004,TRANSFER,152556.0698392046,3,823,19,0,0,0
10260.60891304192,CASH_OUT,199410.76570377187,2,610,2,0,0,0
101484.27523649552,CASH_OUT,417623.4744427508,4,272,11,0,0,0
74938.86523371488,CASH_IN,195197.18653470214,3,485,7,0,0,0
73684.60219450181,CASH_OUT,5634.723094699146,4,961,14,0,0,0
93146.63054072944,TRANSFER,176173.2059140047,3,212,10,0,0,0
71569.60563018636,CASH_OUT,249462.0491796436,2,1378,12,0,0,0
49204.43752117819,PAYMENT,474502.3933363867,5,1395,22,0,0,0
7034.699296379124,TRANSFER,470517.15189477237,2,1637,7,0,0,0
1653.3456674992856,TRANSFER,90437.01911070579,1,1040,12,1,0,0
126819.1650907132,TRANSFER,92573.27086972578,4,1456,15,0,0,0
47940.38447153901,CASH_IN,81690.72823227524,2,1727,17,0,1,0
79613.62694658198,TRANSFER,394460.96620705165,5,995,15,0,0,0
32842.91801348973,PAYMENT,3011.020184203184,3,792,12,0,0,0
6238.958208700401,CASH_IN,63588.59909593867,4,732,13,0,0,0
6687.18745581692,CASH_IN,268979.8158220495,2,667,7,0,0,0
57848.94074723557,TRANSFER,123781.03344338277,1,1231,19,0,0,0
28132.785996209514,CASH_IN,46178.22911963104,3,1294,1,0,0,0
11189.983744581807,CASH_OUT,179939.00616691716,3,1838,19,0,0,0
33823.800670466546,TRANSFER,137103.8025301224,5,662,7,0,0,0
3318.1525396729835,CASH_IN,255552.15325714226,5,1134,5,0,0,0
43610.27161624753,CASH_OUT,489616.7969150979,1,1900,12,0,0,0
15666.63983062287,CASH_OUT,62152.31840745921,2,324,2,0,0,0
79865.36450159809,TRANSFER,186363.35241704716,6,642,6,0,0,0
18579.41985900969,PAYMENT,465992.5089362373,1,188,5,0,0,0
30368.675459765625,TRANSFER,438436.5217469113,3,1459,4,0,0,0
584.4293025465452,PAYMENT,197135.5173921403,3,87,15,1,0,1
3760.261115334893,CASH_IN,349476.63225986826,4,1590,21,0,0,0
24919.62485428586,PAYMENT,43928.506790672785,4,304,2,0,0,0
32690.44243900063,CASH_OUT,356270.52777180757,5,1107,4,0,0,0
45817.105174595665,CASH_IN,486428.86474237073,2,1252,2,0,0,0
17241.735753722907,CASH_OUT,268744.0764170958,1,1055,14,0,0,0
59369.20571945929,CASH_OUT,249245.11351720712,1,1388,1,1,0,0
98349.37522015511,CASH_OUT,93659.30985095516,3,1075,14,0,0,0
75672.53193487854,TRANSFER,316894.09945364593,4,523,12,0,0,0
2021.2508198851579,CASH_OUT,295218.64038945746,5,195,1,0,0,0
32745.092075105415,CASH_OUT,325966.5297378753,6,146,17,0,0,0
5542.677540477307,TRANSFER,13041.643342360909,5,804,9,0,0,0
13856.56413923591,CASH_OUT,274361.7441745368,2,1926,3,0,0,0
215859.13276147167,PAYMENT,297467.4217486865,4,372,1,0,0,0
7686.445108652932,PAYMENT,103765.0677064011,3,1631,19,0,0,0
34546.29781045037,PAYMENT,104166.428744268,3,1937,13,0,0,0
48137.121748064324,CASH_OUT,138109.0842554749,4,318,2,0,0,0
60611.16574288691,CASH_OUT,355860.7958636188,1,367,11,0,0,0
41009.12120190553,CASH_IN,303133.0317661858,1,1174,4,0,0,0
490.9447692281613,CASH_OUT,422881.3230589023,6,905,1,0,0,0
19760.491799893007,CASH_IN,147829.2859215491,1,1188,13,0,1,0
36460.654678634164,CASH_OUT,456034.02994415915,2,344,22,0,0,0
4598.445855202536,CASH_IN,371853.08099167916,2,1781,4,0,1,0
21587.39455418413,TRANSFER,197505.83500684847,2,533,6,0,1,0
1688.3422852762026,TRANSFER,47631.03281272796,4,1320,14,0,0,0
4091.8844804043624,PAYMENT,128491.83124374125,6,169,18,0,0,0
25285.542676779743,TRANSFER,478384.1086074251,5,1711,21,0,0,0
7119.425296233068,TRANSFER,155181.6879420397,2,514,18,0,0,0
41913.370195906034,TRANSFER,164950.4800745322,3,1438,16,1,0,0
58472.9281579217,PAYMENT,94794.46554885851,4,1174,15,0,0,0
80618.78595553797,CASH_OUT,403425.30056938267,2,286,7,0,0,0
11166.56871289236,CASH_OUT,137822.1151211387,4,824,12,0,0,0
9165.056756753847,TRANSFER,165129.1241844278,1,276,20,0,0,0
5522.440864253784,CASH_OUT,207174.05421581332,0,614,10,0,0,0
50589.205735206524,PAYMENT,216864.13988730486,3,478,0,0,0,0
61289.746975579976,CASH_OUT,205670.39520751085,4,1017,17,0,0,0
1604.7873368016055,TRANSFER,251871.84768736432,1,1897,23,0,0,0
137609.70272244545,CASH_OUT,407256.4398082016,5,1373,6,0,0,0
2668.5242839504017,TRANSFER,409642.520371011,2,1614,19,0,0,0
38967.5444047811,CASH_OUT,399156.56688167347,1,749,2,0,1,0
61732.00020306195,CASH_OUT,50562.41955824375,2,910,19,0,0,0
102385.17762273805,CASH_OUT,399839.4016374071,4,996,20,0,0,0
62603.37364360131,CASH_IN,60125.88674328839,2,1815,15,0,0,0
80905.79362983629,CASH_OUT,62361.88502612899,0,1216,3,0,1,0
20734.13745732168,PAYMENT,473931.3858174804,1,198,12,0,0,0
84322.72846739617,CASH_OUT,409698.9223527707,2,1972,0,0,0,0
4175.322487908133,CASH_OUT,276205.2334340043,5,576,0,1,0,0
112602.5159392608,TRANSFER,437485.10223893105,3,1645,11,0,0,0
39658.58414394647,TRANSFER,494682.32127593143,4,1357,12,0,0,0
84994.88048327593,CASH_IN,305321.0333158888,2,711,6,0,0,0
30103.04859675232,CASH_IN,306449.218490759,3,485,2,0,0,0
51581.950086004435,PAYMENT,377213.514579964,1,781,3,1,0,0
37369.89069793848,PAYMENT,116069.47618266639,0,877,0,1,0,0
65761.89174934603,TRANSFER,83562.43075939968,0,1827,17,0,0,0
4257.7449944478085,TRANSFER,379790.37500753626,3,1409,4,0,0,0
3112.501565950754,CASH_IN,172452.39749705116,1,1941,19,0,0,0
14191.357876995819,PAYMENT,67535.178152967,4,1404,10,0,0,0
8690.574325757503,TRANSFER,157438.86295887487,1,1164,2,0,0,0
102701.7778501199,CASH_OUT,179318.4339372877,4,633,17,0,0,0
12372.707909027697,CASH_OUT,482613.82975284534,2,320,16,0,1,0
186205.14047170465,CASH_IN,348979.85554396163,1,302,13,0,0,0
20541.156216571464,TRANSFER,265428.15869986697,1,716,0,1,0,0
10051.855198942643,TRANSFER,484436.56934130244,3,315,16,0,0,0
77960.65487971737,CASH_OUT,451569.87023709033,1,785,6,0,0,0
53750.81026707593,PAYMENT,256000.42830707986,4,38,15,0,0,0
34477.25543617169,CASH_OUT,452839.8176884904,3,820,0,0,0,0
40524.91495578103,PAYMENT,202152.3290313283,5,1098,14,0,0,0
63505.94698644831,CASH_OUT,115210.33267831232,1,1118,1,0,0,0
12967.997284335337,CASH_IN,116339.08841104257,5,1193,1,0,0,0
280431.56160238525,PAYMENT,331157.76222106337,3,366,23,0,0,1
184031.99889450474,CASH_OUT,250535.16035363855,5,715,4,0,0,0
52537.65450662784,TRANSFER,329475.42350272334,2,702,3,0,0,0
11128.588923444668,TRANSFER,343037.98213108495,6,1693,2,0,1,0
57007.389763768435,CASH_OUT,11161.436448858807,2,1331,7,0,0,0
3746.8685917146645,CASH_IN,27019.79617395117,3,1063,13,1,0,1
1556.605826180974,TRANSFER,266338.86329562496,2,1399,5,0,0,0
14898.937656944827,TRANSFER,95517.73888003845,5,1451,22,0,0,0
31052.765093671947,CASH_OUT,316266.88440221985,2,1270,10,0,0,0
101350.99625954202,TRANSFER,276092.869585324,3,1548,4,0,0,0
64945.14894089445,CASH_IN,292880.1791854456,4,1704,4,0,0,0
67876.8952374661,TRANSFER,151227.68991550533,5,1456,13,0,0,0
27712.178970370693,CASH_IN,319921.75313894835,1,1288,23,0,0,0
21227.42663447413,CASH_IN,414746.31824251154,4,1360,16,0,0,0
23184.282527364852,CASH_OUT,499035.62679611857,3,1081,18,0,0,0
219703.1945758252,CASH_OUT,419222.19308610715,7,312,10,0,0,1
2046.7871021964336,CASH_IN,278749.3798399737,3,537,6,0,0,0
100882.14958778695,TRANSFER,96714.79583997828,4,788,12,0,0,0
43217.587067633125,CASH_OUT,340722.93805991043,3,936,18,0,0,0
28867.454051732977,CASH_OUT,468826.8927789891,6,179,17,0,0,0
64596.078374443525,TRANSFER,105933.2698661512,3,1206,15,0,0,0
33341.7151799607,PAYMENT,127997.81026328854,1,1019,11,0,0,0
103345.31706338834,CASH_OUT,74504.27170582558,2,1840,14,1,0,0
115481.42398101873,CASH_OUT,368360.82181320083,3,1501,0,1,0,1
27384.935067701237,CASH_IN,203280.75171182962,1,964,10,0,0,0
16205.395354257096,PAYMENT,31347.81944319204,4,1316,6,0,0,0
44867.356097045464,TRANSFER,437474.99574514007,2,1302,15,0,0,0
121727.79697617995,PAYMENT,278835.95235128334,2,1955,8,0,0,0
11828.044947501228,TRANSFER,165547.1460001779,4,1702,19,0,0,0
48771.07288497878,PAYMENT,171991.48803054847,2,1683,8,0,0,0
49923.900011277176,TRANSFER,145125.6100954534,2,943,11,0,0,0
66046.50075634278,CASH_OUT,227740.08619632092,3,1468,18,0,0,0
7053.281485133021,PAYMENT,168520.84424407248,1,1763,13,0,0,0
62908.24545635549,TRANSFER,273973.1520353047,0,1883,11,0,0,0
119862.66031446225,CASH_IN,386758.6261356471,7,346,23,0,0,0
9903.228039007228,TRANSFER,337230.64172218676,4,203,8,0,0,0
13560.479584358098,CASH_IN,147228.44637705857,5,274,20,0,0,0
177708.85194307557,CASH_IN,264370.5057698896,3,371,11,0,0,0
9982.152737757895,CASH_OUT,420063.0799561254,3,38,12,1,0,0
96339.4883878329,PAYMENT,34103.117371362736,0,508,4,0,0,0
33891.047127677455,TRANSFER,39148.63349345238,1,51,4,0,0,0
14199.848499718522,CASH_IN,278085.0340248767,1,1874,8,0,0,0
102300.30008724245,TRANSFER,319557.5641949016,6,306,18,0,0,0
29466.86627799779,PAYMENT,105706.50788795204,4,960,19,0,0,0
36161.493455055905,TRANSFER,372610.063345759,2,796,5,1,0,0
22254.49795889039,CASH_OUT,323131.6885203637,3,954,7,0,0,0
44941.06713425393,CASH_OUT,461644.63411814324,4,1138,17,1,0,0
8927.864880881569,TRANSFER,84477.10092926836,4,82,12,0,0,0
24803.545318173678,PAYMENT,375687.1326790053,1,1627,15,0,1,0
174357.90209105719,PAYMENT,41821.54529163351,3,1751,19,0,0,0
14929.294021200309,PAYMENT,282646.20475894876,3,1114,4,0,0,0
53462.86922585514,CASH_OUT,275947.5697495729,6,704,21,0,0,0
19666.210219446355,TRANSFER,194192.5223233703,1,884,10,0,0,0
74244.58453535826,CASH_OUT,422285.5738342836,2,453,16,1,0,0
7013.338980506837,PAYMENT,2185.322393006117,3,1135,21,0,0,0
175030.52272121998,CASH_IN,260089.70094926038,2,600,9,0,0,0
30237.54610823689,TRANSFER,108576.7749175937,5,884,6,0,0,0
13462.677174886012,CASH_OUT,371749.3095582164,3,798,10,0,0,0
3816.8861277968535,CASH_OUT,21533.713153048582,1,1552,7,0,0,0
9301.897005229697,PAYMENT,415777.3440907888,3,1225,18,0,0,0
36674.91727147908,PAYMENT,419046.11335347575,2,87,4,0,0,0
20549.25399025833,PAYMENT,416433.0062017515,3,1265,15,0,0,0
88270.49420610788,CASH_OUT,76284.26336633493,2,211,0,0,0,0
28183.85953427962,PAYMENT,315203.25928052247,4,1773,22,0,0,0
14298.46184879255,PAYMENT,7183.679591694802,2,1958,18,0,0,0
48004.94582867339,TRANSFER,423981.2956445999,2,1846,21,0,0,0
61341.13034796724,TRANSFER,361487.59675431025,5,963,9,0,0,0
9138.597384292341,CASH_OUT,265576.86544962635,3,438,13,0,0,0
9173.263506538035,TRANSFER,365295.71654830856,1,515,16,1,0,0
1868.0364004741368,CASH_IN,47162.048325886106,4,36,12,0,0,0
66666.50603949171,TRANSFER,264327.9160884282,3,459,15,0,0,0
54503.12625735495,PAYMENT,145638.2459082227,3,1389,18,0,0,0
32182.70848176464,TRANSFER,486309.7316114865,1,659,11,0,0,0
92949.62453380751,CASH_OUT,428558.97531195084,3,1600,15,1,1,1
81909.91605846757,TRANSFER,366637.8479169884,5,1048,16,0,0,0
44016.55068179608,TRANSFER,466873.817624866,2,1148,14,0,0,0
101350.53132645013,TRANSFER,173421.65228273688,0,1054,6,0,0,0
11523.592518528678,CASH_OUT,450439.94949409063,3,1457,18,0,0,0
5934.651069514229,TRANSFER,162619.11605335516,4,1806,20,0,0,0
15718.390286405396,CASH_OUT,366398.3598455765,3,1495,4,0,0,0
2939.0553364981356,CASH_OUT,368208.45588822453,3,1784,14,0,0,0
37875.70214169719,TRANSFER,9174.938227046736,5,1858,14,0,0,0
137919.06027009833,TRANSFER,180529.84913909758,2,1461,0,0,0,0
2006.9208204691117,CASH_IN,9716.336204248943,2,1678,14,0,0,0
6511.693999155837,TRANSFER,498546.00880512426,2,1698,2,1,0,0
30092.162415096547,PAYMENT,61098.380914618996,3,1960,19,0,0,0
135810.43269379972,TRANSFER,271405.4478240547,2,1429,19,0,0,0
19001.28055283935,PAYMENT,395278.1193813186,4,1984,14,0,0,0
35386.12518856726,CASH_OUT,100631.80113044623,3,1594,23,0,1,0
2123.086650052585,CASH_IN,242526.33404773634,1,1939,7,0,0,0
8028.582566820946,TRANSFER,303714.3804605754,3,692,19,0,0,0
215737.55422666893,PAYMENT,80102.37719777269,5,487,9,0,0,0
167790.21539099546,TRANSFER,389277.72995576926,5,1019,13,0,0,0
247.61114869138078,CASH_OUT,149668.22859468265,3,1788,2,0,0,0
151632.03993394077,PAYMENT,105511.53816942016,4,1973,8,0,0,1
50960.48067842505,CASH_OUT,279144.37321870844,5,1131,23,1,0,0
101216.72834882553,TRANSFER,205156.81382146894,3,1424,19,0,0,0
30324.613454600476,CASH_OUT,460142.9723182089,3,154,9,1,0,0
36241.803434888556,PAYMENT,440031.349099077,0,872,20,0,1,0
33554.274975443,CASH_IN,241675.33169444161,4,1886,1,0,0,0
54960.26185327917,TRANSFER,179631.8873627988,3,1737,22,0,0,0
7520.872710472859,PAYMENT,162758.9908156326,3,951,17,0,0,0
1521.5990459985635,TRANSFER,133781.8115407537,1,1237,0,0,0,0
18403.404400689044,TRANSFER,272273.9268562386,1,1585,10,0,0,0
60984.91737704197,CASH_IN,402489.30236727174,3,351,4,0,0,0
11273.152721830518,CASH_IN,155378.3041017789,3,1086,23,0,0,0
55955.92046659895,PAYMENT,95047.04484404075,1,1484,3,0,0,0
175181.51951146047,CASH_OUT,237741.90309164338,5,1034,0,0,0,1
4930.319686089349,TRANSFER,34517.20839883327,3,1555,3,1,0,0
55828.95419522681,CASH_OUT,350639.50306485343,2,1866,23,0,0,0
29326.89198785868,TRANSFER,259179.1331509668,2,714,22,1,0,0
101301.58110967583,TRANSFER,248187.4039864271,6,750,21,0,0,0
9749.05495293219,PAYMENT,150222.68977501124,3,1251,21,0,0,0
58984.49381901769,CASH_IN,452336.71876586834,1,1833,0,0,0,0
91043.54307988228,TRANSFER,45243.14592477635,3,748,14,0,0,0
144671.61936901364,CASH_OUT,434912.0044435157,0,341,18,0,0,0
57481.81174923111,CASH_IN,188352.60120796133,3,352,1,0,0,0
34375.63063057698,CASH_OUT,440311.75798751117,3,947,22,0,0,0
48096.74277754707,PAYMENT,364380.72916619177,3,1987,13,1,0,0
101591.64546839557,CASH_OUT,52085.36333101915,1,1906,21,0,0,0
42269.45460345029,TRANSFER,415768.14325467683,5,1792,2,1,0,0
1542.9158866952598,CASH_IN,341088.41684975254,10,905,3,0,0,0
133645.27536495865,CASH_OUT,16150.956457674227,0,72,0,0,0,0
58482.87680055752,TRANSFER,66851.34105483498,3,1656,10,0,0,0
56429.877193974455,TRANSFER,317814.02791784756,5,419,19,0,0,0
12146.599900901198,CASH_IN,331300.25144014246,4,936,17,0,0,0
53776.849683404434,CASH_IN,373325.7164187975,5,558,20,0,0,0
25032.57824479294,CASH_OUT,360122.700387491,5,257,15,0,0,0
52667.55678436183,CASH_OUT,329759.9773349775,0,252,14,0,0,0
5635.653439134802,PAYMENT,383119.45087321126,3,1672,16,1,0,0
53624.615923292826,TRANSFER,287542.85294618644,2,1450,21,0,1,0
372086.1454852203,PAYMENT,130395.69276222745,4,533,1,1,0,1
2470.6499447150345,CASH_OUT,456188.30686535913,1,205,0,0,0,0
188993.15562811142,CASH_OUT,9107.015465988965,1,1274,13,0,0,1
26120.284122729863,PAYMENT,183280.8599357451,0,451,13,0,0,0
102301.67305078765,CASH_OUT,364435.14654858166,4,881,17,0,0,0
76251.50284671462,CASH_IN,213578.02057483717,4,1347,21,0,0,0
41852.75529632762,CASH_OUT,12417.203740007155,2,1358,21,0,0,0
67056.33929263293,CASH_OUT,32990.45155810659,1,1152,18,0,0,0
105398.45504791698,CASH_IN,324318.68456914433,1,1284,5,0,1,0
25887.503932435135,TRANSFER,482432.2997026498,2,1886,3,0,0,0
19802.961239550325,PAYMENT,275931.81791724946,3,905,7,1,0,0
55069.815858615344,CASH_OUT,253378.90901188453,0,1871,12,0,0,0
82472.89214855367,PAYMENT,159162.60652813362,5,554,19,0,0,0
71834.1684410256,PAYMENT,128345.33693303158,3,888,6,0,0,0
79928.27382238877,TRANSFER,10492.490878142358,3,160,9,0,0,0
28598.124837094325,PAYMENT,136477.43382023557,1,241,17,0,0,0
85141.90531929316,PAYMENT,224555.2204326262,1,1081,21,0,0,0
6403.548132678573,TRANSFER,98974.89152447508,0,1891,20,0,0,0
39316.781417214144,TRANSFER,43673.99424071461,4,1995,0,0,0,0
288.7652758126927,TRANSFER,358863.9336273013,3,331,4,0,0,0
19621.459547159393,CASH_OUT,447310.13453403354,2,678,21,0,0,0
22821.728131459306,TRANSFER,468386.0348435428,2,475,1,0,0,0
25223.35175943337,TRANSFER,308999.3642484947,4,1866,10,0,0,0
59448.82510155721,TRANSFER,26387.291299640903,4,1726,15,0,0,0
24596.767135570324,PAYMENT,370431.3149808867,0,545,6,0,0,0
29773.229278196424,TRANSFER,55047.65263094319,0,1450,13,0,1,0
13560.532436598896,CASH_IN,334874.058843912,6,1105,0,0,0,0
23360.52002753381,CASH_OUT,389682.91787393787,6,1731,11,0,0,0
12891.254876652441,TRANSFER,362932.35541323636,3,1886,10,0,0,0
3800.654412769361,PAYMENT,475941.9028805653,0,1355,16,0,0,0
46247.47976592281,TRANSFER,369073.14223369485,5,502,11,0,0,0
55163.07375355345,TRANSFER,346604.88899090426,5,1950,16,0,0,0
48312.18650742091,CASH_OUT,130871.5860915512,3,701,17,0,0,0
31133.88075084737,TRANSFER,462384.34321795084,6,391,15,0,0,0
23884.517238994995,CASH_OUT,89771.93539708345,2,1230,0,0,0,0
99510.63609473775,CASH_IN,452448.30573656317,4,560,22,0,0,0
36602.90274007968,TRANSFER,156331.2716729552,3,1646,4,0,0,0
32617.719575762472,CASH_IN,65081.79693883437,0,539,22,0,0,0
1298.8276971007238,PAYMENT,413341.5136355854,4,1233,4,0,0,0
20870.39407053988,TRANSFER,1247.7268004145726,4,1476,15,0,0,0
23917.56824494026,TRANSFER,416044.15884041536,1,1243,23,0,0,0
25443.27570989996,PAYMENT,131155.92102298795,2,582,23,0,0,0
43395.552743263535,CASH_IN,442360.6363778106,5,873,18,0,0,0
38135.855217643446,CASH_OUT,345739.5911207896,6,1201,1,0,0,0
46812.56791374099,TRANSFER,333091.66642529506,3,1587,6,0,0,0
72383.65643934406,TRANSFER,182659.78158242168,4,1802,15,0,0,0
83828.52007425824,CASH_OUT,29701.48694538549,3,1724,22,0,0,0
63314.23719156955,TRANSFER,415036.5491027886,2,639,2,0,0,0
155639.93625021027,CASH_IN,85451.897588264,2,116,17,0,0,0
920.0422291350013,TRANSFER,186129.3209473761,3,649,9,0,0,0
10893.995535625647,PAYMENT,300177.3427545409,0,341,1,0,0,0
379.58092657078447,PAYMENT,241126.86928031084,2,304,18,0,0,0
52131.64632038758,TRANSFER,99330.31758565902,4,1166,14,0,0,0
114154.10050332385,CASH_OUT,70308.17844114195,1,1887,15,0,0,0
13951.467213888674,PAYMENT,61623.136125145305,4,351,7,0,0,0
130888.45831118594,CASH_IN,431503.9407496005,4,323,7,0,0,0
3107.995096936032,PAYMENT,15779.774530666813,3,580,16,0,0,0
136236.44615000588,CASH_OUT,488507.12979994714,5,1794,20,0,0,0
21664.12396532692,CASH_OUT,99264.34519270704,5,1593,13,0,0,0
5347.023069596843,CASH_OUT,55161.148439539065,3,552,20,0,0,0
33264.12744497058,TRANSFER,288485.8273883976,2,1799,17,0,0,0
14837.928153908595,PAYMENT,39992.97897034831,4,910,20,1,0,0
16764.749629583097,CASH_OUT,301226.63158179744,1,1146,15,1,0,0
18357.18935806393,PAYMENT,425313.3224068066,4,562,5,0,0,0
81234.15099827117,TRANSFER,23949.010733712417,3,698,22,0,0,0
38735.356906913024,PAYMENT,399934.30226427206,3,634,16,0,0,0
18648.034787672626,CASH_IN,197238.72049105933,3,1051,18,0,0,0
47123.238047725616,CASH_OUT,79745.31691560498,4,1029,3,0,0,0
62965.58623240507,CASH_IN,88048.24013372953,4,583,22,0,0,0
15915.5871104023,CASH_OUT,459382.2718471131,4,681,23,0,0,0
26683.316697955106,TRANSFER,55302.875970332236,0,31,20,0,1,0
6498.947976070027,CASH_IN,433391.3935578285,2,69,6,0,0,0
9992.678386106936,CASH_IN,272122.3104918073,4,1155,17,0,0,0
57146.68463130851,TRANSFER,19528.08940821954,5,348,7,0,1,0
10010.328074182362,TRANSFER,232238.07285866915,8,702,17,0,0,0
37239.224986605004,PAYMENT,408724.75723815034,4,906,18,0,0,0
61729.54997198428,PAYMENT,363101.3938195502,2,971,18,0,0,0
5651.544176023522,CASH_OUT,244391.20884235893,3,807,5,0,0,0
41886.94362840734,PAYMENT,430024.9398481085,4,518,11,0,0,0
14823.548004624206,TRANSFER,60182.38089011485,1,936,5,0,0,0
164743.1485903963,TRANSFER,454970.5266961844,2,1069,13,0,0,1
33038.418566340355,TRANSFER,423220.6042416744,5,293,16,0,0,0
81992.93587176796,TRANSFER,354138.412828618,4,1100,11,0,0,0
39950.562499680556,CASH_IN,408943.87106437463,5,914,1,0,0,0
2219.1524639933064,TRANSFER,271907.753421333,3,715,12,1,1,0
50140.299178717614,CASH_IN,337581.21454883344,3,1313,4,0,0,0
151210.02600623664,CASH_OUT,280299.03535388946,3,457,21,0,0,0
46016.42113769123,PAYMENT,177714.26525397465,5,633,5,0,0,0
85515.11073538645,PAYMENT,284430.39868058875,5,1582,0,0,0,0
107797.32650770167,PAYMENT,128732.66626596286,6,367,7,0,0,0
12943.703291825012,PAYMENT,220139.58542039263,4,274,8,0,0,0
11915.704709007789,TRANSFER,140387.7036301216,3,546,11,0,0,0
47206.35323547652,CASH_IN,61443.894730694505,6,101,20,0,0,0
26468.87161667886,PAYMENT,160930.92819495307,1,155,9,0,0,0
91585.7491084462,CASH_OUT,425993.60909238533,3,1234,2,0,0,0
115140.81768564279,PAYMENT,190540.38532115286,1,546,9,0,0,0
21803.023921175736,TRANSFER,374001.8244844345,2,1088,13,0,0,0
13516.380730422154,CASH_OUT,87598.92711908063,3,52,4,1,0,0
75825.96478962243,CASH_IN,212209.5795838208,1,691,4,0,0,0
16065.806136708288,TRANSFER,57428.034667588276,5,1421,12,0,0,0
86471.44627595175,PAYMENT,69310.53168374485,2,146,16,0,1,0
27559.66503777051,CASH_OUT,308718.18994503457,3,863,9,0,0,0
55063.27516026851,CASH_OUT,303740.90872450557,1,705,1,0,0,0
5020.60086455629,TRANSFER,106685.95367743111,3,608,14,0,0,0
48889.60345326871,CASH_OUT,237211.59714439933,2,57,12,0,0,0
30052.80689813925,PAYMENT,431653.08348897396,2,265,4,0,0,0
44168.00520333024,CASH_OUT,87100.75433824144,4,1012,16,0,0,0
9196.995746157896,TRANSFER,9605.266536757417,2,486,22,0,0,0
66756.06523742664,CASH_OUT,325997.5703317862,5,1008,22,1,0,0
99314.71316059388,CASH_OUT,26749.104044342497,2,436,4,0,0,0
12214.516334426968,PAYMENT,489970.11928622297,3,1706,13,0,0,0
5030.510563140048,CASH_OUT,304810.1418994405,2,1547,9,0,0,0
1196.1229965786995,PAYMENT,235198.17642198614,2,230,14,0,0,0
51357.134402479365,CASH_IN,214996.27001215337,2,1634,1,0,0,0
46709.248666195905,PAYMENT,286535.3292584657,2,261,23,0,0,0
39559.77066917829,PAYMENT,45312.21836010746,6,827,18,0,0,0
13194.83314706444,CASH_OUT,465009.52940974786,2,1625,4,1,1,1
24789.13325326026,CASH_OUT,312821.0342759389,4,884,5,0,0,0
45128.8023769661,CASH_IN,91989.2488054544,2,1662,12,0,0,0
34335.0857495958,PAYMENT,281290.5268823314,0,946,21,0,0,0
220256.65816906633,PAYMENT,66628.25291650581,6,909,7,0,0,0
7334.580630766366,PAYMENT,8776.358779156057,2,1898,12,0,0,0
59395.87812102318,TRANSFER,315258.492606999,2,71,13,0,0,0
25902.48004051997,CASH_OUT,324241.6709350639,1,1158,15,0,0,0
27948.266282585788,PAYMENT,291848.29140170774,3,1869,0,0,0,0
63221.14307095265,PAYMENT,91741.60218001154,5,1926,4,0,0,0
58953.62876599073,TRANSFER,301714.92924738355,3,1769,22,0,0,0
236969.34039321847,CASH_IN,28255.470462259902,1,179,20,0,0,0
6870.906206829155,TRANSFER,304619.17778596113,0,1564,7,1,0,1
5496.862502032771,CASH_OUT,277008.5095538094,1,789,1,0,1,0
64429.138283677115,CASH_IN,327627.41541954974,3,1382,20,0,0,0
43183.362523399024,PAYMENT,447737.8028761969,3,1148,19,0,0,0
16021.329622501307,TRANSFER,425179.0526197683,3,79,2,0,0,0
4137.534367389873,CASH_OUT,490327.09578126937,1,1756,1,1,0,0
4477.543553195397,CASH_OUT,488120.5164682875,4,1741,23,0,0,0
112305.92562327946,PAYMENT,386159.8466868763,1,1887,10,0,0,0
10651.4515929982,TRANSFER,478209.811088864,2,907,3,0,0,0
19531.64964737904,PAYMENT,433641.942944556,7,1492,13,0,0,0
12851.591504781665,CASH_IN,363791.2249474864,0,577,13,0,0,0
21924.961740521037,PAYMENT,37692.1273218776,1,1000,9,0,0,0
3597.5680365814915,TRANSFER,24524.944134943882,1,826,19,0,0,0
36600.61610127674,PAYMENT,418799.7837528851,3,1537,3,0,0,0
3500.3423188720685,TRANSFER,244827.92893584914,3,639,6,1,0,0
80561.10210796261,CASH_OUT,407303.34218746045,2,1228,9,0,0,0
13309.865384210301,CASH_OUT,156459.1353276097,4,662,2,0,0,0
38827.734557429736,TRANSFER,198824.9291615064,3,79,4,0,0,0
106046.14082448708,CASH_IN,350093.36050596595,1,1574,3,0,0,0
52616.6020205132,CASH_OUT,457663.3684660466,2,1641,16,0,0,0
38066.781628736586,CASH_OUT,43880.73723944297,3,1650,19,0,0,0
19602.8021242073,CASH_IN,430739.0723173031,3,475,22,0,0,0
20248.40506119234,CASH_OUT,396506.36243968265,4,1570,10,0,0,0
55355.457528486804,PAYMENT,157769.63536492732,5,1060,4,0,0,0
256974.83373536522,TRANSFER,177608.30706577978,3,969,11,0,0,0
54211.68634826156,CASH_OUT,23230.738610954817,4,1090,13,0,0,0
40797.77554839906,CASH_IN,7870.305558358992,2,1946,21,0,1,0
65587.27620964056,CASH_OUT,238503.06317886454,5,1299,12,0,0,0
31293.646399120444,TRANSFER,47769.822748655264,1,1552,10,0,0,0
3101.342174160877,CASH_OUT,97000.9072076065,4,544,21,0,0,0
41310.71300719805,CASH_OUT,423383.59976333176,2,1708,11,0,0,0
158060.17136476675,CASH_OUT,285514.19562522625,4,624,6,0,1,1
9636.958147035177,CASH_OUT,316816.2186330567,2,1934,0,0,0,0
58559.937923412894,CASH_OUT,93739.66541596001,4,800,21,0,1,0
11215.567187112898,PAYMENT,414330.90222720976,2,369,8,0,1,0
38374.97130132232,TRANSFER,433989.8862198738,2,1388,20,0,0,0
5083.724185118044,TRANSFER,261663.7968565217,5,643,22,0,0,0
29925.582892294035,TRANSFER,456278.8859393299,1,1256,18,0,0,0
70562.83292712283,CASH_IN,422414.3124772908,3,427,3,0,0,0
21352.688074272708,CASH_IN,365662.08833721903,5,33,3,1,0,1
54668.063643804424,PAYMENT,367037.9578468143,2,448,10,0,0,0
79347.13214581751,CASH_IN,52696.736975431646,4,1957,5,0,0,0
130986.73463521045,TRANSFER,135418.0188478329,2,704,18,0,0,0
13370.584385777782,TRANSFER,33423.60990883803,2,353,18,0,0,0
25484.30664572674,PAYMENT,4340.604613154331,1,1601,20,0,0,0
8268.26726612014,PAYMENT,79154.76569195506,6,1131,10,0,1,0
244532.74810240275,TRANSFER,440243.59132347,2,713,17,1,1,1
130865.45485792862,TRANSFER,119937.02951802577,3,1629,16,0,0,0
38821.77993995613,CASH_IN,485076.98129586084,4,1760,13,0,0,0
92268.54960309858,PAYMENT,298645.49978060304,3,1558,17,0,0,0
36798.34776491431,TRANSFER,118629.24381734518,3,1073,13,0,0,0
48853.24243108654,PAYMENT,248565.4017421064,3,1893,12,1,1,1
4667.448977151091,CASH_OUT,109547.4113500577,4,1307,8,1,0,0
70380.07175778695,CASH_OUT,491986.77909118694,4,1238,18,0,0,0
6831.866761445356,TRANSFER,423632.4919524819,3,1821,10,0,0,0
87454.43674676697,TRANSFER,13119.394391164551,6,84,18,0,0,0
76169.45335093325,CASH_OUT,473888.0157337356,3,811,16,0,0,0
61677.75345468045,PAYMENT,360532.5536514437,2,1694,15,1,0,0
1841.518402577656,TRANSFER,41190.626010639164,2,598,17,0,0,0
18057.70200257751,TRANSFER,335318.8731632228,2,369,14,0,0,0
15266.006958956374,CASH_OUT,323463.34898284276,5,43,21,0,0,0
22325.013100975848,CASH_OUT,109394.37290379172,5,1104,13,0,1,0
4586.182028618881,CASH_IN,379223.35000378784,1,1401,14,0,0,0
138197.5650446037,PAYMENT,43532.35165648356,1,1924,17,0,0,0
40349.65093815907,CASH_IN,244722.5906156239,1,1034,11,0,0,0
18229.90609738011,CASH_IN,4961.603581543961,5,87,9,0,0,0
25290.371555329955,TRANSFER,484368.7444473732,3,1430,7,0,0,0
29638.18011213151,CASH_OUT,375781.8158884547,4,1172,21,0,0,0
45888.8835110396,CASH_IN,79426.03807982801,1,1944,17,0,0,0
36250.41260227198,CASH_IN,170837.01997564148,3,1830,21,0,0,0
125907.85232588233,PAYMENT,80281.18890408814,4,884,13,0,0,0
34354.62564603948,PAYMENT,383308.7320646573,0,493,17,0,0,0
242413.16326801176,PAYMENT,29448.162713857586,4,589,0,1,1,1
95333.25566641401,TRANSFER,420203.3277818571,3,440,15,0,0,0
11691.934191971593,TRANSFER,471098.16941786493,4,1669,4,0,0,0
133389.9730294427,PAYMENT,338313.97140314995,3,741,20,0,0,0
6185.638975497147,PAYMENT,106482.7250007171,1,953,7,0,0,0
85036.47870053629,CASH_OUT,180045.04790677538,2,1493,19,0,0,0
23952.080933354857,TRANSFER,238619.93740446563,3,1007,1,1,0,1
105176.1884121618,CASH_OUT,302312.38610112685,1,703,22,0,0,0
101269.14595778134,CASH_OUT,334331.54490584374,2,543,18,0,1,0
81975.63291787238,CASH_IN,277107.35765944136,4,1044,2,0,0,0
78039.63467821306,CASH_OUT,175656.9604109279,5,1077,7,0,0,0
18169.093479589337,CASH_OUT,445458.6402824515,3,103,2,0,0,0
4219.066460037473,TRANSFER,40696.029008979116,1,1358,17,0,0,0
25790.24823711498,PAYMENT,233128.02712174752,5,837,7,0,0,0
9529.251168332878,TRANSFER,387782.41923374037,4,280,17,0,0,0
59364.1575488737,CASH_OUT,30436.332645700448,5,1061,23,0,0,0
21240.02131065532,CASH_OUT,352667.6084056506,3,1378,4,1,1,1
185679.51510635414,CASH_OUT,409855.8113766625,4,96,9,0,0,1
51217.755726806216,TRANSFER,330415.64926352614,3,1278,10,0,0,0
86433.75877049688,CASH_OUT,6468.446137677996,2,443,3,0,0,0
7108.410438327972,CASH_IN,90068.51356610312,1,593,9,0,0,0
99030.32716682255,TRANSFER,171056.5394459754,2,836,4,0,0,0
128040.07243080664,CASH_OUT,116845.01781902295,2,1636,11,0,0,0
33380.00702741247,PAYMENT,481326.0701137137,2,522,9,0,0,0
46602.327491249525,TRANSFER,325796.9570568968,5,1052,11,0,0,0
72368.03671659189,PAYMENT,148485.47867578515,4,1138,4,0,0,0
9608.815422728963,CASH_OUT,464848.7493327228,3,1283,10,0,0,0
34914.627410819725,TRANSFER,370297.09973809344,3,1578,0,0,0,0
25429.99078347839,PAYMENT,142303.605913521,2,630,4,0,0,0
7913.105552263051,CASH_IN,189440.7847009777,2,1428,22,0,0,0
22906.474122836575,CASH_OUT,99714.42915197837,3,671,23,0,0,0
3530.3681352055105,TRANSFER,485536.9991329109,0,1563,23,0,0,0
1307.5439984406323,TRANSFER,258648.2479450366,2,1503,13,0,0,0
7260.901616428179,CASH_IN,448028.3437489923,3,991,1,0,0,0
164997.6669988554,CASH_IN,173249.88550842385,4,1516,9,0,0,0
39873.13832790614,CASH_OUT,430420.80154873786,4,300,0,0,0,0
168808.8915942053,CASH_OUT,26943.42421358198,1,984,12,0,0,0
28325.539550412494,TRANSFER,491045.158762144,1,1327,3,0,0,0
18684.961416535203,CASH_OUT,456017.18351665133,3,1122,2,1,0,0
35275.34873886499,TRANSFER,181601.47238832747,2,1399,11,0,0,0
28947.344531327417,CASH_OUT,387361.0826572887,3,1851,11,0,0,0
5583.725029919597,PAYMENT,376128.963236913,7,107,15,0,0,0
51197.460219874636,CASH_IN,450627.3985514658,3,162,13,0,0,0
12169.748099916533,CASH_IN,153627.49056440557,0,1477,7,1,0,0
48325.014225288185,TRANSFER,232760.00265707474,2,1458,21,0,0,0
52519.84196623098,TRANSFER,432499.80630302656,6,733,12,0,0,0
8245.197577722322,CASH_IN,389289.727067608,4,1416,15,0,0,0
3165.6104475265693,CASH_OUT,196733.35937013957,1,805,14,0,0,0
75879.77466119651,PAYMENT,422862.616456061,1,1827,13,0,0,0
30790.831104569315,TRANSFER,23477.019616200745,1,1655,4,1,1,1
2996.1950051907925,CASH_OUT,391023.15148149506,2,225,5,1,0,0
263596.59883683326,TRANSFER,103382.92971685031,5,1879,21,0,0,1
2975.8540712211843,CASH_OUT,143060.4539118936,2,721,16,0,0,0
59377.95067500756,PAYMENT,246607.42179779682,2,1979,8,0,0,0
205764.90388284766,CASH_OUT,224867.25053498696,4,768,17,0,0,1
13667.930847857351,TRANSFER,260285.05343494046,3,982,11,0,0,0
7672.0930616792475,CASH_OUT,272387.7978360119,1,1336,12,0,0,0
6470.420301200467,CASH_IN,165763.84551574846,2,1912,16,0,0,0
18068.23529705549,TRANSFER,87613.756508515,5,1225,6,0,0,0
5326.160177578075,TRANSFER,384240.614643653,5,648,20,0,0,0
58908.97349640917,TRANSFER,199988.07454357104,5,1634,21,0,0,0
3215.8231899763546,TRANSFER,252920.4312295295,2,1413,19,1,0,0
35608.56262173184,CASH_OUT,322348.359175559,2,1704,7,0,0,0
285643.9943399967,PAYMENT,454818.961153328,5,795,22,1,0,1
84092.43883383577,CASH_OUT,353776.41557010997,4,72,0,0,0,0
47754.103830993685,CASH_OUT,22729.612795192257,5,1041,11,1,0,0
18282.441654349263,PAYMENT,419280.1816990088,3,667,21,0,0,0
48894.45714095118,CASH_OUT,494677.5075637596,2,1344,18,0,0,0
37437.37779397671,TRANSFER,236242.51268569106,1,1448,7,0,0,0
27763.558065834786,TRANSFER,484795.16822730034,2,1027,11,1,0,0
7003.946293017256,TRANSFER,273664.3711715747,5,1283,5,0,0,0
108843.55299060237,PAYMENT,229807.99793597488,2,339,21,0,0,0
29872.27648963911,PAYMENT,165702.38236372752,1,1359,20,0,0,0
10822.20910307068,PAYMENT,328777.4379166694,4,1555,23,0,0,0
22924.259169146764,PAYMENT,114910.21026252229,6,1242,5,0,0,0
26732.8467310067,CASH_OUT,52467.10925720216,6,1442,6,0,0,0
87878.88755452666,TRANSFER,13618.55129210704,4,770,8,0,1,0
66140.51614296391,TRANSFER,146190.05635763187,4,1168,11,0,0,0
73332.9163085096,TRANSFER,197885.4160835191,3,386,5,0,0,0
554.6280010766932,CASH_IN,276038.3481406239,2,183,5,0,0,0
26905.90132204877,PAYMENT,146374.91259350322,1,382,8,1,0,0
32825.73605190803,CASH_OUT,492029.7861927056,2,702,21,0,0,0
968.941973322315,CASH_OUT,145872.58412058378,2,1204,6,0,0,0
15042.635201091314,CASH_OUT,220487.69422320437,2,983,3,1,0,0
71416.2340857189,CASH_OUT,51638.08276595017,5,1252,20,0,0,0
7373.385866694463,CASH_OUT,130313.25666853783,2,1021,23,0,0,0
38319.25226324291,TRANSFER,24166.069894495544,4,934,12,0,0,0
12116.437803844688,CASH_IN,279754.316718664,5,1325,9,0,0,0
609.741512438881,PAYMENT,375532.34156621585,1,1510,9,1,0,0
13800.948092514967,CASH_OUT,97854.90716803397,2,1993,20,0,0,0
186222.7511571439,TRANSFER,183955.46890803537,5,776,3,0,0,1
80857.65789807736,TRANSFER,8308.113363580283,1,569,23,0,0,0
160417.37750956166,PAYMENT,419761.02786110603,6,436,20,0,0,1
33457.2812055584,PAYMENT,389981.7624658348,1,1705,17,0,0,0
5811.872709759626,CASH_IN,31627.01543714619,2,583,23,0,0,0
39699.17385008472,TRANSFER,182433.80466020564,8,1062,7,0,0,0
30291.381554346426,PAYMENT,477643.3069247477,6,87,22,0,0,0
93009.54436999046,CASH_OUT,196013.5280394885,1,1418,14,0,0,0
5161.615804331192,TRANSFER,263104.33836200804,1,361,8,0,0,0
33495.08678149231,CASH_OUT,177621.4305051776,5,1254,3,0,0,0
8128.8091858962225,TRANSFER,298065.6940641309,4,1712,6,0,1,0
19628.12975068522,PAYMENT,489078.4378184111,4,1729,0,0,0,0
66847.99390123955,CASH_OUT,498751.2517405985,1,1534,16,0,0,0
32314.909664580886,CASH_OUT,387357.48900559556,1,1386,2,0,0,0
23571.29482107963,CASH_OUT,202155.54901021963,4,1631,21,0,0,0
25083.07700792891,CASH_OUT,247216.10041449417,4,901,23,1,0,0
30758.108045846162,CASH_OUT,178365.66405615272,0,1622,20,0,1,0
76859.7100947232,CASH_OUT,492787.3149521731,2,1878,18,1,0,0
111320.42581618733,CASH_OUT,353880.1529127019,0,649,17,0,0,0
155427.903151115,CASH_OUT,224465.72271675564,3,310,14,0,0,0
77300.48152278487,CASH_IN,6057.63505480117,2,170,9,0,0,0
18946.531280202562,TRANSFER,260241.70719527418,2,1240,14,0,0,0
58259.196734051024,CASH_OUT,491964.10085080896,2,1834,23,0,0,0
28777.374668244694,TRANSFER,261530.45448652597,5,1534,6,0,0,0
14696.452012448884,CASH_IN,91213.34274455684,6,696,5,0,0,0
91902.18630952892,PAYMENT,11046.873552387426,2,965,13,0,0,0
1959.2058371878027,CASH_OUT,177351.87906210453,5,1794,17,0,1,0
116018.1046520186,TRANSFER,459114.02784830343,5,1136,17,0,0,0
30946.29674196398,PAYMENT,498277.0540879405,6,1395,5,0,0,0
50695.38156672787,PAYMENT,472683.9874060013,3,209,12,0,0,0
53845.561785813115,PAYMENT,364709.9966271284,1,1710,10,0,0,0
112745.84490295104,CASH_IN,279071.36422032764,3,208,8,0,0,0
50622.144600213556,CASH_IN,295343.073191126,0,543,11,0,0,0
47587.2932055436,TRANSFER,269496.0045459804,4,169,18,0,0,0
3448.86003909527,TRANSFER,353524.65246149414,3,766,18,0,1,0
36532.90209946091,PAYMENT,209436.6133476762,5,1209,20,0,0,0
8135.888687831075,PAYMENT,334602.0024778827,1,1015,15,0,0,0
66862.59595713725,CASH_OUT,60806.057478600516,1,950,2,0,0,0
35894.73661627142,CASH_IN,132847.65328074188,3,1273,6,0,0,0
57007.31733357541,CASH_OUT,418001.51940431475,2,252,21,0,0,0
2128.3059708177175,TRANSFER,451874.4653716956,2,1033,9,1,0,0
4430.196733423926,CASH_IN,269504.11878014985,1,1212,18,0,0,0
62996.018999146334,CASH_OUT,15817.8086064662,4,952,5,0,1,0
3740.721481731317,TRANSFER,463486.7853958841,2,1552,8,0,0,0
3696.146343450604,CASH_OUT,351032.12901364325,5,1417,17,0,1,0
609.1190004897985,TRANSFER,207013.96187768038,5,472,11,0,0,0
156751.32431098947,CASH_OUT,299189.4715997482,2,1822,4,0,0,1
66876.80215078304,TRANSFER,214887.41722068304,3,64,4,0,0,0
21789.88178668496,TRANSFER,232669.61336602547,4,382,5,0,0,0
17586.89906150494,CASH_IN,443404.9328297008,4,1054,17,0,0,0
21516.322533344002,CASH_IN,80542.12345855577,3,38,5,1,0,0
74505.80998658252,CASH_OUT,51834.567741118386,4,1982,0,0,0,0
54142.45088142516,PAYMENT,1364.372256507873,4,585,10,0,0,0
10240.357755499981,CASH_OUT,157000.18780606333,9,1618,15,0,0,0
9564.644072751096,CASH_OUT,73706.88324221369,5,770,6,0,0,0
5178.974559716974,CASH_OUT,109992.74756905559,2,1228,16,0,0,0
53985.02050167564,CASH_IN,5619.491332688464,2,1004,17,0,1,0
72275.1899611858,CASH_IN,113597.70734385161,1,748,3,0,0,0
15397.397477679515,CASH_OUT,166355.79096618696,3,1166,4,0,0,0
1058.3709225807563,CASH_OUT,15783.748204940663,2,1786,0,1,0,0
4287.2453728468045,CASH_OUT,303952.06214857387,5,518,0,0,0,0
171882.75014186715,TRANSFER,284400.174441879,5,626,4,0,0,1
17509.42826518127,TRANSFER,48517.88925496253,1,1099,21,0,0,0
73315.20216520102,CASH_OUT,297504.8887592005,4,815,18,0,0,0
48996.6252744019,PAYMENT,499326.95930443885,2,280,12,0,0,0
24058.457791466288,TRANSFER,472234.47640577034,4,1965,4,0,0,0
11513.900947795177,CASH_IN,1335.4966838316495,2,1030,17,0,0,0
6470.504452855058,PAYMENT,397689.15566517983,6,1784,23,0,0,0
47727.281423974026,TRANSFER,176802.638118243,2,728,2,0,0,0
74501.42791704588,PAYMENT,31825.68516731371,4,1689,2,0,0,0
51627.78167818545,PAYMENT,147991.60685810403,5,364,8,0,0,0
37783.28138432362,CASH_OUT,160868.25815648114,5,1873,19,1,0,0
2142.829365455452,TRANSFER,261622.11965452842,1,1490,13,0,0,0
172870.5764876777,CASH_IN,330541.88363442733,2,473,2,0,0,1
80151.472442218,CASH_OUT,374527.806104204,0,140,20,0,0,0
17323.64643188236,CASH_OUT,122951.52128163334,8,806,21,0,0,0
195527.02863586092,TRANSFER,160885.28512424848,6,825,13,0,0,1
46050.290223474,PAYMENT,154190.8534298676,1,607,16,0,0,0
43664.275102242515,PAYMENT,181368.43406043825,4,1778,22,1,1,0
68930.83141025073,CASH_IN,499828.15447816934,1,1384,3,0,0,0
83504.47669219384,TRANSFER,388971.65141371294,2,893,17,1,0,0
53425.29453740248,CASH_OUT,487495.2326343485,5,307,15,0,0,0
6853.783099019248,TRANSFER,346555.52977352863,3,576,1,0,0,0
20644.694615775414,PAYMENT,203135.35082364213,1,1159,1,0,0,0
131612.57532121032,CASH_OUT,194872.09181348747,4,454,11,0,0,0
12719.819393547197,CASH_OUT,244290.57248752256,3,749,15,0,0,0
23274.055470633983,CASH_OUT,208434.89168221867,2,700,9,0,0,0
28288.46133593655,TRANSFER,414163.1230463729,3,1756,23,0,0,0
28937.827046166647,CASH_IN,232501.00651334642,3,1368,1,0,0,0
47458.72402761159,PAYMENT,147807.18010542297,1,679,15,0,0,0
143301.7691890098,CASH_IN,387430.1343483259,1,1925,3,1,0,0
13767.436213709321,CASH_OUT,427210.2046906973,4,1089,9,0,0,0
6477.046900247617,CASH_IN,210214.47807022568,5,1266,16,0,0,0
10999.332594693238,PAYMENT,333904.285952766,6,1381,3,0,0,0
108985.1540550276,TRANSFER,29402.26694415238,1,76,21,0,0,0
51896.20405381139,CASH_IN,264732.42598573334,3,983,5,0,0,0
16837.08889395092,CASH_OUT,22490.568872754026,3,1801,2,0,0,0
84626.55938873602,CASH_IN,14595.420247234037,1,1612,8,0,0,0
98797.33695998476,CASH_IN,306462.4252613695,4,1662,4,0,0,0
93707.40639905377,PAYMENT,151667.69119749358,1,1285,8,0,0,0
125619.9771637116,TRANSFER,371268.5812277327,3,1587,12,0,0,0
14533.728620730772,CASH_OUT,448041.2803162961,3,1467,1,0,0,0
70333.41104115277,TRANSFER,69695.58686517536,7,436,2,0,0,0
30859.28539260571,TRANSFER,362261.4192894619,5,1937,6,0,0,0
92257.55435367259,PAYMENT,257259.99914417163,2,1516,20,0,0,0
65187.94009673784,PAYMENT,56059.625081349426,7,1868,11,0,0,0
74905.43769327964,CASH_IN,325796.3032403623,5,153,17,0,0,0
53379.20953421046,CASH_OUT,304733.4015532364,5,1800,8,0,0,0
9766.009881197293,PAYMENT,257820.93370039127,1,1747,12,0,1,0
39375.85120961023,CASH_IN,463235.60227982904,5,759,10,0,0,0
208896.32975084728,PAYMENT,260539.84805200825,3,429,12,0,0,1
138539.96940037163,CASH_OUT,495257.55772510625,4,1831,7,1,1,1
2206.6723058793036,CASH_OUT,254614.4069240555,2,1217,20,0,0,0
9005.090057537745,CASH_OUT,57926.019150683795,1,1337,14,0,0,0
7062.557007634263,PAYMENT,235235.6255375152,6,199,13,0,0,0
64727.69270301935,PAYMENT,91164.38127753562,2,1015,16,0,0,0
85128.4890347923,CASH_IN,298566.7426087136,3,124,12,0,0,0
12008.850417502643,TRANSFER,346566.0875968006,3,686,10,0,0,0
35246.08069197645,TRANSFER,234217.63935354684,1,1357,9,0,0,0
91849.25352389019,PAYMENT,48851.48384157412,1,1873,16,0,0,0
65988.18093235882,PAYMENT,234320.69929177646,3,1149,11,0,0,0
39070.207247689745,CASH_IN,40727.1073672002,2,729,22,0,0,0
44622.32522850161,PAYMENT,341062.977753267,3,452,1,0,0,0
35500.4825034203,TRANSFER,395184.11243254377,2,1045,0,0,0,0
17658.942500081026,PAYMENT,481190.1636135195,5,1616,14,1,0,0
41622.990373407774,CASH_IN,74401.05356422822,3,1360,18,0,0,0
58379.68155484062,TRANSFER,266210.16776665207,2,162,17,0,0,0
103305.70375537263,CASH_OUT,283768.6837677093,2,391,2,0,0,0
50570.10774374272,CASH_OUT,461238.26689048985,6,1559,8,0,0,0
71590.0189792763,CASH_OUT,313638.3202982571,5,660,21,0,0,0
8721.93352445619,PAYMENT,72754.82282266054,4,93,12,0,0,0
30953.725933318798,CASH_OUT,218175.6619815946,5,1473,10,0,0,0
468.7716082228078,CASH_OUT,327381.26425312523,4,964,18,1,0,0
14163.183367893345,CASH_OUT,350142.2160346487,5,399,21,0,0,0
64815.68428056429,TRANSFER,431536.9992952868,3,1320,15,0,0,0
240241.77204430694,TRANSFER,90253.55992219858,2,1278,18,0,1,1
5222.385485554639,PAYMENT,475771.0733777492,1,595,7,0,1,0
25665.962836070965,CASH_OUT,29569.706007796125,3,545,11,0,0,0
80489.64094508742,CASH_OUT,491881.06728445104,4,845,20,0,0,0
11410.043063078187,TRANSFER,428883.54643320426,3,84,1,0,0,0
40493.595617380786,TRANSFER,330136.3913810856,4,1086,4,0,0,0
66038.68412840678,CASH_OUT,367497.7501322108,3,158,13,0,0,0
47853.74185823829,CASH_OUT,36346.00295939822,2,754,15,0,0,0
10414.270031672502,CASH_IN,20739.93144722619,3,1518,18,0,0,0
21955.068526149535,PAYMENT,50882.89827568276,3,447,1,0,0,0
76575.66874469937,CASH_OUT,43679.90733206889,2,570,9,1,0,0
40397.21675980883,CASH_OUT,273690.61673471757,4,1760,9,0,1,0
262.1667917122488,CASH_IN,107721.99355589457,3,1422,7,0,0,0
71562.65334138118,PAYMENT,430102.81860336324,1,1461,11,0,0,0
1797.4938655777103,TRANSFER,222874.3115340361,0,1631,18,0,0,0
68468.6730676522,PAYMENT,347755.23822913744,3,636,9,0,0,0
11312.453432593607,PAYMENT,326436.5464850799,4,1541,3,0,0,0
158591.8359779893,PAYMENT,159926.51946485502,4,1692,6,0,0,0
22938.60706448017,TRANSFER,121583.78676286452,1,612,6,0,0,0
19795.417215167818,TRANSFER,171228.1426483176,4,1808,14,0,0,0
8060.580416755945,CASH_OUT,398329.18692491873,1,890,17,0,0,0
18235.659317442864,CASH_IN,293138.4242098092,7,1626,12,0,0,0
104636.78060883195,PAYMENT,126769.33125958766,0,1296,0,0,0,0
280437.31153545284,CASH_OUT,408923.2215302151,3,1256,2,0,0,1
22967.788413439004,CASH_IN,27379.693055153366,6,1480,1,0,0,0
29765.703025518476,CASH_IN,349591.6874951477,4,914,7,0,0,0
64019.468562245485,CASH_IN,219550.40287465544,7,118,10,0,0,0
108663.78397315071,CASH_IN,365645.1930329441,4,1264,20,0,0,0
44952.551433930836,CASH_IN,463730.6401217134,3,872,13,0,0,0
24840.029972796572,CASH_OUT,375017.04897345195,0,586,22,0,0,0
26604.322157516865,PAYMENT,220982.6776556912,3,1856,11,0,0,0
59473.61343779221,PAYMENT,75487.84075694038,1,318,0,0,0,0
161.17266761173124,CASH_OUT,403175.48790271685,5,1634,5,1,0,0
48325.19594462926,CASH_OUT,230352.7634606858,2,1024,3,0,0,0
21963.480586487476,CASH_IN,37656.1617285649,3,224,16,0,0,0
79041.8744055398,CASH_OUT,359527.698888433,5,1276,17,0,1,0
4880.125449492802,CASH_IN,145925.98295829483,4,681,16,0,0,0
44361.14946889184,CASH_OUT,24444.114752592617,2,865,9,0,0,0
32789.95809468057,CASH_OUT,451375.50748703885,2,1213,4,0,0,0
51406.599823732235,TRANSFER,241550.54604695502,2,1167,4,0,0,0
3352.608925534093,CASH_OUT,140480.52658651076,2,271,19,0,0,0
43373.098354407215,PAYMENT,358193.27894245577,2,53,0,0,0,0
41218.01603014403,TRANSFER,442951.18884128187,3,336,0,1,0,1
41124.0946550342,CASH_OUT,153.5375168777442,2,1793,15,0,0,0
46252.406635370586,CASH_OUT,343926.09252107685,2,1247,13,0,0,0
56422.8528911877,TRANSFER,383505.8470092107,4,1577,22,0,0,0
81734.96550579964,CASH_OUT,104963.7136397465,2,950,9,0,0,0
15723.259306312464,PAYMENT,244811.91570508722,2,1670,6,0,0,0
87162.58444056155,TRANSFER,44642.94945896791,0,437,19,0,0,0
34483.23081298047,CASH_OUT,373374.9412576738,2,662,19,0,0,0
4009.4593731684563,TRANSFER,423728.00928167626,7,1270,8,0,0,0
3016.75130375288,CASH_OUT,54093.3286623303,2,1693,10,0,0,0
20341.175418012743,CASH_OUT,408230.1267164173,1,1737,5,0,0,0
76831.90946985042,CASH_OUT,385785.08524226677,3,330,10,0,0,0
61495.46920103921,CASH_IN,173456.66018544865,2,214,13,0,0,0
77703.69982367988,CASH_IN,345144.7649667916,6,74,17,0,0,0
36414.7916607594,PAYMENT,24.061947155873398,1,663,0,0,0,0
29008.69559489516,TRANSFER,465898.8272329993,2,1327,21,0,0,0
7976.319211344142,CASH_OUT,275191.61765418644,3,1616,11,1,0,0
19889.190766618263,TRANSFER,310169.43203099974,3,1457,0,0,0,0
28459.77086096166,PAYMENT,332329.7067695493,2,1150,2,0,0,0
4638.693580128087,CASH_IN,280684.50860918337,3,1914,5,0,0,0
12462.31109903065,CASH_OUT,428381.94376973156,4,826,12,0,0,0
45593.189022938044,CASH_OUT,304850.91607577197,3,371,4,0,0,0
66526.54534548505,PAYMENT,453879.99562023627,1,1129,8,0,0,0
320273.64403170714,PAYMENT,291165.8111170045,4,1244,15,0,0,0
135237.78022021576,PAYMENT,85561.2109902833,4,1215,5,0,0,0
51440.115490143624,PAYMENT,456781.2779196515,4,1633,2,1,0,0
27344.06549742989,CASH_IN,340813.7491798884,2,802,3,0,0,0
50554.43978899272,TRANSFER,349619.49721777806,6,1425,20,0,0,0
77007.63173715463,CASH_IN,492740.87528580084,3,1555,3,0,0,0
6297.2232243017015,CASH_IN,37598.27710478958,0,1943,18,0,0,0
26373.577558486442,PAYMENT,214296.30354758567,4,359,8,0,0,0
91567.32559190152,TRANSFER,119547.6964933076,2,1971,14,0,0,0
24211.85851424566,CASH_OUT,315213.2323568286,1,662,8,0,1,0
42416.68481050225,TRANSFER,403405.84187403595,0,182,11,0,1,0
44308.614126586945,TRANSFER,483155.35444620636,2,1243,4,0,1,0
10196.236897517547,CASH_IN,227298.05347736005,3,414,16,0,0,0
22489.30472744652,CASH_OUT,393109.1153213021,1,743,16,0,0,0
20361.68020443175,CASH_OUT,458525.79602018977,1,1644,13,1,0,0
1327.2977607334806,PAYMENT,341662.7162679424,4,709,6,0,0,0
1224.459563526516,CASH_OUT,121366.2762248856,2,1340,18,0,0,0
89099.48060695697,TRANSFER,303927.0755538957,0,146,7,0,0,0
15946.310321501753,TRANSFER,484976.0239085933,3,750,21,0,0,0
36498.72968592603,PAYMENT,493776.9144307827,4,1257,5,0,0,0
17742.79950399465,CASH_OUT,321179.91185838904,1,1826,5,1,0,0
141239.80180792615,CASH_IN,443493.87893599464,2,771,5,0,0,0
15007.760910029716,TRANSFER,100174.6819243014,4,973,18,0,1,0
28075.85082092952,CASH_IN,123039.3024761084,0,1796,21,0,0,0
103072.32165577964,TRANSFER,476443.80644242984,5,144,18,0,0,0
92236.99354910641,CASH_OUT,67617.68774740395,4,102,20,0,0,0
10295.975634528098,CASH_OUT,95553.21904673947,1,1360,16,0,0,0
81137.12886243968,CASH_OUT,210274.29956002586,3,878,1,0,0,0
30641.707324122748,TRANSFER,294792.14387667517,3,1722,1,0,0,0
32982.609877689625,CASH_OUT,301908.6094841358,2,1744,11,0,0,0
7163.5028448951325,TRANSFER,145988.0043327822,1,1876,8,0,0,0
4201.782103666168,TRANSFER,460306.9489751741,2,1991,4,0,0,0
65086.505072571956,CASH_OUT,457549.95380393136,1,1646,16,0,0,0
34304.720729842506,CASH_OUT,196034.02652618624,3,1419,17,0,0,0
28710.525207056566,PAYMENT,217145.88471514857,5,875,21,0,0,0
65375.6800657519,CASH_IN,351248.5584119559,4,1969,5,0,0,0
72517.73494836927,CASH_OUT,331497.9481994504,6,1300,17,0,1,0
8652.721538019974,CASH_OUT,191148.50748048117,2,140,18,0,0,0
47109.30064584235,CASH_IN,207122.12576050172,2,888,19,0,0,0
7271.759976393737,CASH_OUT,174019.4717107695,1,1051,15,0,0,0
69590.49439136748,CASH_IN,117692.50347665395,2,473,12,0,0,0
53494.705030797195,CASH_OUT,229069.18146206983,3,1168,16,1,0,1
156881.6392980162,CASH_IN,343217.0659512702,4,1092,9,0,0,1
3572.545375426614,TRANSFER,370983.3526571465,3,1293,14,0,0,0
2937.3513412418733,CASH_IN,389436.8241279813,5,1501,17,0,0,0
16577.314679743202,TRANSFER,187366.00672656074,2,241,6,0,0,0
15170.63656781916,PAYMENT,382317.9971424868,3,1972,5,0,0,0
14183.094814786362,CASH_OUT,3258.157845937637,0,1318,15,0,0,0
118358.62371081547,CASH_OUT,238524.9688584411,3,1943,20,1,0,0
14353.859428180333,PAYMENT,396952.2000663454,2,722,7,0,0,0
15869.25878270974,TRANSFER,315022.36032067664,2,1232,2,0,0,0
71230.61267985805,CASH_IN,237031.56207725385,4,782,14,0,0,0
29868.20494325285,TRANSFER,322321.00330317457,4,368,15,0,0,0
74964.31991292298,CASH_IN,453473.00157433195,2,1981,12,0,1,0
3380.021938096258,TRANSFER,283190.9003051037,3,593,7,0,0,0
33429.67460518684,CASH_IN,399893.0957300531,6,681,4,0,0,0
1709.5762468974915,CASH_IN,490371.3626125988,0,863,10,0,0,0
3235.097575531596,TRANSFER,352784.1010377834,2,1409,8,0,0,0
118456.2559072742,CASH_IN,286662.88194453175,0,1330,8,0,0,0
7497.289952322251,PAYMENT,18742.97356267013,4,1733,11,0,1,1
38009.314053110495,CASH_OUT,187238.94912729377,1,1288,6,0,0,0
26474.57109592807,PAYMENT,282721.3667575592,1,552,2,0,0,0
21335.202779726827,CASH_OUT,398603.28585301625,4,602,3,0,0,0
115045.99685044134,PAYMENT,219052.39482378814,1,313,14,0,0,0
1103.2524677500767,CASH_OUT,480029.13788238674,2,489,5,1,0,1
54500.91904163448,CASH_OUT,135896.87631183743,1,1314,0,0,0,0
165377.74897341835,TRANSFER,372283.5976051582,6,399,1,0,0,1
41068.1430140426,TRANSFER,209515.70854206374,8,1500,21,1,0,0
138090.32264595595,CASH_IN,242994.24728295294,4,556,19,0,0,0
2683.6419147912025,CASH_IN,401251.01693272014,2,445,18,0,0,0
27132.442614864805,TRANSFER,148107.63082585277,1,1902,7,0,1,0
15065.917327534436,CASH_OUT,48406.02829757157,3,326,12,0,0,0
65618.92815365702,PAYMENT,260127.79230671356,2,1985,6,0,1,0
198953.8089420841,TRANSFER,264397.3059018744,3,1131,1,0,0,0
14821.34737918257,TRANSFER,398583.8861126869,5,1926,11,0,0,0
53091.06299150158,TRANSFER,484159.6031160509,2,934,3,0,0,0
11038.420756713982,TRANSFER,27650.343164174195,2,539,9,0,0,0
41658.43710739792,TRANSFER,295844.73687155446,7,1390,5,0,0,0
31174.758408616093,PAYMENT,340639.26515739993,5,1225,1,0,0,0
178787.05654540577,TRANSFER,492900.67537426087,5,676,5,1,1,1
46891.971401886665,CASH_IN,471295.1071384558,3,1816,10,0,0,0
21501.188837645528,TRANSFER,356225.3823559888,2,1405,19,0,1,0
6057.322178781008,CASH_OUT,260894.70562223293,3,1097,10,0,1,0
8199.343186071814,CASH_IN,80761.96114963063,4,1993,22,0,0,0
12765.063757044116,TRANSFER,192088.2776022087,4,803,8,0,0,0
14448.589278068492,CASH_OUT,292561.16252857714,1,941,23,0,0,0
95061.77471315552,PAYMENT,362600.19829787686,2,1247,1,0,0,0
41188.17425583972,TRANSFER,317699.77873955615,5,487,8,0,0,0
37052.93223927217,PAYMENT,357061.4009138706,1,1569,23,0,0,0
6095.325317064895,TRANSFER,214576.25227594885,4,1117,20,0,0,0
98355.55820775437,PAYMENT,363813.6452855045,4,1314,15,0,0,0
64153.38059369303,CASH_OUT,71870.6280098596,3,1218,14,0,0,0
3503.334635975815,TRANSFER,81293.15588155678,5,132,5,0,0,0
61521.84503012271,CASH_IN,81416.07291473141,3,183,15,0,0,0
39212.515030869195,PAYMENT,445432.47851788806,6,699,10,0,0,0
4262.937273483413,CASH_OUT,38017.031654317245,2,927,12,0,0,0
30652.20603033512,CASH_OUT,400754.18636673794,4,1424,13,0,0,0
33149.940920746754,TRANSFER,116785.44902336856,4,1967,8,0,1,0
9062.578881090823,PAYMENT,234214.97024762534,4,292,2,1,0,0
145659.8463699748,PAYMENT,457978.297732839,3,1931,6,0,0,0
94847.79041173424,PAYMENT,292968.61484375334,0,1676,19,0,0,0
55285.219513010896,TRANSFER,105058.8431161793,0,1652,19,0,0,0
31022.311983444284,PAYMENT,142045.03015940357,3,1046,22,0,0,0
26531.4835878422,TRANSFER,460223.3119478928,1,689,21,0,1,0
52630.36671570293,CASH_OUT,213571.96255498918,6,812,3,0,0,0
39420.37371518962,TRANSFER,293492.74150339473,4,977,4,0,0,0
3214.8265013563278,CASH_IN,229966.09831269438,6,915,21,0,0,0
35923.52109670177,PAYMENT,189219.0440242248,1,697,3,0,0,0
82098.98941840662,TRANSFER,111639.56346620097,5,1035,7,1,0,0
30738.974756611504,PAYMENT,343095.75024230103,4,352,3,0,1,0
2667.7486754224665,CASH_IN,359121.0131360602,4,1184,10,1,0,0
77154.00534056185,TRANSFER,137442.54580369976,2,1238,12,0,0,0
11242.4866842937,TRANSFER,394505.42152741516,2,84,14,0,0,0
14962.154537418512,CASH_IN,427267.6001508398,4,1449,15,0,0,0
8998.597170870082,CASH_IN,460337.5481198152,3,733,9,0,0,0
20039.93052358571,TRANSFER,80606.20695918497,6,598,19,0,0,0
70683.5873908258,TRANSFER,151961.8418066332,2,511,9,0,0,0
36634.52667620214,TRANSFER,430176.6737518478,5,1089,0,0,0,0
11463.19173935442,CASH_OUT,99270.10141394699,2,421,5,0,0,0
105117.12006327439,CASH_IN,1734.2296217476849,1,806,11,0,0,0
105839.25255399171,TRANSFER,435413.6551258173,2,704,0,0,0,0
102234.00900512183,CASH_IN,163224.7208756847,5,1435,4,0,0,0
13642.708320346039,CASH_OUT,207248.762569475,3,1141,17,0,0,0
30004.644821614653,TRANSFER,223167.012860319,9,1525,23,0,1,1
209950.78624649753,CASH_OUT,424137.3003336142,1,1472,14,0,0,0
73923.21860913893,PAYMENT,168946.07229673018,3,168,3,0,0,0
1377.1639318440762,TRANSFER,446139.94292824087,4,405,2,0,0,0
3371.3793909555257,PAYMENT,308469.569024024,1,1955,3,0,0,0
31174.654888553145,CASH_OUT,263643.3620168421,3,438,9,1,0,0
119965.92748268404,CASH_OUT,162807.2535637312,2,30,19,0,0,0
38685.52930019602,CASH_OUT,121855.84814059292,1,1830,11,0,0,0
34439.0869524446,CASH_OUT,312029.22138867434,3,1178,8,0,0,0
5573.048725830221,PAYMENT,223447.08002828807,4,661,21,0,0,0
53469.19715654812,TRANSFER,455258.0049660032,2,874,3,0,1,0
86327.57253150998,PAYMENT,245819.35805702486,1,570,1,0,0,0
23935.67309835921,TRANSFER,255897.45835059558,2,843,6,0,0,0
74718.89591691858,CASH_OUT,208361.64056800038,5,1341,11,0,0,0
166878.25810260492,CASH_OUT,394631.4984956425,2,188,11,0,0,0
11393.137155670654,CASH_OUT,212419.5990546352,2,247,20,1,0,0
37046.50388510679,PAYMENT,134670.99987487745,0,1925,17,0,0,0
16923.368344452694,PAYMENT,431015.4371467549,1,501,0,0,0,0
78716.6721608737,CASH_OUT,298414.11068262014,1,1260,6,0,0,0
43089.342046982245,CASH_OUT,295755.10988450085,0,391,18,0,1,0
50335.725891663795,CASH_IN,305411.1035819633,4,916,23,0,0,0
79953.13597255331,PAYMENT,359419.8741028334,1,1808,12,0,0,0
25206.60979608902,PAYMENT,156533.99465628344,6,1827,19,0,0,0
123308.21063064827,TRANSFER,16922.185416501423,1,698,4,0,0,0
38074.39187276906,CASH_OUT,405296.5804385048,2,188,18,0,0,0
8596.080579465919,CASH_IN,64452.52694081871,3,941,6,1,0,0
59519.7892248194,PAYMENT,360909.8686052721,4,1767,19,0,0,0
78814.99229619774,TRANSFER,41157.64914366438,0,1308,14,1,0,0
19045.577239785514,PAYMENT,187653.92101424604,5,1685,16,0,0,0
97308.24902566812,PAYMENT,31513.034915769123,6,522,20,0,0,0
118299.28230155833,CASH_OUT,261106.8398138623,1,1925,1,0,0,0
16210.69797852322,TRANSFER,326567.88639078755,2,796,6,0,0,0
205284.85611408693,CASH_OUT,85716.57058909416,1,1697,10,0,0,0
7582.5295190252755,CASH_OUT,185813.80921920104,4,890,17,0,0,0
11283.31581573379,PAYMENT,465119.7455215268,4,1181,19,0,0,0
10180.825013378586,CASH_OUT,221194.5585537284,4,1701,1,0,0,0
112210.95570920662,PAYMENT,401271.7844882783,4,389,6,0,0,0
53108.11942673517,CASH_IN,463592.37253010453,7,488,14,0,0,0
8249.88131251519,CASH_OUT,487172.91248864325,4,862,18,0,0,0
29019.809744493596,TRANSFER,449161.00984568463,3,1928,1,0,0,0
47764.31677739809,PAYMENT,158702.66457948455,8,66,1,0,0,0
4357.701266682868,PAYMENT,481286.4430805965,5,1652,1,0,0,0
107030.27201711366,PAYMENT,406197.62087302346,4,443,10,0,0,0
81380.9942226804,TRANSFER,418587.79181974387,6,748,5,0,0,0
35180.76640409181,TRANSFER,7586.492085917384,3,1274,23,0,0,0
170754.59615250438,TRANSFER,477119.43165914685,3,1973,22,0,0,0
27043.71135146974,CASH_IN,389045.11192437034,1,1510,13,0,0,0
207104.2688225587,TRANSFER,383983.74825395,3,1224,9,0,0,0
55118.96858173445,CASH_IN,40762.36546429313,3,1192,0,1,0,0
50347.88547467605,CASH_OUT,116284.27053666563,4,1132,18,0,0,0
9073.389785331738,CASH_IN,481130.83256894955,1,1242,10,0,0,0
106822.93120440278,PAYMENT,250338.53740273815,4,649,23,0,0,0
27886.22656751126,TRANSFER,198929.00911862805,2,139,23,0,0,0
8850.78722413422,PAYMENT,419970.40857345687,2,1347,12,0,0,0
634.3834561467812,CASH_OUT,43670.20705697217,5,1229,11,0,1,0
41021.27208569378,CASH_OUT,208471.00813552964,1,439,22,0,0,0
37475.25573292516,CASH_OUT,187850.38721104182,1,1181,4,0,1,0
63532.9922373547,CASH_OUT,174925.69351519638,0,1418,18,0,0,0
110481.18028677141,TRANSFER,153846.12182653658,2,1026,7,0,0,0
4136.8400090274745,PAYMENT,105037.47839503901,5,1077,11,0,0,0
65744.56468802963,PAYMENT,86455.4014952611,2,243,4,0,0,0
10376.549707763457,CASH_OUT,320203.05845983705,2,1903,11,0,0,0
97658.79262842791,CASH_IN,459697.4206043392,1,614,10,0,0,0
85480.46073055023,PAYMENT,254425.82262494075,2,1786,4,0,0,0
38912.79171495503,CASH_IN,148987.27617332214,2,381,7,0,0,0
61935.59716560313,PAYMENT,79580.09886111316,4,169,15,0,0,0
18869.407530569824,CASH_OUT,415071.6825262971,3,1158,23,1,0,0
31854.21433947308,TRANSFER,485746.0282366069,1,686,23,0,0,0
86196.69529794813,PAYMENT,174577.7007339259,1,758,19,0,0,0
30741.31592120413,CASH_OUT,145475.21277606447,2,1490,2,0,0,0
22142.639809327815,CASH_OUT,300746.4764874707,6,1835,5,0,0,0
34081.927704243215,CASH_OUT,387664.4904767129,5,1206,4,0,1,0
88085.5497633712,CASH_OUT,227701.40177483216,1,504,9,0,0,0
20414.057023216683,TRANSFER,315036.5749304746,1,1834,20,0,0,0
9543.59594706478,TRANSFER,358274.53401164594,4,1858,11,0,1,0
62242.17408676418,CASH_OUT,480296.1439280896,2,1319,20,0,0,0
87428.7386642449,PAYMENT,82518.6652600417,1,403,14,0,0,0
5303.45380490442,TRANSFER,498691.24691268476,2,1126,2,0,0,0
13713.560915406764,CASH_OUT,196078.32762061438,4,1514,22,0,0,0
7655.926703041757,CASH_OUT,361600.07136327686,0,932,20,0,1,0
21381.04307780281,CASH_OUT,286207.18898649863,4,939,19,0,0,0
29923.767396010608,TRANSFER,243334.30850442007,1,1177,3,0,0,0
69080.53472419114,CASH_OUT,349037.68436579325,3,1665,6,0,1,0
52655.31627677508,TRANSFER,197876.92511179755,6,403,0,0,1,0
48501.53076744655,PAYMENT,63054.990668403196,6,1029,7,0,0,0
21722.16857034855,TRANSFER,244446.6915606199,3,290,16,0,0,0
92083.49225171542,CASH_OUT,260957.9353411593,4,42,21,0,0,0
31865.492202196307,TRANSFER,100951.0766999696,4,1073,19,0,0,0
193412.12082974456,PAYMENT,467809.67816432856,4,1081,10,0,0,0
50275.51885048863,CASH_IN,113737.82332314564,2,1680,6,0,0,0
6748.892859051263,PAYMENT,204613.79704204886,7,1489,10,0,0,0
56377.997225537765,TRANSFER,77464.84342236165,2,1260,10,0,0,0
19659.834845980513,TRANSFER,267898.32309347205,4,1476,21,0,1,0
57970.24320124432,TRANSFER,153818.80405004483,2,408,20,0,0,0
3609.245253477216,CASH_IN,244636.259988042,5,1842,20,0,0,0
9611.409522956075,CASH_OUT,112308.45822910096,2,221,14,0,1,0
96805.95255090651,CASH_IN,26887.563974357876,4,558,5,1,0,0
12885.427165339244,PAYMENT,389613.32554112765,3,1763,22,0,0,0
90712.8706056416,PAYMENT,320543.1419798292,2,1675,18,0,0,0
16374.956968937366,CASH_OUT,170369.67785550645,4,566,12,0,1,0
51484.43838751174,PAYMENT,23747.112341161115,3,103,15,0,0,0
59233.11842148194,TRANSFER,432787.5313485605,0,1515,11,0,0,0
35939.12406442747,CASH_OUT,84897.50246783967,3,48,18,0,0,0
18214.527509449104,CASH_OUT,465371.109140714,4,1937,22,0,0,0
11953.76300823429,CASH_IN,239297.68929797923,4,1832,18,0,0,0
1687.630960528036,TRANSFER,170193.35495424186,2,1085,6,0,0,0
18116.430595060465,TRANSFER,370879.7384454819,4,295,17,0,1,0
52944.987304611,CASH_OUT,438419.7030375929,6,268,23,1,0,1
139277.4722954687,PAYMENT,185356.78182285535,4,1791,13,0,0,0
102476.46330481996,PAYMENT,203671.87608509362,2,656,13,0,0,0
72635.5512373689,PAYMENT,216579.10967359866,5,1609,21,1,0,0
77664.06717068507,TRANSFER,461161.5307393345,3,530,15,0,0,0
54678.98419608366,TRANSFER,346281.99575716635,4,122,17,0,0,0
15074.64066486351,TRANSFER,123823.05852282776,3,634,8,0,0,0
118862.75460975453,CASH_OUT,92499.84875098971,4,243,20,0,0,0
55544.210871003444,CASH_IN,115183.83171240803,1,1935,3,0,0,0
41099.12439431902,TRANSFER,131781.94459275872,5,363,6,0,0,0
5882.309894213233,TRANSFER,115091.74566700075,8,287,10,0,0,0
29624.886169196856,TRANSFER,329253.2235961981,2,297,5,0,0,0
30842.49124014978,PAYMENT,57966.75532875317,4,115,19,0,0,0
99962.65959284821,CASH_OUT,193679.24485398037,4,1630,11,0,0,0
39554.344949288214,CASH_OUT,312526.7864851832,4,1807,11,0,1,0
23934.102822378925,PAYMENT,145429.9869714654,4,617,11,1,0,0
188180.85801761693,TRANSFER,32637.192350829013,3,1385,13,0,0,0
5867.189981337925,PAYMENT,40911.961422984146,4,609,9,0,0,0
27456.534932566752,CASH_OUT,62983.38815234317,3,814,1,0,0,0
2146.6629153440704,PAYMENT,417921.5124340776,2,1234,19,0,0,0
67335.24748315729,CASH_OUT,328931.7528024849,1,269,11,0,0,0
125098.5015581939,CASH_OUT,32261.205548822392,0,432,16,0,0,0
16427.79574570097,CASH_IN,195534.43957570993,2,663,7,0,0,0
97716.86477564147,TRANSFER,139292.5864235328,4,1438,19,0,0,0
17280.973395914967,TRANSFER,289020.0558144001,1,593,1,0,0,0
120826.98923069854,CASH_OUT,261402.9748361567,1,1582,20,0,1,0
70113.44458060847,PAYMENT,240562.01168485745,1,1023,11,0,0,0
81713.88835882193,TRANSFER,157256.18518630657,3,264,12,0,0,0
908.5323207082231,CASH_IN,68899.88602199536,1,983,0,1,1,1
164586.24862181986,CASH_IN,371188.191436319,5,484,17,0,0,0
64853.952608234154,PAYMENT,439928.3844213272,1,347,13,0,0,0
18174.268069886148,TRANSFER,472075.4546164087,2,1470,23,0,0,0
88420.11858024538,TRANSFER,29309.48530679023,4,867,11,0,0,0
16530.953880365956,PAYMENT,369954.3557944415,0,1361,19,0,0,0
103081.58987072083,CASH_OUT,363251.72970348125,5,1315,3,0,0,0
5971.867124054711,TRANSFER,473554.80707279465,2,637,13,0,0,0
60816.77500220933,CASH_OUT,126457.29724888272,2,761,17,0,0,0
38902.418548362766,CASH_OUT,371089.5191475782,6,1410,23,0,0,0
5075.866076325477,CASH_OUT,27313.14438324228,4,861,3,0,0,0
13846.59174441507,TRANSFER,315622.8603808096,3,890,7,0,1,0
624.080423751401,PAYMENT,175423.91202608988,1,1624,17,0,0,0
31627.8188330141,TRANSFER,384454.7197737376,3,1160,3,0,0,0
17924.20474185972,TRANSFER,431652.14321769675,2,1531,0,0,0,0
45609.6425207786,CASH_OUT,182410.5211087581,5,51,23,0,1,0
17636.835997261835,TRANSFER,262793.0463496503,1,1890,5,0,0,0
17827.969781233704,CASH_OUT,58702.03118179995,3,1018,12,0,0,0
67971.56114135131,PAYMENT,208453.4826117383,4,927,1,0,1,0
2467.014661997768,CASH_IN,180400.19662958462,3,487,18,0,0,0
116598.11810955894,CASH_OUT,91561.72989225885,3,1099,11,0,0,0
95616.37658070381,CASH_OUT,447239.31238338794,2,1521,21,0,0,0
55101.6089756706,TRANSFER,74043.91902008012,3,1105,13,0,0,0
44974.332003817006,CASH_IN,317869.6787650936,6,786,8,0,0,0
111421.44452215279,PAYMENT,445071.3217399439,3,1519,9,0,0,0
10248.61880419944,CASH_IN,455984.28993161285,3,1738,6,0,0,0
4113.088016205121,TRANSFER,396619.8499202842,6,1946,8,1,0,0
13689.627001715946,CASH_IN,88070.56693708831,6,128,14,0,0,0
79134.5117931367,CASH_OUT,408715.70460693486,3,210,19,1,0,0
1764.2771747663253,CASH_OUT,138282.40620781228,3,1089,14,1,0,0
43710.296960978354,CASH_IN,461199.0137162545,4,1488,23,0,0,0
269494.40544300416,CASH_IN,354543.3407119248,4,1583,10,0,0,0
96791.68719178844,CASH_OUT,392633.7805044433,2,553,17,0,0,0
36849.278600440884,CASH_OUT,42516.22675096861,0,1366,1,0,0,0
3287.8116076265756,CASH_OUT,291382.5567217722,1,1679,19,0,0,0
89003.45771633697,CASH_OUT,410571.0634493398,5,459,18,0,0,0
45687.012877185276,CASH_OUT,430795.17638624966,1,1270,23,0,0,0
6104.596365140865,CASH_IN,14315.852366820758,5,1025,1,0,0,0
4927.923153723075,PAYMENT,469579.6162775596,3,1437,19,0,0,0
120190.38653921694,PAYMENT,21669.366651239863,4,1031,12,0,0,0
55312.10553440256,PAYMENT,307259.3398374249,2,1094,3,0,1,0
88388.51597612024,TRANSFER,346693.76380765607,4,1942,2,0,0,0
105589.51853774708,PAYMENT,53672.6455839549,8,1815,14,0,0,0
42405.01685324601,TRANSFER,24005.93280459634,0,658,11,0,0,0
36433.158815578936,TRANSFER,392456.07722536457,5,1556,0,0,0,0
28143.452104728716,TRANSFER,192335.31239871698,0,49,10,0,0,0
19059.111005669158,TRANSFER,53556.25765756184,4,1177,16,0,0,0
28510.73449415669,PAYMENT,381333.90819382103,2,653,7,0,1,0
74334.3962333363,CASH_IN,424581.5350718103,5,744,13,0,0,0
46055.545390855514,TRANSFER,293693.0953794037,1,1175,4,1,0,0
111524.0552814668,PAYMENT,80618.40421732281,1,177,14,0,0,0
29293.6261960972,CASH_OUT,7611.235745745404,2,638,1,0,0,0
46708.681438264444,PAYMENT,350401.24065097194,4,1703,6,0,0,0
49889.622984546324,TRANSFER,275069.8374126584,1,1115,12,0,0,0
44787.30653297564,CASH_OUT,325398.57086003973,2,1117,19,0,0,0
60639.540627648894,TRANSFER,406592.33509979787,5,1270,10,0,0,0
13553.275985830638,PAYMENT,217113.88849648606,5,743,13,0,0,0
35909.2798451207,CASH_OUT,62257.734416810206,4,1077,9,0,0,0
5503.289673916542,CASH_IN,469991.6426954132,1,838,3,0,0,0
24266.936874952982,CASH_OUT,272631.06362342864,3,446,19,0,0,0
33439.03043343766,CASH_IN,307647.0595442701,4,447,14,0,0,0
52809.871545964415,PAYMENT,466705.71477587556,2,1772,2,0,0,0
150320.50656159714,TRANSFER,465791.8281551315,2,885,10,1,0,1
45895.98621665501,TRANSFER,286047.3033640868,2,1900,19,0,0,0
68049.6413178296,PAYMENT,148805.71236071305,2,1806,17,1,0,0
35287.924442783864,PAYMENT,498556.8170063696,2,1703,22,0,0,0
50270.31123587008,PAYMENT,340408.54497676797,4,802,16,0,0,0
3678.678924806502,TRANSFER,204218.33844602827,1,1011,20,0,0,0
14677.736194256955,TRANSFER,279918.4014267949,2,1730,13,0,0,0
22459.338035474524,CASH_IN,207917.02513401484,5,1427,14,0,1,0
31979.690828360435,CASH_OUT,444152.5761483237,5,1340,17,0,0,0
2336.1742001170605,TRANSFER,241249.68743287306,3,692,2,0,0,0
7542.54552689986,CASH_OUT,411764.1879906236,1,1820,12,0,0,0
16204.462705167058,PAYMENT,420088.148911502,3,552,2,0,0,0
177949.94496157955,PAYMENT,412166.1688676242,2,1127,6,1,0,1
20124.502432205598,CASH_OUT,361094.30623783724,1,1939,18,0,0,0
32892.96513143755,CASH_OUT,427438.8584037909,3,1024,22,0,0,0
10913.87752228215,CASH_OUT,193614.7898114846,7,1715,23,0,0,0
47180.536256995794,TRANSFER,57331.60307098018,3,1286,17,0,0,0
16472.671395570604,TRANSFER,421227.10218625725,3,1949,16,0,0,0
11596.13492746251,CASH_IN,249084.20784367263,5,403,21,0,0,0
36342.70946622103,TRANSFER,63688.01626392551,3,322,8,0,0,0
276.0505968654886,CASH_OUT,57656.261091003966,1,568,13,0,0,0
384.6776135200151,CASH_IN,79621.19700494636,5,1054,21,0,0,0
12363.41184337153,TRANSFER,375486.6298335529,2,476,7,0,0,0
1870.6282919097914,TRANSFER,355428.3367331406,1,1698,13,0,1,0
5715.900958138312,CASH_OUT,101909.34009244162,4,1064,4,0,0,0
20689.532170251543,TRANSFER,423461.7090548976,3,766,23,0,0,0
81122.53047128231,CASH_IN,140647.39776412243,2,365,19,0,0,0
42437.28712956564,TRANSFER,396492.7916574738,4,453,13,0,0,0
35940.45504940313,TRANSFER,244402.95386747096,0,1531,11,0,0,0
17370.812851832372,PAYMENT,365774.34126928303,2,1593,21,0,0,0
134231.6171793108,CASH_IN,190693.83153678293,3,314,7,0,0,0
25293.151328733416,CASH_OUT,173570.29854738797,3,173,0,0,0,0
4556.050505828779,TRANSFER,420679.79947966617,2,1950,15,0,0,0
47994.6988104977,CASH_IN,17651.127257034826,3,1372,21,0,0,0
6042.797243533146,CASH_OUT,487368.4736287537,3,1509,7,0,0,0
21173.03887116328,PAYMENT,324089.77913268673,3,1057,4,1,0,0
35404.1014859873,PAYMENT,216241.69409972106,2,592,2,1,0,1
103662.05011494583,PAYMENT,314027.2655752126,1,1153,12,0,0,0
34016.14623279765,TRANSFER,61370.47322949141,6,1435,4,0,0,0
60576.52560462551,TRANSFER,257026.2276467738,3,730,2,0,0,0
246800.7870989055,PAYMENT,492547.7616698988,1,111,21,0,0,0
7048.758295799078,CASH_OUT,117634.71892335342,3,1776,13,0,0,0
16060.669152345083,TRANSFER,361139.0495181747,5,385,5,0,0,0
25091.318241823745,CASH_OUT,217485.6879158503,0,1894,20,1,0,0
27394.2092760732,CASH_OUT,326229.0742439768,3,311,6,0,0,0
26468.24387031414,CASH_IN,102443.61434588772,5,671,22,0,0,0
119087.36913559573,TRANSFER,235232.4913088012,2,1504,5,0,0,0
62593.88080847127,CASH_IN,490046.35692963755,5,1273,13,0,0,0
46812.58338158763,CASH_OUT,97643.57550800478,5,74,21,0,0,0
18507.749491469942,TRANSFER,318222.51392437855,1,345,3,0,0,1
86804.04969388556,CASH_OUT,287798.8743833977,3,1969,19,0,0,0
155121.9196899078,PAYMENT,282525.79314520163,3,1584,18,1,1,1
86073.8905432533,PAYMENT,307561.64482580853,2,752,9,0,0,0
78.31656240208741,CASH_OUT,251118.98684411406,7,134,22,0,0,0
50585.23425335606,CASH_IN,8465.375128829,7,1858,12,0,0,0
2624.457374752228,CASH_OUT,450048.4057315589,2,1708,11,0,0,0
14893.841161123783,PAYMENT,413489.41374201543,1,1176,13,0,0,0
3068.4946790983154,CASH_IN,87083.84046056066,3,518,12,1,0,0
46291.233406439605,CASH_IN,206636.58868943452,2,1251,18,0,0,0
58012.13827223802,CASH_IN,385274.49034678395,7,903,8,0,0,0
6079.4430728406505,TRANSFER,490031.1576936422,3,277,15,0,0,0
24212.339807468023,CASH_OUT,475568.5232208932,3,862,8,0,0,0
30462.044288539462,CASH_OUT,449679.5998380871,7,1322,5,0,0,0
23026.67240593697,TRANSFER,79186.94864956982,3,597,13,0,0,0
6449.941183205865,PAYMENT,457237.55300450244,3,1934,6,0,0,0
27145.73320919404,CASH_OUT,439222.4564755397,6,139,18,1,0,0
69550.8844864037,PAYMENT,188474.95558319477,4,214,2,0,0,0
3682.7395253618056,TRANSFER,197261.29726813102,3,1056,14,0,0,0
4178.864778237989,TRANSFER,229954.46097758037,4,1866,11,0,1,0
21907.52193682152,PAYMENT,328087.81548320845,4,1814,0,0,0,0
142129.71527639203,TRANSFER,130417.80799150787,1,1381,10,0,0,0
55217.33194204588,PAYMENT,11474.214719972342,2,1268,21,0,0,0
56764.325584984144,CASH_OUT,70614.76229862112,3,1721,2,0,0,0
22464.57986449028,PAYMENT,220057.95378838683,2,1342,16,0,0,0
45028.348928672305,CASH_OUT,141001.2847131009,0,404,12,0,0,0
509.14268762715426,CASH_OUT,382258.2805180659,1,1919,7,0,0,0
50543.26549630213,PAYMENT,53345.03527463569,0,127,12,0,0,0
122257.54297699063,CASH_IN,458732.6127774019,3,1334,7,0,0,0
47411.45219464216,CASH_OUT,447663.5899719555,0,1883,7,0,0,0
103454.20566187717,TRANSFER,454378.40846664406,2,1926,23,0,0,0
64362.839645358035,TRANSFER,369804.9993016633,1,1945,12,0,0,0
6423.406851299852,CASH_OUT,53499.985741799646,2,862,11,0,0,0
116371.20579908871,PAYMENT,219068.7856847834,0,776,4,0,0,0
3437.7080895068552,PAYMENT,65702.68590273187,7,612,12,1,0,1
38174.99229464235,CASH_OUT,493849.59638054133,3,1170,22,0,0,0
7665.5505103757805,TRANSFER,166519.21169933665,2,963,11,0,0,0
588.7836307241013,PAYMENT,292665.270945031,4,185,18,0,0,0
27412.03428218688,TRANSFER,389696.5271221109,1,366,9,0,0,0
17480.76095951888,PAYMENT,460308.0421128227,4,387,14,1,1,1
33276.648711157955,CASH_OUT,377773.86292067997,5,1944,1,0,0,0
43042.787854620365,PAYMENT,337251.8893831188,3,141,5,0,0,0
2236.223312795628,CASH_OUT,232990.89101907567,2,59,15,0,0,0
6562.602194234074,PAYMENT,302700.066875262,0,1694,0,1,0,0
40894.99198641233,TRANSFER,47081.90442641491,0,129,1,0,0,0
21016.300809552897,CASH_OUT,441961.27098063123,4,431,22,0,0,0
65313.841928072914,PAYMENT,271888.6544199427,0,415,22,0,0,0
52819.561062585504,CASH_OUT,20067.52521747135,4,1662,14,0,0,0
93411.8449748684,TRANSFER,459951.0628299487,5,356,15,0,0,0
58962.84320513487,TRANSFER,244650.98691843436,2,141,7,0,0,0
28099.90043020031,CASH_OUT,434294.5707805009,0,1802,13,0,0,0
55884.65205528075,CASH_IN,428443.97710267844,1,88,23,0,0,0
16105.475999006463,PAYMENT,407875.7937285574,6,975,9,0,0,0
18286.757394049724,CASH_OUT,30701.509647678038,1,1028,14,0,0,0
77791.34079251587,PAYMENT,123533.32271210443,0,303,2,0,0,0
29567.406445783763,TRANSFER,437773.9362327154,2,1316,5,0,0,0
80068.61151346733,CASH_IN,449495.52802604693,3,218,1,0,1,0
86417.37171109364,TRANSFER,229034.43118440305,7,411,8,0,0,0
97442.54161289727,TRANSFER,220020.73382710112,3,1761,6,0,0,0
124226.47754965886,TRANSFER,87570.31694307488,4,662,18,0,0,0
28192.443534990463,TRANSFER,484205.39434557565,4,1710,5,0,0,0
19199.87120715736,TRANSFER,106569.23767952158,1,1648,0,1,0,0
43637.47149250416,CASH_OUT,95468.39217538277,3,738,22,0,0,0
23194.909148629496,PAYMENT,330364.48507458717,1,1412,13,0,0,0
45948.98805376317,TRANSFER,121422.15150022384,4,1236,20,0,0,0
61138.393618473056,CASH_IN,469385.8055071949,4,1283,7,0,0,0
58302.55353370436,CASH_OUT,5453.4976588974105,5,1026,7,0,0,0
23464.425212038994,PAYMENT,2876.6311616506555,3,42,5,0,0,0
9127.691290240818,CASH_IN,252438.40071779978,6,1154,14,1,0,0
28152.400679893053,PAYMENT,244031.22995673597,3,1505,18,0,0,0
7692.194749305026,CASH_IN,81682.01095045524,2,758,19,0,0,0
110407.87202685334,PAYMENT,247259.78148514222,1,508,16,0,0,0
21223.028808697003,TRANSFER,205830.55258499322,7,1861,5,0,0,0
8388.975176259995,PAYMENT,445164.7626711844,8,172,6,0,0,0
1288.857719833833,CASH_OUT,4626.960108481737,2,57,9,0,0,0
51897.83790103036,TRANSFER,488134.9025164761,5,470,8,0,0,0
50654.169149841,CASH_OUT,312196.38214792125,3,1245,4,0,0,0
20821.56335553708,PAYMENT,75921.72282263782,5,1812,1,0,0,0
3720.6564888137264,TRANSFER,23380.006905583115,2,1256,12,0,0,0
26350.19740558731,TRANSFER,269052.82927961595,4,250,22,0,0,0
18641.486276414165,CASH_OUT,117445.08298591005,1,152,10,0,0,0
56523.82615793507,CASH_IN,150582.76850062964,3,1186,10,0,0,0
46542.21230029178,CASH_OUT,122566.08241725681,4,859,22,0,0,0
22674.534327944588,CASH_OUT,325086.1567862554,2,264,14,0,0,0
12288.157461212413,CASH_OUT,276764.48105806677,2,199,13,0,0,0
221292.5154682265,CASH_IN,38987.211760905746,4,1887,20,0,0,0
30256.963623264688,CASH_IN,263263.2665875877,3,1073,10,0,1,0
58281.57192596624,PAYMENT,395594.88278164994,2,1651,12,0,0,0
7573.304104734127,CASH_IN,40597.29541016216,2,1989,17,0,0,0
33236.70411344603,CASH_OUT,444869.48811520997,4,952,6,0,0,0
1396.1481211462656,CASH_IN,289153.32472386456,6,946,16,0,0,0
35205.8684735351,CASH_OUT,475312.2346351583,1,662,10,0,0,0
166235.99942560744,CASH_OUT,74070.60886118782,2,1329,21,0,0,0
24242.1972397371,CASH_OUT,496782.4996766576,3,1853,5,0,1,0
1988.8360387391567,TRANSFER,322136.4329848384,1,1747,13,0,0,0
1572.2522362918266,PAYMENT,283747.0997405314,4,1089,5,0,0,0
24550.068131504075,TRANSFER,257639.8120560427,3,141,13,0,0,0
8719.153692556543,CASH_IN,11827.186549156377,4,907,18,0,0,0
1181.453854060028,TRANSFER,469819.59577478905,4,1632,2,0,0,0
70573.14520714553,CASH_OUT,321997.23642709915,3,1048,16,0,0,0
30672.735222690768,TRANSFER,45813.24224964561,1,1253,19,0,0,0
17071.35864146678,PAYMENT,10476.085147262449,3,1595,6,0,0,0
115170.86346607716,PAYMENT,25391.819618375666,5,737,16,0,0,0
6172.771174893266,TRANSFER,304697.88171612035,2,1188,9,0,1,0
156086.1274070487,TRANSFER,307007.70744729263,2,151,17,1,0,1
18841.456774526312,CASH_OUT,249833.64589072054,4,1717,17,0,0,0
109643.3567784054,PAYMENT,153382.91032647577,6,1318,20,0,0,0
46183.75603423861,CASH_IN,265871.3658073207,1,319,12,0,0,0
87638.6775688192,CASH_OUT,258150.91043812892,3,742,7,0,0,0
206799.47980001412,CASH_IN,9707.779938282813,3,1620,4,0,0,1
17012.348244930585,TRANSFER,141234.61516374903,4,900,0,0,0,0
162383.68329798273,CASH_OUT,26592.67073357474,3,657,16,0,0,1
24672.366484581093,CASH_IN,450077.37572382775,4,1644,4,0,0,0
24348.28616049801,TRANSFER,362611.5813925677,0,398,15,0,0,0
20805.10688152398,TRANSFER,498057.58509645617,1,1577,17,0,1,0
38979.67484469401,CASH_OUT,151085.63165264393,5,533,2,0,0,0
8370.36899559433,CASH_OUT,439242.9238784551,3,87,17,0,0,0
40339.482114578364,PAYMENT,301527.13396624086,2,1558,8,0,0,0
39012.089404475635,PAYMENT,226562.70345180246,1,472,20,0,1,0
71753.60691532478,CASH_IN,111286.55564431756,3,609,13,0,0,0
89683.05238542266,CASH_OUT,369196.0826430714,3,814,16,0,0,0
29030.346577253273,CASH_OUT,452070.37445214996,2,1254,18,0,0,0
18000.686241447333,CASH_OUT,117654.19903768536,3,764,14,0,1,0
15010.335452106865,TRANSFER,87695.16748680628,2,443,7,1,0,0
10822.291355506095,CASH_IN,348110.9575024335,7,786,3,0,0,0
2968.7978904190404,PAYMENT,488486.5813627596,1,476,23,0,0,0
20961.569920849488,TRANSFER,374977.550552039,1,475,14,0,0,0
15752.50533525845,CASH_IN,142290.36952382445,5,1795,16,0,1,0
169687.33912148303,PAYMENT,209977.71207389282,5,1583,23,0,1,1
40789.34248270577,CASH_OUT,192158.81772918586,2,434,10,0,0,0
21330.12477585504,PAYMENT,426047.5090235227,1,1262,11,0,0,0
43430.72618112863,TRANSFER,385685.3894361119,2,704,13,0,0,0
7494.462875107239,CASH_OUT,294487.71738076006,5,1454,6,0,0,0
29353.283672145146,CASH_OUT,137479.55519845162,3,1006,2,0,0,0
49206.31028910056,TRANSFER,468994.2638610281,4,630,10,0,0,0
33559.28854897375,TRANSFER,326657.6123845733,1,1235,1,0,0,0
25689.7347427876,CASH_OUT,485238.32322089124,4,1002,16,0,0,0
254552.06319712303,CASH_OUT,290058.5165210154,4,181,9,0,0,1
106144.50001233983,PAYMENT,410596.37918180705,5,1068,22,0,0,0
48829.37419034039,CASH_IN,406552.68969726335,2,370,0,1,0,1
42126.15601905684,PAYMENT,168664.38841679605,3,1305,21,1,0,0
48466.182165997714,CASH_OUT,482010.3614786141,2,617,12,0,0,0
11239.251629289252,CASH_OUT,10970.733798781996,1,555,13,0,0,0
25137.726084509843,CASH_OUT,384355.4543837071,3,1740,16,0,0,0
2012.9583182880106,CASH_OUT,482778.5428820219,5,1419,9,1,0,0
32269.88145217898,TRANSFER,169454.10164186143,3,1145,19,0,0,0
39156.28418764873,PAYMENT,324055.293895486,1,1270,14,0,0,0
12922.330272947285,PAYMENT,281111.6249221053,2,121,20,0,0,0
166251.89859498883,PAYMENT,380753.65483826183,6,1340,16,0,0,1
120095.20086993214,CASH_OUT,433088.9608225262,5,129,12,0,0,0
64032.476676189755,TRANSFER,301522.28464977397,4,1111,7,0,0,0
38112.71315329662,PAYMENT,407952.29319072847,3,1733,6,0,0,0
101999.18115913103,TRANSFER,156142.7879446276,1,1499,16,0,0,0
7000.6084538115465,CASH_OUT,114293.52935240844,6,1235,4,0,0,0
78153.91457141175,TRANSFER,215333.84476642008,0,1562,3,0,0,0
6666.331477601192,CASH_OUT,338868.29979039164,1,729,16,0,0,0
79045.11335870843,CASH_OUT,93623.47446936181,3,890,3,0,0,0
16132.144989567132,PAYMENT,340176.0960759457,3,1448,19,0,0,0
104815.38129752246,CASH_IN,197046.82428603366,3,1051,21,0,0,0
144157.77731750818,CASH_OUT,397787.636946316,3,1207,19,0,0,0
8055.171260730479,CASH_OUT,18417.908551651653,3,1848,20,0,0,0
31057.66397295583,PAYMENT,333991.3189146973,4,1339,10,0,0,0
198132.61065714856,CASH_OUT,324911.16832498385,3,850,9,0,0,0
33025.039624369056,TRANSFER,470467.7380626572,4,1346,2,0,0,0
99588.94376326063,CASH_OUT,356683.77678203525,1,800,15,0,0,0
44425.45234621249,CASH_OUT,398150.9482116406,3,1809,12,0,0,0
23526.58106401821,PAYMENT,452295.50792658416,3,103,6,0,0,0
16828.460953003796,PAYMENT,337525.9591459939,2,381,10,0,0,0
11359.027645419319,CASH_OUT,145076.8174799873,2,98,18,0,0,0
71731.85146084777,TRANSFER,434886.899791761,3,678,20,0,1,0
24432.052140118794,CASH_OUT,373789.0597379875,2,1207,1,0,0,0
35797.81328070311,CASH_OUT,212218.80200044674,0,448,9,0,1,0
33895.737270445454,CASH_IN,355264.586324981,0,354,10,0,0,0
43052.1480586775,PAYMENT,433844.43859057105,2,1901,23,0,0,0
100338.24089565735,TRANSFER,487826.06569563574,4,1514,12,0,0,0
197484.53956678414,PAYMENT,476175.75197952765,5,763,19,0,0,1
26177.327012433343,PAYMENT,162663.91338207075,2,1192,0,0,0,0
87873.38709486766,PAYMENT,210846.85685909088,1,1174,17,1,0,0
72308.11982512931,CASH_OUT,54768.30248868564,1,1979,6,0,0,0
42610.53979223314,CASH_OUT,123772.143509023,3,1934,6,0,0,0
156231.88325989674,PAYMENT,441210.6042434751,5,946,1,0,0,1
11186.843585222507,TRANSFER,180424.9631396795,2,1313,7,0,0,0
5785.371390988225,CASH_IN,310276.32929744053,4,174,10,0,0,0
96194.4095446393,PAYMENT,332982.80915351666,2,1022,16,0,0,0
28915.07309737382,CASH_IN,390914.637571656,3,1556,14,1,1,0
93855.69055162965,CASH_OUT,91400.01512281549,2,1724,11,0,0,0
111788.49196435585,CASH_IN,152406.56730721775,5,1571,19,0,0,0
3224.66443437917,TRANSFER,224168.17072909029,4,1790,7,0,0,0
107478.07940351615,CASH_IN,182420.53061913676,4,145,4,0,0,0
29739.269933421238,CASH_OUT,491452.6164298449,3,580,23,0,1,0
35711.64541230529,TRANSFER,417470.4016068562,3,1160,7,0,0,0
49254.249604265104,PAYMENT,239843.37731024303,2,659,12,0,0,0
130443.69797823878,TRANSFER,439634.313043234,1,71,13,0,0,0
965.0584682792921,TRANSFER,173826.4737916484,5,847,13,0,0,0
32393.728196891163,CASH_IN,392914.1619451323,9,568,0,0,0,0
58193.07990668292,TRANSFER,111837.79905322683,6,1270,0,0,0,0
64134.02087725523,PAYMENT,386161.02261318295,1,1671,8,1,0,0
58969.28328555539,CASH_OUT,228226.7015978642,3,112,6,0,0,0
7218.647779765466,PAYMENT,53749.66049612118,2,1951,8,0,0,0
17790.593565488703,PAYMENT,136631.22727779116,2,1374,1,0,0,0
22214.106120466735,TRANSFER,201137.3120117823,7,299,7,1,0,0
81593.68813932607,CASH_OUT,374646.4558322186,4,137,0,0,0,0
16339.1574588316,TRANSFER,36491.35736547543,1,1068,3,0,0,0
11830.754561812428,CASH_OUT,329773.4975463198,5,976,23,0,0,0
157851.4434475004,CASH_OUT,358006.8204664218,3,691,11,0,1,1
445.1398836142618,PAYMENT,326960.68496287573,3,1879,3,0,1,0
306441.14969520434,CASH_OUT,380334.8190837778,4,1902,18,0,0,0
56477.49272183766,CASH_OUT,89084.30801141914,6,731,6,0,0,0
88149.6508219185,PAYMENT,293551.6775315187,4,975,20,0,0,0
17450.887925246032,CASH_OUT,470572.4736019399,5,710,0,1,0,0
720.936486900576,TRANSFER,305392.1349022689,1,829,10,0,0,0
66945.64392173503,CASH_OUT,305668.1734764765,3,190,3,0,0,0
89831.94682467004,TRANSFER,368219.8210566345,4,1502,3,0,0,0
67445.3301774047,PAYMENT,166602.1160629295,6,1862,11,0,0,0
7707.134085511085,PAYMENT,350237.9506607703,1,112,16,0,0,0
70005.04618021271,CASH_OUT,458116.91665660753,2,1667,10,0,1,0
73250.16738640082,CASH_OUT,5447.736512671498,3,1433,4,0,0,0
53726.31236659405,CASH_OUT,435056.52055443265,2,144,1,0,0,0
72646.48628462065,TRANSFER,109309.16562942955,2,1295,23,1,0,0
93514.63373394024,CASH_IN,227961.6368501876,3,88,8,0,0,0
47544.64121564652,CASH_OUT,426173.90047631896,4,128,15,0,0,0
4638.928619745787,CASH_OUT,411956.0637283145,5,471,17,0,0,0
33435.19918938111,CASH_OUT,445963.73906302796,2,1441,11,0,0,0
4041.489828716267,PAYMENT,470208.39631626307,4,1128,11,0,0,0
26173.851741266764,PAYMENT,223578.4783858793,4,1294,3,0,0,0
26137.023652531556,PAYMENT,328181.9054005035,4,544,17,0,0,0
3414.469028677538,CASH_IN,195239.22026305334,3,404,20,0,0,0
21448.499864969035,TRANSFER,175358.3587460829,2,95,22,0,0,0
5882.795243903625,CASH_OUT,215797.70529883474,2,1044,20,0,0,0
82574.28550377401,CASH_OUT,371538.067391338,2,833,15,0,0,0
147526.49925309993,PAYMENT,250720.37357077643,0,1716,4,1,0,1
3753.2316866227884,PAYMENT,407029.83722417103,1,936,1,0,0,0
155182.8117034343,TRANSFER,372609.2385980779,0,1216,12,0,0,1
36967.57746943806,PAYMENT,10239.230562199664,7,276,10,0,1,0
17802.733813930103,PAYMENT,315119.0785530808,1,791,2,0,0,0
3998.831236978604,CASH_IN,218285.5616542955,6,1338,5,1,0,0
34719.82483856968,TRANSFER,228314.4945755708,2,346,13,0,1,0
79119.2445098809,PAYMENT,409186.52693494735,3,219,5,0,0,0
61393.89288918249,CASH_OUT,273803.9930423384,6,36,12,0,0,0
2576.561474802323,PAYMENT,442810.91172947356,3,1584,0,0,0,0
3784.791202912624,CASH_IN,356402.7961958452,1,355,16,1,0,0
25781.296560804385,TRANSFER,276420.0043820264,1,118,10,0,0,0
17498.48046900245,PAYMENT,377268.98807555187,2,749,1,0,1,1
13223.304586627977,PAYMENT,19174.525462703652,4,920,1,0,0,0
16495.00892277558,CASH_OUT,13541.82741410387,1,859,15,0,0,0
81350.2515578358,TRANSFER,41674.66346042603,1,308,11,0,0,0
132414.62972717138,CASH_OUT,218782.66257357132,4,850,8,1,0,0
25968.324208876682,CASH_IN,117725.07281347156,5,1960,4,0,0,0
118282.10341214451,PAYMENT,492130.64720789227,1,1918,21,0,0,0
19393.22320286248,CASH_OUT,271145.06950568344,2,101,13,0,1,0
32354.89429947621,CASH_OUT,331207.87304057926,4,1537,2,0,0,0
12811.04354863943,TRANSFER,139410.06812334832,8,1560,6,0,0,0
51148.72309857723,TRANSFER,160898.4542938044,3,911,17,1,0,0
193116.6983988161,CASH_OUT,167730.95707057795,3,246,20,0,0,0
46253.0912905048,TRANSFER,349367.8525751503,8,1600,14,0,0,0
22143.87143033421,TRANSFER,236853.10384465425,6,1962,3,0,0,0
52180.28092377419,CASH_OUT,258841.8262650372,1,1507,23,0,0,0
6557.892212615533,PAYMENT,296001.49107967265,5,139,12,0,0,0
109757.92178331531,CASH_IN,384405.8281191085,3,858,17,0,0,0
34966.70911016173,PAYMENT,45184.87425623907,2,1220,15,0,1,0
29832.77059530509,PAYMENT,388436.9561094108,6,527,0,0,0,0
44078.13802699802,CASH_OUT,281617.53443758993,1,609,1,0,0,0
49012.65265759135,CASH_OUT,334547.7224276286,6,778,1,1,0,0
3724.0993627832486,CASH_OUT,163775.88242038098,0,456,15,1,1,1
57382.336476218996,PAYMENT,204693.4184082246,3,413,7,0,0,0
13849.088294575524,CASH_IN,115582.90982696012,2,1479,0,0,0,0
62579.89306347668,PAYMENT,489649.9987087026,4,1837,14,1,0,0
86449.03569908596,CASH_IN,248501.48625515832,5,1942,16,0,0,0
81471.44729977396,PAYMENT,498038.4578982989,2,296,16,0,0,0
40204.04515374513,TRANSFER,244892.98903063318,1,629,2,0,0,0
36716.15900233151,TRANSFER,109875.63219203366,5,1771,20,0,0,0
7708.631748212545,CASH_OUT,253726.19836842836,2,1413,23,0,0,0
74659.72538187141,CASH_OUT,19797.7858995389,9,1116,23,0,0,0
15832.163455430325,PAYMENT,452384.90071097563,6,404,11,0,0,0
34327.98854498613,TRANSFER,409275.12559722055,4,507,4,0,0,0
16722.899833187104,TRANSFER,362910.26034714235,1,316,12,0,0,0
7183.609745364809,TRANSFER,304913.35772123,1,483,20,0,0,0
49652.87867379612,CASH_OUT,289917.11683518154,2,309,6,0,0,0
2793.1879862958185,TRANSFER,498364.10703973146,3,1748,0,0,0,0
69044.49639590402,TRANSFER,138998.71700996897,1,1950,16,0,0,0
19105.996627694825,TRANSFER,389842.182682789,4,963,12,0,0,0
6.735103820133686,PAYMENT,290702.3851068287,5,1565,10,0,0,0
35782.84564022226,TRANSFER,487940.2718794426,4,1739,16,0,0,0
2399.249618062609,PAYMENT,413901.5916491262,0,1522,23,0,0,0
16159.905495488985,CASH_IN,499262.55649479636,3,163,23,1,0,1
61375.12127966616,CASH_IN,294162.49723122315,3,1900,12,0,1,0
3237.040232941339,CASH_IN,102271.97877246753,6,957,3,0,0,0
91422.77821073931,CASH_OUT,251843.51784736692,7,879,4,0,0,0
191.36185981980285,CASH_OUT,355555.5670252873,3,908,22,0,0,0
14172.808654574776,CASH_OUT,387180.193090794,5,893,13,0,0,0
67527.84231555522,CASH_OUT,254.99450797178415,2,681,15,1,0,0
19009.619755987485,CASH_IN,252513.54425114702,2,63,5,0,1,0
5373.269137189675,PAYMENT,117617.28998532328,1,95,1,0,0,0
22332.6333782404,CASH_OUT,437455.9166273942,7,201,12,0,0,0
15762.481924437801,CASH_OUT,76452.72202511427,5,1907,22,0,0,0
92483.80685685146,CASH_OUT,333228.1247874167,0,562,17,0,0,0
18796.37726469199,PAYMENT,133031.0951624624,4,739,3,0,0,0
77778.85788656754,PAYMENT,178271.0716071361,6,1059,15,0,0,0
111222.04538520142,CASH_IN,470279.6303784224,1,1833,3,0,0,0
28441.933627164817,CASH_IN,120224.06270403974,4,1697,15,1,0,0
120365.70365805984,CASH_OUT,47501.38091146533,2,548,20,0,0,0
23685.9705279758,TRANSFER,34642.45072211292,1,617,16,0,0,0
166320.84760843578,CASH_OUT,252307.55504973108,2,763,2,0,0,1
4676.5120906180755,TRANSFER,320855.741142144,0,870,23,0,0,0
58080.68223299942,CASH_IN,163646.8217854436,2,1572,5,0,1,0
34042.558411557664,TRANSFER,345129.8708965404,4,269,18,0,0,0
24522.465688125656,PAYMENT,30516.859286618903,4,1100,1,0,0,0
50080.433370266386,TRANSFER,428667.3224614384,4,819,21,0,0,0
60845.65713175621,CASH_OUT,408283.6048696189,3,184,13,0,0,0
218.64082458732062,CASH_OUT,492748.1356960428,4,281,2,0,0,0
9133.26611856045,TRANSFER,468252.4904509227,2,1792,6,0,0,0
62421.67656343331,PAYMENT,178098.58195946403,2,1603,22,0,0,0
54888.444258373616,CASH_OUT,199637.69200778857,1,1141,10,1,0,0
169139.64705202705,PAYMENT,372982.4237391298,2,299,14,0,0,1
71572.49288783703,PAYMENT,67041.38597749159,3,1733,17,0,0,0
150565.35441884396,TRANSFER,157007.35512241742,4,385,3,0,0,1
60623.86014385437,PAYMENT,59270.46848782413,2,1770,2,1,0,0
17694.81245016324,TRANSFER,227443.22453641568,2,642,15,0,0,0
5566.968910601795,PAYMENT,276002.13994265883,2,1169,7,0,0,0
76122.62880572403,PAYMENT,105580.2349813762,1,79,7,0,0,0
51662.18987260125,CASH_IN,13315.8434570525,2,488,3,0,0,0
2469.2827225771,TRANSFER,359677.91587526153,3,61,15,1,0,0
22318.297935387855,TRANSFER,10002.582213084255,2,1890,3,1,0,0
157095.52562720573,CASH_OUT,486701.3044641781,2,1262,5,0,0,0
34697.48969941752,CASH_OUT,110803.62837119773,0,1247,21,0,0,0
28345.91875362745,PAYMENT,331950.0460581455,1,1021,5,0,0,0
30596.759852499945,CASH_IN,217375.86311999458,2,1140,17,0,0,0
11715.45296262979,TRANSFER,29836.930168553597,4,290,11,0,1,0
22999.272627958508,CASH_OUT,236091.80331723372,0,663,7,0,0,0
23086.954222601868,CASH_OUT,258380.31714839983,2,837,13,0,0,0
2688.7670368048907,TRANSFER,427341.6040464342,2,1731,6,0,0,0
72957.7985806525,CASH_OUT,366174.534823949,4,997,1,0,0,0
26935.92113318849,CASH_OUT,39651.237376693185,1,504,7,0,0,0
86349.14198914489,PAYMENT,104581.34171613253,1,795,10,0,0,0
94972.13438694287,CASH_OUT,155943.84210747387,3,1243,16,0,0,0
11912.482217703124,TRANSFER,58203.84323240974,1,1311,9,0,0,0
53552.796173565475,PAYMENT,228449.53545724528,4,837,6,0,0,0
31959.64288803716,CASH_OUT,492154.59543126775,6,534,5,0,0,0
106078.526965118,PAYMENT,257306.3956188808,2,533,8,0,0,0
12150.777348314861,PAYMENT,370941.0841615847,4,612,18,0,0,0
56631.18891917224,PAYMENT,341468.8988496731,2,1285,4,0,0,0
46793.06489215451,TRANSFER,424955.717546069,3,463,4,0,0,0
17499.25976950795,TRANSFER,107861.74523280472,8,435,21,0,0,0
7343.912124034377,PAYMENT,376913.13084651413,1,932,2,0,0,0
52725.90817927142,PAYMENT,440677.62015287473,2,1946,3,0,0,0
67084.68768927355,TRANSFER,85754.91149012138,2,524,11,0,0,0
18962.634533008837,CASH_OUT,173401.10989400186,2,1638,5,0,0,0
51758.30313402491,CASH_OUT,485050.88216578076,2,1291,20,0,0,0
25137.16102906837,CASH_OUT,390393.9229898962,3,1816,9,0,1,0
62449.70854163753,TRANSFER,141295.4162687662,2,394,7,0,0,0
11108.15628530355,CASH_OUT,281970.8848222435,7,1472,22,0,0,0
110461.56976364958,TRANSFER,202163.0614247394,4,1411,16,0,0,0
16942.42463673094,PAYMENT,244982.58816356494,2,1077,5,1,0,0
22926.36575941695,CASH_OUT,177583.09569535425,1,193,4,0,0,0
2992.3811421853043,PAYMENT,139665.5092651703,2,850,9,0,0,0
5911.718817835568,PAYMENT,337381.5206957094,1,239,11,0,0,0
36269.2543994203,CASH_OUT,389270.90754305874,3,648,13,0,0,0
15570.92336128623,PAYMENT,436978.5613736724,4,951,2,0,0,0
90236.2253873503,PAYMENT,77664.98365909402,2,260,19,0,0,0
740.1202847220853,TRANSFER,411427.7618226203,3,1516,3,0,0,0
23828.782782735358,CASH_OUT,127400.41223853178,1,341,3,0,0,0
20575.08056708215,TRANSFER,213668.1949550253,1,1907,7,0,0,0
975.8425834938557,CASH_IN,450721.8429246233,0,630,3,0,0,0
6640.491165229436,PAYMENT,227251.800491301,4,584,18,1,0,0
26691.295273787273,CASH_OUT,98531.7670221581,2,1654,14,0,0,0
33948.860961699604,PAYMENT,79934.32761855889,4,838,12,1,0,0
25900.044161986098,TRANSFER,236491.88332606692,7,1654,4,0,0,0
37850.981875666126,TRANSFER,381336.21198827703,5,1987,14,0,0,0
45209.669398175836,PAYMENT,498602.57198715064,1,502,17,0,0,0
498.6695229076359,TRANSFER,393704.31421545096,2,1828,4,0,0,0
31189.933498330945,PAYMENT,438505.97947142675,4,1861,17,0,0,0
165521.1110504819,PAYMENT,373916.180467444,4,1813,9,0,0,0
36597.75607924128,PAYMENT,447717.550378053,2,1929,17,0,0,0
56589.16066119482,CASH_OUT,38146.771656956626,2,949,6,0,1,0
18688.428984494018,PAYMENT,464965.7994908227,2,1648,9,0,0,0
74359.10653354989,CASH_IN,198203.07686282808,3,1203,3,0,0,0
74122.971324484,CASH_OUT,460807.1116402223,3,331,21,0,0,0
36833.64631013783,TRANSFER,37866.41872973779,1,52,8,0,0,0
186513.87922679223,CASH_OUT,357621.4785605679,3,1649,12,0,0,1
6708.020364218744,PAYMENT,367844.3743351023,4,1564,15,0,0,0
854.64600292336,PAYMENT,498455.44464888633,1,1393,12,0,0,0
73518.20419798914,CASH_OUT,384427.6353449069,1,1053,2,1,1,1
82293.56540329731,CASH_IN,191286.85290780335,3,1700,14,0,0,0
6403.444343923533,CASH_OUT,278624.27580927266,4,959,16,0,0,0
15433.903217401743,PAYMENT,183275.46908329512,3,424,2,0,0,0
885.4116353232502,TRANSFER,98009.32265242907,3,968,2,0,0,0
17358.06079258283,TRANSFER,124251.16375113676,3,1381,18,1,0,0
74171.5226064056,CASH_OUT,111005.26713716047,3,1411,3,0,0,0
36486.4637786035,CASH_OUT,274407.6650816065,2,1448,2,0,0,0
21392.86715466708,PAYMENT,453080.31726594665,4,840,20,0,0,0
23240.00315796827,TRANSFER,456363.3130441988,1,1334,15,0,1,0
67.72713471739074,CASH_OUT,27381.888762912753,2,60,23,0,0,0
17819.50119556035,CASH_OUT,39949.70047594676,5,770,18,0,0,0
51987.75432802587,CASH_OUT,122559.52858617176,2,1309,5,0,0,0
182858.272714259,PAYMENT,127529.72623473746,4,1975,16,0,0,0
93885.74993123456,PAYMENT,47444.587619625556,4,487,3,0,0,0
1193.889170775825,CASH_OUT,194231.67058672025,3,1022,16,0,0,0
114414.68746111295,TRANSFER,293862.6963456436,1,1380,1,0,0,0
76438.63453550762,CASH_OUT,289081.1002997318,3,1537,18,0,0,0
75791.94241744997,CASH_IN,271714.8406292964,2,1226,20,0,0,0
30624.0726428223,CASH_IN,169335.9624437486,3,215,8,0,0,0
25375.331299759786,PAYMENT,353227.84265829035,3,1629,2,0,0,0
18042.44849911565,CASH_IN,413241.97049053566,5,305,12,0,0,0
3397.609531713543,PAYMENT,173137.13323870423,1,1900,23,0,0,0
12953.782521651374,PAYMENT,42767.67964973099,1,621,17,0,0,0
14158.190425046665,TRANSFER,148165.12554592825,2,1920,19,0,0,0
33089.89422796835,TRANSFER,68684.32728745138,5,1243,14,0,0,0
68806.19413033579,CASH_OUT,233679.36361359042,3,474,1,0,0,0
32104.629430782745,TRANSFER,77967.57565803913,3,1875,20,0,0,0
2979.244503124204,PAYMENT,231422.37882898864,1,832,11,0,0,0
158254.67021983783,CASH_OUT,110501.44616232387,3,1669,6,0,1,1
142993.9581176022,CASH_OUT,369365.55273120146,3,1421,10,0,0,0
76899.96178639588,TRANSFER,13784.120417922819,5,1855,21,0,0,0
237382.22416799716,CASH_OUT,277373.1519159628,3,1412,14,0,0,0
39316.03883231449,TRANSFER,84744.13746002835,2,154,6,0,1,0
164529.803989145,CASH_IN,495.9322348135342,2,1694,21,0,0,0
3930.7926724584913,PAYMENT,434600.04403240356,7,38,7,0,0,0
22760.144982313843,PAYMENT,335763.89390703384,1,1158,22,0,0,0
12769.216469929554,TRANSFER,49471.4110252617,1,123,22,0,0,0
10897.42122761541,TRANSFER,332036.1838419278,3,1586,23,0,0,0
7587.84936855425,CASH_OUT,305823.6663687993,5,1775,11,0,0,0
48697.79861959905,CASH_IN,236678.34352160167,2,51,5,0,0,0
76007.714556158,CASH_OUT,209629.049212807,5,393,13,0,0,0
43172.86613479134,CASH_OUT,443534.88145786745,2,375,4,0,0,0
7947.600783391258,PAYMENT,122574.00994872564,2,1769,3,0,0,0
83333.16729073272,CASH_OUT,199155.02850669165,3,1980,23,0,0,0
50523.84941086985,TRANSFER,164557.70644741363,6,578,3,0,0,0
24564.689738889043,CASH_OUT,385600.5145183168,0,284,8,0,0,0
56062.8828533534,CASH_OUT,458232.6531162697,2,776,14,0,0,0
15048.834729935856,CASH_OUT,424890.8493701152,4,1025,17,0,0,0
21170.676724698144,CASH_OUT,398851.9651498842,7,1485,6,0,0,0
124739.27009813524,PAYMENT,493394.97278504143,2,1033,19,0,0,0
17160.0566445232,PAYMENT,348572.27520519256,3,159,15,0,0,0
31742.80685649471,TRANSFER,375526.89560676686,5,770,10,0,0,0
110427.94021308752,CASH_IN,491401.2698525095,3,645,3,0,0,0
61502.38259218661,CASH_OUT,3495.392699587041,2,1709,7,0,0,0
3211.100623703637,TRANSFER,317024.18821818253,6,335,2,0,0,0
7967.553170232788,CASH_OUT,369485.76597664476,6,410,20,0,0,0
393.6248861986807,PAYMENT,458913.5268785975,4,1844,4,0,0,0
49837.33534007458,TRANSFER,441922.15209217137,5,1433,2,0,0,0
29680.789350511688,PAYMENT,420980.34061689716,2,1664,19,0,0,0
7209.390029505175,PAYMENT,472895.6359708519,2,547,8,0,0,0
158425.91716576112,TRANSFER,268689.5939568538,2,1754,2,0,0,1
37714.942731423136,PAYMENT,3460.047792413379,5,1857,9,0,0,0
13846.556515460237,CASH_IN,5527.199348504763,3,691,16,0,1,0
34717.75260262578,CASH_OUT,272319.52780892904,1,987,20,0,0,0
56912.426313662814,TRANSFER,217636.11943197064,2,936,20,0,0,0
3965.1067385025403,PAYMENT,225622.52668272424,1,511,10,0,0,0
16058.758829254644,PAYMENT,200202.3686050185,1,663,8,0,1,0
82244.3151175426,CASH_OUT,458862.9045456179,1,1010,10,0,0,0
30778.28607786736,TRANSFER,179585.17558489495,4,106,23,0,0,0
39546.50638029018,TRANSFER,428113.4708815416,6,714,6,0,0,0
28353.57584011556,TRANSFER,451432.39689582045,3,239,0,0,0,0
2244.6354450078516,CASH_OUT,249750.8849994774,3,341,13,0,0,0
9061.094871259682,CASH_IN,223469.01868254415,2,1994,10,0,0,0
29488.178371113805,PAYMENT,380510.30210772343,3,1737,13,0,1,0
11734.5904124512,TRANSFER,353985.7538199412,3,1915,22,0,0,0
2563.5609768063423,PAYMENT,164267.55829810296,4,134,17,0,0,0
92782.80231937153,CASH_IN,51274.06296232329,2,1269,8,0,0,0
198675.05515976198,CASH_OUT,132426.20009124017,4,1694,11,0,0,0
78786.34682838712,CASH_OUT,65514.252906149486,3,258,13,0,0,0
96133.8301134739,TRANSFER,147366.1378883457,3,1849,11,0,0,0
13852.086135460568,PAYMENT,130910.78279039952,2,545,2,1,0,0
161733.71774293942,CASH_OUT,318855.7119433568,2,1441,8,0,0,0
10965.402342068912,CASH_IN,477248.0142273898,6,363,15,0,0,0
151237.26591010258,TRANSFER,342871.8661652418,4,1768,20,0,0,0
263140.69659946475,TRANSFER,463324.7040322848,1,116,3,0,0,1
62191.6390842341,CASH_OUT,392066.1293042217,4,523,20,0,0,0
198545.4944713223,CASH_OUT,363938.81103558664,2,1513,12,0,0,0
42145.01812797031,PAYMENT,207030.97010667072,3,1293,17,0,0,0
15024.303624615975,CASH_IN,162397.25143168433,1,343,7,0,0,0
28723.417149640478,TRANSFER,423138.6862364596,5,140,23,0,0,0
45016.06318808089,CASH_IN,452696.61646450264,1,1607,23,0,0,0
3794.4851106921938,PAYMENT,225941.24682546602,2,1821,7,0,0,0
48688.48016974755,TRANSFER,4531.549093322207,1,225,15,0,1,0
198636.01039376942,PAYMENT,396265.5294532352,3,1502,22,0,0,0
10542.697055766685,TRANSFER,142534.42023614582,3,784,12,0,0,0
78654.12180781225,TRANSFER,4943.932508460369,2,581,1,0,0,0
119243.36194756287,CASH_OUT,402494.27948806103,4,283,23,0,0,0
143854.4517946248,PAYMENT,258707.09440844908,1,103,21,0,0,0
161113.58472240993,CASH_OUT,342605.37316923455,4,932,20,0,0,0
36850.73610284772,PAYMENT,457344.91057223873,3,1695,12,0,0,0
189286.9392429678,PAYMENT,270586.9150690527,2,756,17,0,0,0
70798.56118620868,CASH_OUT,251597.03628948287,1,1343,18,1,0,0
8817.258724042813,TRANSFER,145331.06067413176,2,1939,3,0,0,0
32399.141606916015,TRANSFER,152596.9172199763,3,661,3,0,0,0
63351.163946062596,TRANSFER,398271.0330148229,4,1872,20,0,0,0
14207.104998989795,CASH_OUT,224514.62279296853,1,809,1,0,0,0
51168.07762306764,TRANSFER,81763.1043040602,3,1296,8,0,0,0
54920.68727594814,CASH_OUT,47264.382000247795,2,1877,8,0,0,0
8878.627189925479,CASH_OUT,236460.05843088968,6,1897,20,0,0,0
41630.2693854329,CASH_OUT,232477.5118088652,3,1290,3,0,1,0
73838.73160206979,CASH_OUT,326729.139102698,8,1837,15,0,0,0
34547.0472579968,PAYMENT,235533.73887257033,4,1189,7,0,0,0
608.8477943850166,CASH_IN,71737.85206710736,1,1735,6,0,0,0
453.97819254521426,TRANSFER,253901.44239925678,2,1571,12,1,0,0
22082.809591005338,TRANSFER,453394.7019430126,2,1516,4,0,0,0
130315.80885262009,CASH_OUT,79720.70581010621,8,1486,7,0,0,0
12982.388548195848,TRANSFER,344877.3204888745,0,168,20,0,0,0
50305.806252761,CASH_OUT,296929.63248276326,3,987,1,0,0,0
12556.313986525485,PAYMENT,374292.8633559013,6,1211,15,0,0,0
19406.068427327784,CASH_IN,75300.13671379637,3,935,21,0,0,0
94207.58508770626,CASH_OUT,470802.6684529973,0,1652,17,0,0,0
65256.26528131986,PAYMENT,310483.2138835793,2,559,9,1,0,0
5013.081151833449,CASH_OUT,423535.5688455684,3,1883,8,0,0,0
27992.21753900893,TRANSFER,123303.3818401178,4,1574,14,0,0,0
1480.1829901126068,CASH_OUT,369706.4446989808,1,1638,22,0,1,0
32781.98773179029,TRANSFER,390515.3521669595,6,655,2,0,0,0
54299.71334477728,CASH_OUT,198717.63619353782,3,163,14,0,1,0
6306.662671847921,TRANSFER,191976.72644171104,4,1133,12,0,0,0
17046.051616351724,TRANSFER,328898.13251287467,2,1897,23,0,0,0
25361.324214142518,TRANSFER,46703.840880107986,5,1695,0,0,0,0
125994.1784148555,PAYMENT,367812.07510875445,5,494,14,1,0,0
249947.80379511754,CASH_IN,21443.37991970546,8,1975,8,0,0,0
2297.553109084137,TRANSFER,95295.15056041299,4,1830,6,0,0,0
71566.24401502873,CASH_OUT,332071.8786206836,2,802,17,0,0,0
23238.79121527445,CASH_OUT,49161.83354598191,3,633,7,0,0,0
24916.713844208654,CASH_IN,485921.045738395,2,379,14,1,0,0
70175.0725497671,TRANSFER,434198.1047309503,1,1198,13,1,0,0
125312.49964185862,TRANSFER,313151.1662033682,3,859,21,0,0,0
150723.9393293603,CASH_OUT,409528.72783467494,3,588,5,1,0,1
43033.64717227319,TRANSFER,443790.02429478394,1,324,13,0,0,0
22089.9500324707,CASH_OUT,129737.82478590922,1,1181,3,0,0,0
77452.21547885494,CASH_IN,424705.79397465975,1,856,20,0,0,0
14450.907113938641,CASH_IN,97396.8918188009,2,1520,15,0,0,0
41514.14204758868,CASH_OUT,206671.13207440768,2,1827,13,0,0,0
22203.420593832678,TRANSFER,279129.8156242997,1,1761,22,0,0,0
53447.491149389694,CASH_OUT,356945.4815370162,0,1545,16,0,0,0
13748.093444425484,TRANSFER,15070.658861264019,2,1424,15,0,0,0
10634.47836422213,CASH_IN,145254.7063890945,2,1819,1,0,0,0
125197.79908948434,TRANSFER,304259.54910519515,3,1219,0,0,0,0
5368.33093518959,TRANSFER,178684.33957455936,7,725,14,0,0,0
35256.727920490885,CASH_OUT,387512.5278147467,3,1299,8,0,0,0
12477.763444526256,PAYMENT,325826.0805753581,2,1451,12,0,0,0
1985.3996856933325,PAYMENT,117200.7268618679,0,1901,16,0,0,0
1834.175280566355,TRANSFER,72964.48979616654,1,1747,2,1,0,0
9632.037172916343,CASH_OUT,314523.4967935252,1,1154,5,0,0,0
100784.04909353613,TRANSFER,225233.66385237887,4,1725,21,0,0,0
16597.63533340247,CASH_IN,84478.52055065929,3,188,8,0,0,0
150247.90562678798,TRANSFER,163187.10265918868,2,1250,8,0,0,0
43568.53245869319,TRANSFER,151523.37415929328,3,686,19,0,0,0
28689.530490754383,TRANSFER,54065.98616968755,2,1057,16,0,0,0
43385.605059705165,PAYMENT,273454.50963261403,2,648,8,0,0,0
36355.717949754326,TRANSFER,381824.31695627706,5,245,1,0,0,0
71101.51842746741,CASH_OUT,287733.4444264935,6,1059,14,0,0,0
16598.84241993632,TRANSFER,413145.6824686762,6,1501,9,0,0,0
21774.34362613133,PAYMENT,63784.27360771566,5,1211,9,0,0,0
112260.31136902604,PAYMENT,217805.92891111196,4,916,3,0,0,0
146363.05584720752,CASH_IN,304707.5518290496,3,872,6,0,0,0
111540.31145986536,TRANSFER,338000.7804709537,2,632,1,0,0,0
27188.7946748747,CASH_OUT,347893.1532117135,4,1318,8,0,0,0
75789.52457757636,CASH_IN,364482.7135489405,1,437,4,0,0,0
32345.225620584082,TRANSFER,325714.90609800833,2,1841,9,0,0,0
34411.94749736848,PAYMENT,47114.04447043382,4,42,8,0,0,0
11450.543335802255,PAYMENT,347652.83880114823,3,852,7,0,0,0
44717.938178699704,TRANSFER,362391.3283871938,3,633,2,0,0,0
10298.09387371654,CASH_OUT,496739.96716681356,2,1548,18,0,0,0
20140.783478645917,PAYMENT,346681.21835056297,2,1788,17,0,1,0
96561.49226451774,PAYMENT,343415.19787577447,2,1661,13,0,0,0
11601.382995655153,TRANSFER,257406.64509098599,3,1792,10,1,0,0
3690.8468501513134,TRANSFER,433961.45429255697,4,386,22,0,0,0
3575.2078534477314,CASH_OUT,498417.3809805791,3,1328,1,0,0,0
141328.6146641773,CASH_OUT,389522.43509871606,4,332,20,0,0,0
35354.236725789975,TRANSFER,306250.1889289042,2,281,1,0,0,0
26331.837490083188,TRANSFER,39477.41346578409,4,612,14,0,0,0
83268.30208309165,CASH_IN,363369.5658648138,3,864,23,0,1,0
90341.39994404848,PAYMENT,354280.7842909752,2,837,17,0,0,0
20187.65620314438,PAYMENT,387784.0739047159,4,123,15,0,0,0
59146.13885831744,TRANSFER,62277.69419974466,2,1623,1,0,0,0
73728.4866529631,CASH_OUT,326866.2500630717,4,60,12,0,0,0
53159.94361736103,CASH_IN,147861.95247583734,8,330,19,0,1,0
8219.862551402466,TRANSFER,380135.62170141685,3,1549,6,0,0,0
104326.5641370974,CASH_OUT,120186.97701573311,3,1157,8,0,0,0
38728.11802854619,TRANSFER,341989.3384102053,0,339,18,0,0,0
16597.195097022184,CASH_IN,147496.47349198986,4,358,1,0,0,0
27689.108059388407,CASH_IN,4497.146408715569,2,1151,21,0,0,0
1914.7537851351137,CASH_OUT,316678.9559865477,3,1523,0,0,0,0
6840.6557923332,CASH_IN,56634.54157946118,4,440,20,0,1,0
72524.95367560702,CASH_OUT,329645.73639410705,6,81,7,0,0,0
0.5817411525216162,CASH_OUT,462804.72417846875,6,596,18,0,0,0
26941.18251066355,PAYMENT,484622.96710554516,1,1080,20,0,0,0
36960.62204669365,CASH_IN,117961.5436638063,2,894,8,0,0,0
2809.1784578248457,TRANSFER,404626.6138253274,4,145,0,0,0,0
180740.87681393878,TRANSFER,176776.63843622015,1,1418,16,1,0,1
12817.26725915564,PAYMENT,450228.53637399117,2,714,19,0,0,0
18134.55880670851,PAYMENT,393744.7843146869,2,456,16,0,0,0
18116.15123619793,CASH_IN,36960.85832288182,4,583,23,0,0,0
13095.301511269732,TRANSFER,203568.49693863865,3,1809,6,0,0,0
73.7454615192529,CASH_IN,168658.91300483703,4,803,2,1,1,1
65345.47855373437,CASH_IN,392590.5103616385,4,333,15,0,0,0
170328.84094513746,CASH_OUT,205142.85532657956,2,1495,20,0,0,0
12699.05152221055,PAYMENT,342294.1988265419,4,1592,1,0,0,0
54390.61967302936,TRANSFER,301217.62779522024,6,1213,4,0,0,0
67719.6970640312,TRANSFER,487819.35954881686,4,1731,4,0,0,0
94333.86140185174,PAYMENT,468892.4784008074,4,371,8,0,0,0
27463.52896936128,CASH_OUT,213849.75736935934,3,1553,14,0,0,0
18043.53710296746,TRANSFER,361789.1058205747,3,722,20,0,0,0
19673.99596573177,CASH_IN,414730.0469906109,3,1661,15,0,0,0
62347.72679962116,CASH_OUT,449442.8769310726,3,1336,17,0,0,0
84853.23753150264,TRANSFER,34067.13188824184,2,1801,18,0,0,0
10021.056582081992,CASH_IN,151039.3996367484,2,325,5,1,0,0
23176.511998339018,TRANSFER,160115.0204842609,4,123,16,0,0,0
116108.88745885163,TRANSFER,217222.9756099393,3,1216,21,1,0,0
82173.91843646854,TRANSFER,84632.3753577095,1,1514,20,0,0,0
209515.4769341188,TRANSFER,248102.93997500403,4,659,13,0,0,0
70171.67191600204,PAYMENT,331607.16364922805,3,987,15,0,0,0
24977.40614418322,PAYMENT,248681.96010835885,2,1438,1,0,0,0
44657.7511649979,TRANSFER,332896.5475988079,3,1287,17,0,1,0
54089.86102064621,PAYMENT,33220.81590895015,2,184,17,0,0,0
4085.227772741556,TRANSFER,437993.66585370514,1,307,2,0,0,0
39317.64431762053,TRANSFER,469534.5960505342,3,534,13,0,0,0
61776.756167841384,PAYMENT,308953.7120593243,1,1946,17,0,0,0
9155.371515647234,PAYMENT,440695.4993184485,1,652,18,0,0,0
75850.16529870559,TRANSFER,65723.00832410621,3,1997,2,0,0,0
43826.19835734714,CASH_OUT,398724.4600381551,0,1845,6,1,0,0
152059.2755555257,CASH_OUT,59574.09673629699,5,1810,2,0,0,0
2167.420526105625,CASH_OUT,204005.11574876835,3,180,5,0,0,0
15416.4301404719,CASH_OUT,161909.2672791375,1,210,11,0,0,0
46009.14975811219,PAYMENT,292795.9126102271,2,1344,21,0,0,0
17588.628455231763,CASH_OUT,150757.26761976676,0,1894,15,0,0,0
62662.38300943795,PAYMENT,318656.8148335663,2,1976,19,0,0,0
71149.01324549239,CASH_OUT,183693.64457597892,2,1572,4,0,0,0
5407.997301929704,TRANSFER,430395.1905152322,2,1461,23,0,0,0
36062.362177253795,TRANSFER,316941.92010980577,3,237,10,0,0,0
35554.41374949078,CASH_OUT,107649.14866072306,1,157,12,0,0,0
23044.723809362837,CASH_IN,168064.7110140435,4,52,11,0,0,0
135097.09168835878,CASH_OUT,423710.4438133279,4,1060,23,0,0,0
87869.73400640409,TRANSFER,193239.87499372923,2,517,15,0,0,0
59735.687087418984,PAYMENT,267899.53278282256,2,341,14,0,0,0
62645.31019127748,PAYMENT,324470.96797616634,3,691,6,0,0,0
30968.462211463793,CASH_OUT,173904.8247929584,1,634,4,0,0,0
126911.90378560188,TRANSFER,146989.31537903415,4,433,12,0,0,0
59305.89566671045,PAYMENT,237627.4513040143,1,803,14,0,0,0
65278.328867764154,CASH_IN,107440.48604639455,1,1596,8,0,0,0
98913.21354357859,CASH_IN,142105.2934595317,3,1528,16,0,0,0
16015.193846438724,TRANSFER,31039.24201601804,4,1670,3,0,0,0
82271.62675622995,CASH_IN,151985.13798550272,4,1538,13,0,0,0
10860.596594951663,CASH_OUT,160352.04668178465,5,486,9,0,0,0
21182.112208300725,CASH_OUT,480916.5831456598,1,987,22,0,0,0
20444.331813511395,PAYMENT,294864.41273294005,6,374,4,1,0,1
192044.38111263077,CASH_OUT,393691.2127079028,8,669,11,0,0,1
97083.98381862212,CASH_OUT,22688.626390161226,5,1941,12,0,0,0
60393.9982992444,CASH_OUT,53268.34680418596,6,71,3,0,0,0
64924.57117101071,TRANSFER,407268.48043129616,3,643,12,1,0,0
41285.128984206545,PAYMENT,311774.7747088179,0,254,4,0,0,0
146958.77652546007,PAYMENT,95491.01527010146,3,1578,0,1,0,1
34284.627066052795,CASH_OUT,202397.70293086913,2,642,3,0,0,0
23943.55828410854,TRANSFER,269336.2499908114,3,952,0,0,0,0
8898.671397007587,CASH_IN,421804.91456872085,4,880,17,0,0,0
77137.035894156,PAYMENT,30205.99584724709,1,621,12,0,1,0
66296.46409861011,TRANSFER,298361.1446836812,3,76,20,0,0,0
24254.24214245421,CASH_IN,358517.960793342,3,1494,14,0,0,0
1275.8100477195537,PAYMENT,488945.9289552297,5,1899,8,0,0,0
91316.71580553208,CASH_OUT,403580.0391460922,6,1803,8,0,0,0
574.1834552131777,CASH_OUT,138113.6567826367,2,801,9,0,0,0
60819.10403301189,CASH_OUT,354789.59693913255,4,1668,20,1,0,0
175758.2578969906,PAYMENT,381638.94246348855,3,435,2,0,1,1
28782.549581847943,CASH_OUT,364867.7499591976,3,1932,3,0,0,0
13392.234052435346,TRANSFER,410072.033975935,2,1619,4,0,0,0
61017.138205989904,CASH_OUT,451864.9881068188,3,1794,11,0,0,0
84948.48005046627,CASH_IN,49214.934494670124,1,1182,5,0,0,0
39530.31815944503,TRANSFER,52381.92884055942,3,1232,5,0,0,0
170615.86182015415,CASH_IN,398199.994385323,2,498,23,0,0,0
2652.569402128082,CASH_IN,126186.23826073544,1,143,23,0,0,0
35139.23344642868,CASH_OUT,29270.71097503897,4,604,7,0,0,0
63372.96236748891,TRANSFER,200614.5904903029,2,1851,18,0,0,0
99257.67462153395,CASH_OUT,409938.45591303904,5,1656,19,0,0,0
9877.178007997745,CASH_IN,63282.51190699019,4,1547,19,1,0,0
80472.76607020212,TRANSFER,335920.98590223375,3,1215,10,0,0,0
40227.079369991494,CASH_OUT,1807.9308857838482,5,58,10,0,0,0
25254.909675138966,CASH_OUT,54868.723606224965,2,1633,22,0,0,0
7061.765505724637,TRANSFER,175425.17288424342,6,740,14,0,0,0
100233.68553021275,CASH_IN,41801.140512207014,2,854,20,0,0,0
8555.623193815549,PAYMENT,422950.83371855645,2,489,3,0,0,0
18537.813911121622,CASH_IN,432035.25157273444,3,318,12,0,0,0
17127.72202638604,TRANSFER,377785.3515497621,3,395,9,0,0,0
102557.8801850155,CASH_OUT,121239.81569780874,3,1525,13,0,0,0
55844.362286306474,CASH_IN,261623.53761998992,3,1155,4,0,0,0
79649.05291553204,CASH_OUT,92094.26276168569,6,734,16,0,0,0
14415.306609661313,CASH_IN,140639.2250365554,5,148,19,0,0,0
49024.67874882831,TRANSFER,258002.64608689555,4,1471,6,0,0,0
42401.9381061268,CASH_OUT,367506.9042303989,3,494,14,0,1,0
89437.31370964587,PAYMENT,47327.19019681958,2,133,18,1,0,0
118269.35506050372,CASH_IN,148348.34881404307,2,79,15,0,0,0
611.5634704485624,CASH_IN,463310.67428596114,1,1750,6,0,0,0
56045.9500444768,CASH_OUT,214561.6588909441,2,883,4,0,0,0
2661.3792023111373,CASH_OUT,469434.8369546572,3,846,16,0,0,0
39798.73036849448,TRANSFER,495700.2707760678,3,1997,3,0,0,0
16958.0835284943,PAYMENT,263329.913055708,4,504,15,0,0,0
18320.148226473095,PAYMENT,144022.0048924253,0,748,18,0,0,0
21767.242483955855,CASH_OUT,395388.40428628953,1,1644,3,0,0,0
48549.55025691306,CASH_IN,79655.36776250748,3,1237,5,0,0,0
20327.031739141697,PAYMENT,126023.42983603525,3,884,13,0,0,0
65969.00519963843,PAYMENT,392439.9547496411,6,1193,19,0,0,0
25919.99393869146,TRANSFER,216822.96236601495,2,1784,12,0,0,0
3540.0753206794393,TRANSFER,100768.96849383338,3,142,13,0,0,0
76568.28242916668,CASH_IN,325562.8724761622,2,1621,6,0,0,0
16826.69464758569,TRANSFER,366380.93069084146,5,783,23,0,0,0
28349.245633047143,CASH_IN,62535.619725284545,3,261,2,0,0,0
57829.639351591286,CASH_IN,138490.12998746708,2,166,2,0,0,0
20207.510434524887,PAYMENT,110638.37768611661,1,652,17,0,0,0
2912.4851911949045,TRANSFER,189927.31438122605,2,906,21,0,0,0
23413.93964260737,CASH_OUT,381722.44778803224,10,954,21,0,0,0
144522.3124584016,CASH_OUT,356854.05113716214,4,1218,15,1,0,0
51324.03303355561,CASH_OUT,331261.955191852,5,1458,0,0,0,0
55657.74843475207,CASH_OUT,3142.7729342956013,3,148,13,0,0,0
50021.96783680692,CASH_OUT,71071.65669019472,3,1566,17,0,0,0
11094.22589643863,TRANSFER,111648.77455103339,2,1554,19,1,0,0
27092.932275544612,TRANSFER,135977.9230194248,3,361,15,0,0,0
69503.0319049337,TRANSFER,73213.27082445001,2,1630,22,0,0,0
5344.356102718182,CASH_OUT,205157.77573694484,0,696,18,0,0,0
16276.31248216475,CASH_OUT,37590.29250701296,2,1333,1,0,0,0
16170.2370654051,PAYMENT,375011.0951938904,3,1397,8,0,0,0
28283.359202299045,TRANSFER,393860.3936480525,2,206,12,0,0,0
196531.6066639828,TRANSFER,287133.34480044903,3,575,17,0,0,1
3494.442924806149,PAYMENT,44852.43852098392,6,1156,19,0,0,0
36563.328435297364,PAYMENT,445041.584773379,1,1940,1,1,0,0
9883.823033775565,TRANSFER,482817.9143540572,3,1177,6,0,0,0
176468.37926128868,PAYMENT,101181.78016089469,1,1878,21,0,1,1
6012.626257777126,CASH_IN,352319.9097203599,5,512,12,0,0,0
25842.268838986936,PAYMENT,420969.3153212429,4,1103,7,0,0,0
66948.5941183854,TRANSFER,269921.76127135113,2,715,2,0,0,0
60963.532435157795,PAYMENT,161661.54976337444,3,295,13,0,0,0
27472.14115099548,CASH_OUT,239279.3575401763,2,1949,22,0,0,0
21272.48644659102,TRANSFER,256134.375392226,2,1781,7,0,0,0
25342.707571706298,CASH_IN,200318.52209401396,5,1144,0,0,1,0
15345.029413501969,TRANSFER,464921.2468168531,1,292,23,0,0,0
11491.602143566874,CASH_IN,371941.555471251,2,427,10,0,0,0
32989.45959341901,TRANSFER,120650.82112748199,5,1792,0,0,0,0
15635.210297696756,CASH_IN,292778.59365993424,3,776,10,0,0,0
16946.07823168569,TRANSFER,344344.5754655837,5,428,5,0,0,0
53465.69496915921,CASH_OUT,70078.21085106513,1,1360,10,0,0,0
172947.67846531578,TRANSFER,179212.8711900744,3,724,17,1,0,1
46271.266347133365,CASH_OUT,452774.140801958,5,1690,8,0,0,0
4005.1899429972545,CASH_OUT,283586.55009260075,4,393,12,0,0,0
3929.6337244275537,PAYMENT,108498.87303015843,2,1981,9,0,0,0
151230.4828716215,CASH_OUT,61392.399059575386,2,216,9,1,0,1
17640.605735917972,PAYMENT,259113.44673743885,3,1922,2,0,0,0
4829.233816040338,CASH_OUT,273842.86151457205,3,358,3,0,0,0
45695.252387941204,CASH_OUT,167207.22567730618,5,1047,9,0,0,0
48861.62356502919,CASH_IN,315208.01420955925,3,1860,20,0,0,0
52277.964041156585,TRANSFER,34342.34310969436,2,460,18,0,0,0
15557.909833478298,PAYMENT,72569.84663307031,6,1086,22,0,0,0
761.3006942445556,PAYMENT,273136.9105056296,5,574,17,0,0,0
167642.32206039815,TRANSFER,30907.846922226978,4,1091,6,1,0,1
14443.675475963291,CASH_IN,440454.3824955503,3,765,20,0,0,0
56354.645122308044,PAYMENT,71073.1852282584,5,562,1,0,1,0
61316.01122250381,TRANSFER,336959.9370422682,6,610,8,0,0,0
47081.377909590985,CASH_IN,195601.7208572126,0,968,7,0,0,0
18764.309924204463,CASH_OUT,199893.87377112423,6,296,20,0,0,0
15810.679551628298,TRANSFER,382444.7643055719,2,506,2,0,0,0
45523.918161017944,CASH_IN,249731.06708645698,3,1241,11,0,0,0
100531.47087469952,PAYMENT,362827.7318219332,5,715,9,0,0,0
146622.59804712815,PAYMENT,252595.61437638462,3,1435,13,0,0,0
5597.207257871357,PAYMENT,296452.6707026317,3,485,0,0,0,0
8410.79234315485,PAYMENT,380357.31393483205,4,760,18,0,0,0
144781.91298494596,CASH_IN,303654.37146063766,2,1109,13,0,0,0
66691.78069043614,CASH_OUT,307807.5546943943,4,1547,21,0,0,0
107276.42831722235,CASH_OUT,394609.7957137972,1,1862,19,0,1,0
11321.988527499603,TRANSFER,474543.4079096866,5,392,5,0,0,0
44286.36336323545,PAYMENT,188358.07696766837,2,1352,15,0,0,0
60388.934278554065,CASH_OUT,288558.5786129756,2,1617,3,0,0,0
56989.199317458886,CASH_OUT,43136.578866772805,6,1042,8,0,0,0
26225.245575197172,TRANSFER,179401.94028443345,3,333,7,0,0,0
775.7311732207487,CASH_IN,206024.61294469298,2,1833,5,1,0,1
43724.58755453356,PAYMENT,417618.6584120255,2,676,9,0,0,0
14591.301618925725,TRANSFER,256696.2010628384,3,128,23,1,0,0
29914.968667385016,CASH_OUT,365533.1866492289,4,585,6,0,0,0
158007.96297502719,TRANSFER,9503.700012835681,2,163,10,0,0,0
25460.95554848561,CASH_OUT,232246.3348141578,5,176,4,0,0,0
91567.1136757221,CASH_OUT,450658.83258179214,1,257,13,0,0,0
10446.046558564827,CASH_IN,112156.95465289254,3,1927,8,0,0,0
55807.33072314863,CASH_IN,15761.092653556463,2,1285,19,0,0,0
188628.17378428322,CASH_OUT,216704.36685673823,3,1927,19,0,0,1
5373.308821031382,CASH_OUT,352215.91032379767,2,429,19,0,0,0
417.7373062622429,TRANSFER,227231.75342073475,6,1448,19,0,0,0
28421.217841253445,TRANSFER,229989.15675563292,2,897,23,0,0,0
4859.9997869305,CASH_OUT,334902.52061915974,3,1624,5,0,0,0
68992.62764478805,TRANSFER,127194.4041415245,4,633,6,0,0,0
122990.41164481579,CASH_OUT,375944.89582098875,3,1034,3,1,0,0
28459.912786061886,PAYMENT,76556.76545286672,5,921,16,0,0,0
14968.279124765962,PAYMENT,197875.30264299386,3,1681,3,0,0,0
28493.701626667273,PAYMENT,328004.05423545896,5,1140,19,0,0,0
64267.78759780297,TRANSFER,414184.50361509883,3,448,13,0,0,0
454.7699803614305,CASH_IN,395765.53558252763,2,1113,17,0,0,0
44513.3636144739,CASH_IN,360842.7996538489,1,1728,7,1,0,0
47504.22889260729,CASH_OUT,179548.19176819554,1,536,4,0,0,0
50762.5120676584,CASH_OUT,61152.158146861926,0,686,13,0,1,0
13855.05115132008,TRANSFER,108417.1088464953,3,196,8,1,0,0
62597.391631616825,CASH_OUT,432416.9072882425,2,1544,20,0,0,0
4792.0477802918,TRANSFER,428665.6850663297,2,161,19,0,0,0
11111.59437946992,TRANSFER,475780.4262695079,1,1229,2,1,0,0
104969.98808902604,TRANSFER,37994.325947770805,4,1508,16,0,0,0
67108.73543226646,TRANSFER,268404.54263872805,4,1613,22,0,0,0
692.0449429463241,TRANSFER,324341.52245211677,6,367,17,0,0,0
14275.97132418404,CASH_IN,355328.6885334283,1,1554,3,0,0,0
12065.788712923631,CASH_OUT,321931.6175052151,3,905,23,0,0,0
15790.79571346389,PAYMENT,385005.694951141,0,91,8,0,0,0
14221.685722856122,CASH_OUT,179735.78814467078,1,1180,10,0,0,0
3228.328516165735,CASH_OUT,89716.38606774107,8,52,8,0,0,0
30711.302767106776,TRANSFER,102291.68607521927,3,1241,5,1,0,0
65975.44483496352,CASH_OUT,5989.34473508217,2,1721,17,0,0,0
46663.16328474587,CASH_OUT,175160.93605311116,2,1158,0,0,0,0
55870.13671515735,CASH_OUT,45872.02543998864,2,327,3,0,0,0
4231.574841409748,TRANSFER,160744.34639509543,3,1793,5,0,0,0
151299.9978317007,PAYMENT,314105.0385831239,4,1219,17,0,0,0
91159.97865791447,CASH_OUT,447239.02779340994,1,880,21,0,0,0
81760.94997440989,PAYMENT,419802.72549525823,5,1039,16,1,0,0
86575.70268273655,CASH_OUT,126337.10597878844,5,87,15,0,0,0
134937.5596598192,PAYMENT,67041.57109902348,4,476,21,0,0,0
39290.97839250176,TRANSFER,96536.13689836566,1,472,20,0,0,0
11174.806789967352,PAYMENT,485493.3259518034,6,1039,17,0,0,0
47957.77283987891,CASH_IN,274737.2398427454,1,1564,11,0,0,0
67910.90931174178,CASH_IN,91251.11150028741,5,1586,19,0,0,0
66954.77661867003,CASH_OUT,420373.07734340755,3,1024,8,0,0,0
36849.62705983576,CASH_IN,197595.62215627747,3,1615,17,0,0,0
3545.7386793518535,CASH_OUT,449611.07598736364,6,927,4,0,0,0
23190.17953781472,CASH_IN,130338.56341724326,0,784,2,1,0,0
126767.87293516332,CASH_OUT,196610.87940211807,1,366,1,0,0,0
43907.48556865408,TRANSFER,252473.8813950423,4,1896,23,0,0,0
38645.456901744314,CASH_OUT,446307.6670445158,5,298,9,0,0,0
15657.072429293192,CASH_OUT,434378.7158025279,10,85,5,0,0,0
22978.82267765736,PAYMENT,287177.53515193897,3,1030,12,0,0,0
112854.82300295029,CASH_IN,110887.75489044533,4,249,4,1,0,0
54900.08088730326,PAYMENT,201678.48586893754,6,1070,6,1,0,0
77414.08965374801,PAYMENT,487816.5326827527,2,1866,18,0,0,0
30288.457321064925,PAYMENT,303886.611938701,3,1362,5,0,0,0
49746.03286775109,CASH_OUT,390548.8775620983,7,117,13,0,1,0
14276.460159816908,CASH_OUT,224932.34768070985,3,1034,6,1,0,0
61117.16403019921,CASH_OUT,266003.6377334032,5,511,16,0,0,0
27895.978066118114,TRANSFER,214477.05611627206,4,1090,3,0,0,0
29218.72099519876,CASH_OUT,351460.49903098395,5,683,12,0,0,0
52394.38905266018,CASH_OUT,425735.5069434387,3,1166,6,0,0,0
137663.32735548692,CASH_OUT,253681.7716122818,3,227,9,0,0,0
3307.329154614954,CASH_OUT,240433.72931811286,6,966,21,0,0,0
87075.15826035758,CASH_IN,170143.23354919846,1,1237,1,1,0,0
17292.62240730678,CASH_OUT,88548.3471470419,3,1993,7,0,0,0
29342.10646139482,TRANSFER,469623.8614375544,1,1971,6,0,0,0
1107.8495994734697,TRANSFER,158039.8593397525,2,881,17,0,0,0
17908.52292848194,TRANSFER,400345.73178714275,4,436,8,0,0,0
34921.17807338147,CASH_OUT,357673.5106437371,2,1737,21,0,1,0
2890.7826423977494,TRANSFER,395458.80013906455,3,445,17,0,0,0
33774.76767819873,CASH_OUT,468384.0666860512,2,1779,4,0,0,0
130940.62255622892,TRANSFER,311685.38011044863,2,772,14,0,0,0
5568.550354541229,CASH_OUT,448975.1716910223,4,1167,0,0,0,0
72289.63558694006,TRANSFER,83848.66145614683,1,1396,15,0,0,0
26353.768039866256,PAYMENT,313356.28797839384,2,412,12,0,0,0
53235.725456006156,TRANSFER,386137.8064573063,2,1559,15,0,0,0
15071.24354572826,TRANSFER,135820.56537208703,2,113,1,0,0,0
8687.456019759164,TRANSFER,370376.9006459825,1,1730,16,0,1,0
8745.213506410946,PAYMENT,389238.41455811844,2,520,3,0,0,0
3654.990330033584,CASH_OUT,415593.9780082224,5,843,8,1,0,0
10268.049183884455,PAYMENT,156441.45629796642,4,580,19,1,0,0
54564.8631893166,PAYMENT,340803.2950841546,4,279,9,0,0,0
106722.60761290975,TRANSFER,152126.64170488104,3,648,16,0,0,0
84134.22813307037,CASH_OUT,369520.1937492277,3,1471,4,0,0,0
57780.455581822855,TRANSFER,231486.83257285613,0,1390,5,1,1,0
5850.958690531575,CASH_OUT,298772.18726361,2,1516,16,0,0,0
17067.326074221484,CASH_OUT,207919.99071528445,1,626,7,0,0,0
18539.19148579818,CASH_OUT,80991.46346491214,1,1175,16,0,0,0
14381.233464810095,CASH_OUT,89014.76480268184,5,1310,21,0,0,0
36180.90288086634,TRANSFER,38784.45363106725,3,394,8,0,0,0
38345.4791469922,PAYMENT,309036.3398608309,1,1219,18,0,0,0
22071.661895862886,CASH_OUT,424319.19897652965,4,1919,4,0,0,0
21831.472439241606,CASH_IN,10418.413131040472,5,954,0,0,1,0
88174.81254885437,CASH_IN,33119.75104417675,2,1759,16,0,0,0
77864.30081345391,CASH_IN,228733.49615145515,1,945,17,0,0,0
18393.716297835184,PAYMENT,368860.36808409466,4,1095,5,0,0,0
122547.55242514166,TRANSFER,78853.82235597566,5,1622,22,0,0,0
152683.97969230026,CASH_OUT,135825.65977459692,5,1289,13,0,0,1
19781.373489389513,TRANSFER,116003.10064090358,2,912,20,0,0,0
21880.690356209325,TRANSFER,199525.60933557706,5,874,0,0,0,0
35223.972788543004,PAYMENT,112499.33850878557,4,1573,16,0,0,0
141613.38022406763,CASH_IN,176299.3392723765,4,1268,0,0,0,0
104502.65554463936,TRANSFER,364271.2993309721,3,88,11,0,0,0
5410.894290702713,TRANSFER,305504.6242270946,0,781,2,0,0,0
24939.150011702382,CASH_OUT,40590.85269584645,5,1448,12,0,0,0
40301.37157340869,CASH_OUT,318872.83312285884,2,372,3,0,0,0
34971.59163920341,TRANSFER,238538.58577960674,5,1297,23,0,0,0
10775.083000408873,TRANSFER,467282.78735356935,5,577,8,0,0,0
97884.83684779266,PAYMENT,144652.1585520266,2,313,15,0,0,0
56495.981909402835,TRANSFER,363083.20984957996,5,110,13,1,0,0
90979.67581497204,CASH_IN,365430.41152228497,5,613,4,0,0,0
97866.2503402714,PAYMENT,110750.39050459367,2,542,19,0,0,0
68986.96535848756,PAYMENT,451611.81248546805,6,1402,14,0,0,0
28920.49236190386,CASH_OUT,245591.60021480152,2,465,9,0,0,0
47150.57297135249,CASH_IN,339441.6834446512,3,800,11,0,0,0
8739.424453665171,PAYMENT,72927.77944175227,3,1322,5,0,0,0
55988.540612477846,CASH_OUT,128901.95849598463,6,1918,18,0,0,0
9877.034469695107,CASH_OUT,293053.5589686114,6,308,13,0,0,0
59200.27268512381,CASH_IN,159513.63418667475,2,756,13,0,0,0
13042.151555503231,CASH_OUT,249846.45928548672,1,1343,6,0,0,0
6252.731117308142,TRANSFER,187002.59968664462,4,1719,9,1,0,0
9033.215947152425,TRANSFER,320276.898322024,3,1826,14,0,1,0
99.70610798553129,PAYMENT,243572.68139040444,2,1957,14,0,0,0
63423.720592313206,PAYMENT,2304.9679865840835,4,622,17,0,0,0
65913.29354919007,TRANSFER,324840.418972692,1,922,8,1,0,0
36173.44873135256,TRANSFER,211060.77852509086,3,1718,15,0,0,0
8798.854342037746,CASH_IN,170849.17024511143,2,500,1,0,0,0
4362.625076201045,PAYMENT,47073.37614161178,2,468,20,0,0,0
965.7146158574832,CASH_IN,110184.84528324574,5,1593,14,0,0,0
9060.998805753396,TRANSFER,111886.14579042672,2,1829,12,1,0,0
110754.14535748174,CASH_OUT,467684.7497023645,1,1800,0,1,1,1
13823.052658091772,TRANSFER,216256.4873732734,3,921,1,1,0,0
21868.79373005469,PAYMENT,21032.92360758502,0,1328,15,0,1,0
5565.882570548336,CASH_OUT,69408.34112166044,3,170,22,0,0,0
12574.663233084151,CASH_OUT,39516.33786645603,3,1975,3,0,0,0
36617.75005095822,CASH_OUT,294434.6951036056,1,708,22,0,0,0
46793.13638308699,TRANSFER,93310.74578341337,1,1360,19,0,0,0
14075.213996189348,PAYMENT,249278.82014088798,3,803,0,0,0,0
2973.2856393840766,CASH_OUT,185031.0314349878,6,298,5,0,0,0
24799.549251168788,PAYMENT,401938.18857209967,3,1550,15,0,1,0
13341.932089252792,CASH_IN,160244.81863268113,4,81,15,0,0,0
12394.481473601149,CASH_OUT,229132.74119840417,4,534,5,0,0,0
160772.58807530036,PAYMENT,360642.7742989129,2,276,14,1,1,1
47894.77740754984,CASH_IN,216675.60346531967,2,884,6,0,0,0
40695.55759654726,CASH_IN,396607.7680065945,2,65,6,0,1,0
26873.463678898755,CASH_OUT,330842.17811833246,1,1943,11,0,0,0
28013.429223173604,CASH_OUT,205264.556973358,3,136,0,1,0,1
38924.906350990816,CASH_OUT,251990.96284318133,2,1966,1,0,0,0
59607.12084619026,PAYMENT,483601.7279210967,3,990,16,0,0,0
60557.60841675229,PAYMENT,330805.7482541962,1,1608,16,0,0,0
9418.625811311385,PAYMENT,452497.6129861624,3,1194,7,1,0,0
34668.63550715419,TRANSFER,89379.25173553219,5,121,3,0,0,0
26547.853333703613,CASH_OUT,241618.07812257597,2,1244,12,0,0,0
102214.13266333092,TRANSFER,454330.8349225253,1,1236,12,0,0,0
49904.728386185496,TRANSFER,161306.0307207088,1,235,10,0,0,0
38018.231425361446,PAYMENT,483832.0990732104,6,909,11,0,1,0
6130.682839680343,TRANSFER,48538.74523682872,7,1707,23,0,0,0
46524.286456636786,TRANSFER,451335.5851375184,0,740,13,0,0,0
6233.051440267387,CASH_OUT,222606.06103292934,0,1666,20,0,0,0
20564.59571843652,CASH_OUT,36872.082570580336,1,70,0,0,0,0
7706.648613371262,CASH_OUT,439760.7962930437,1,1480,8,0,0,0
58894.731915814424,CASH_OUT,125970.10620455674,3,732,2,0,0,0
11549.46959397232,TRANSFER,11125.062747612601,4,1391,6,0,0,0
24867.45648308424,CASH_OUT,67903.55278459615,3,1734,14,0,0,0
113012.1060443565,CASH_OUT,329557.3709498808,3,550,6,0,0,0
11427.681936507677,PAYMENT,488905.7445690974,2,771,10,0,0,0
35444.02147474845,TRANSFER,55731.069791758404,5,689,15,0,0,0
27173.61033171202,PAYMENT,230974.02406238098,3,1970,11,0,0,0
914.5146658282575,PAYMENT,90318.27547376625,5,643,19,1,0,0
78693.43172279622,TRANSFER,372518.2670507961,2,1921,23,0,0,0
3577.2655764686,CASH_IN,59029.44988090708,2,1590,7,0,0,0
32146.95072837621,CASH_OUT,119920.87424044478,1,1800,12,0,0,0
41126.16604663264,PAYMENT,98202.98382453568,4,315,1,1,0,1
49500.42355320459,CASH_IN,276259.89018348895,4,1437,7,1,0,0
58338.92980285947,CASH_IN,436592.04600031616,2,613,14,0,0,0
14602.739846099725,CASH_OUT,255545.10057820927,2,1590,11,0,0,0
501.4449182274021,TRANSFER,29121.726385735623,5,285,4,0,0,0
64267.036299469924,CASH_OUT,281694.4652984156,3,123,1,0,0,0
38356.545643634716,PAYMENT,398760.4996590047,2,699,11,0,0,0
90430.34056564426,PAYMENT,66078.09865216135,4,1514,5,1,1,1
86127.0727665723,TRANSFER,36355.60717229586,4,60,7,0,0,0
92679.45682339606,TRANSFER,93903.88877878453,0,637,3,0,0,0
33188.61004991347,PAYMENT,373043.16141081374,7,1345,9,0,0,0
20295.38999184942,TRANSFER,295840.2097660008,5,710,15,0,0,0
78404.77129159647,CASH_IN,270297.32698087447,2,602,7,0,0,0
30009.63530161353,PAYMENT,124739.94731588417,2,954,15,0,0,0
10132.878735771452,CASH_OUT,166118.2976234297,3,1983,22,0,0,0
96542.11885867282,PAYMENT,482942.50647167116,5,1584,6,0,0,0
107091.3332417349,CASH_OUT,120312.61336469285,2,802,23,0,0,0
31396.983800225375,TRANSFER,450822.71162754425,2,689,11,0,0,0
3935.914484397893,CASH_IN,290265.7522288683,2,1003,6,0,0,0
24536.943501757476,CASH_IN,61648.2331856239,4,1288,16,0,0,0
81364.22586247191,TRANSFER,233656.18907753399,7,314,14,0,0,0
116024.23117498835,CASH_OUT,474274.35868043796,3,544,13,0,0,0
11374.696431004255,CASH_OUT,209282.7990686793,4,369,4,0,0,0
3466.0897801817364,TRANSFER,431693.2823946811,6,566,1,1,0,1
104921.21014020714,CASH_OUT,128214.34732585384,2,262,4,1,0,0
24666.064372231296,TRANSFER,285461.0759001865,4,354,4,0,0,0
39018.21594685678,CASH_OUT,421926.02910098684,0,1108,5,0,0,0
172203.90602646055,TRANSFER,460344.22058484773,2,1493,13,0,0,0
3444.182867956367,CASH_OUT,242911.68357565036,3,954,21,1,0,0
52251.39709923748,CASH_IN,319844.0510727145,3,1295,5,0,0,0
3849.7449045062485,PAYMENT,1490.0653911654738,6,666,12,1,0,0
23537.709819860083,TRANSFER,126611.65375669481,3,1350,6,0,0,0
81434.74345610739,CASH_OUT,139356.0518734729,5,159,17,0,0,0
28411.459213976,TRANSFER,46746.5058272154,3,1571,3,1,0,1
293592.6729980467,CASH_OUT,139847.50667848834,3,257,4,0,0,1
40942.24227788536,TRANSFER,160561.01652906957,2,216,14,0,0,0
19368.649544732372,PAYMENT,484383.0197840966,2,1246,22,0,0,0
12430.2047501835,PAYMENT,334301.19028041884,2,1340,1,1,0,1
21579.202945019086,PAYMENT,213002.53970817212,2,1912,7,0,0,0
23303.23176468781,TRANSFER,494027.23034775467,6,1418,17,0,0,0
3559.425313132252,CASH_IN,76616.1601173056,3,1154,20,1,1,1
23067.99069853607,CASH_IN,238025.5969652423,0,1099,1,0,0,0
31203.310823324064,TRANSFER,323531.10352452466,3,601,1,0,0,0
64139.573892646054,TRANSFER,27790.31724203851,5,1611,17,0,0,0
53461.823418765394,TRANSFER,358499.4290415594,4,304,6,0,0,0
61681.35137033334,CASH_OUT,49933.676460994946,3,1310,13,0,0,0
419.9426856058394,PAYMENT,70141.15429983847,0,764,4,0,0,0
12273.76543151715,TRANSFER,79844.75623104203,3,47,8,0,0,0
54188.78807356185,CASH_OUT,464444.9133277589,4,1956,13,0,0,0
33081.39547050122,CASH_OUT,341617.7725690839,4,1934,3,0,0,0
266.3821192736602,TRANSFER,327713.75055155205,4,445,0,0,0,0
81608.37477457024,CASH_IN,277746.7482324961,5,256,7,0,0,0
74098.33644919387,TRANSFER,146402.9993475514,3,1277,21,0,0,0
39750.044058111744,PAYMENT,310444.8522996757,4,344,14,0,0,0
3438.7514988213948,TRANSFER,205074.8599443199,2,94,18,0,0,0
72731.88279549895,TRANSFER,72708.07504630744,3,1022,9,0,0,0
43819.088229585905,TRANSFER,344798.6451638666,1,809,22,0,0,0
76153.83210126404,PAYMENT,64791.08396496136,3,202,16,0,0,0
69665.34304535216,CASH_OUT,95334.29051058662,1,1717,1,1,0,0
81228.10339259655,TRANSFER,408849.65592380293,3,467,4,0,0,0
36491.39501754389,CASH_OUT,330058.548062577,3,1825,14,0,0,0
7560.015384221204,TRANSFER,315495.5771068212,1,1132,9,1,0,0
55608.81426470513,CASH_IN,209101.39217136204,1,253,17,0,0,0
48441.58034676422,CASH_OUT,198140.2591196856,6,1333,23,0,0,0
67788.87608141982,TRANSFER,345131.30459270056,5,52,12,0,0,0
9309.311113175609,TRANSFER,370002.76930452284,2,374,20,0,0,0
10844.109723041844,CASH_IN,255106.60118215528,2,1998,13,1,0,0
110550.23720907293,TRANSFER,484634.6221742631,2,759,2,0,0,0
69310.2779435605,PAYMENT,477849.77945943596,3,306,5,0,0,0
119422.66819727802,CASH_IN,206214.74500637932,4,1763,19,0,0,0
71088.89013113904,TRANSFER,410311.1271415768,0,179,22,0,0,0
45460.20829885577,TRANSFER,271633.9207992077,4,663,22,0,0,0
53085.01052794627,TRANSFER,255877.94377858724,5,138,20,0,0,0
109968.91050998267,PAYMENT,27482.03068932592,2,1796,11,0,1,0
43233.17676020177,CASH_OUT,286987.3552341551,3,1794,4,0,0,0
50036.8143965703,TRANSFER,450288.9652815823,2,744,19,0,0,0
8508.388667527144,PAYMENT,390066.92459754605,1,1858,8,0,0,0
32115.21529083448,TRANSFER,393158.57234963105,2,315,6,0,0,0
63009.015043571424,TRANSFER,79964.51928816961,3,1340,21,0,0,0
15800.147346499278,TRANSFER,179224.72356678182,3,1342,18,0,1,0
11298.262711589632,CASH_OUT,116602.4583251179,4,906,4,0,0,0
18831.260848764963,TRANSFER,157957.64122781798,4,105,3,0,1,0
13820.665406717284,TRANSFER,289769.6717468627,6,1464,20,0,0,0
12098.013849627498,CASH_IN,182391.90668512395,1,279,17,0,0,0
27656.29340582181,CASH_OUT,280348.90873213304,5,107,4,0,0,0
119210.64783844442,CASH_IN,219250.6241372885,5,796,6,0,0,0
35368.3549779316,PAYMENT,143307.77922486383,3,914,12,0,0,0
10407.844522212927,CASH_OUT,47701.717102579314,6,1367,15,0,0,0
4004.7675444223196,PAYMENT,445919.2286723913,7,926,10,0,0,0
59562.06724269233,CASH_OUT,5686.683002324333,4,1629,2,0,0,0
24128.007830491348,CASH_IN,826.2440709855823,3,1047,3,0,0,0
86251.12205608029,CASH_IN,413398.869881773,5,1162,16,0,0,0
53868.58899283821,CASH_OUT,498405.470162895,3,1679,8,0,0,0
79540.97836041615,CASH_OUT,363551.4138568281,6,1934,18,0,0,0
15869.005592718597,TRANSFER,7636.919031442369,1,869,12,0,0,0
58941.07541012077,TRANSFER,113345.11333425668,1,1381,11,0,0,0
15330.469106684042,TRANSFER,485911.35013098066,2,1285,21,0,0,0
139900.2329675527,TRANSFER,404302.1260869174,3,1530,16,0,0,0
50581.50931618789,PAYMENT,283399.9219023555,4,567,12,0,0,0
19615.979526792973,CASH_OUT,118430.35472017949,3,1911,20,0,0,0
15702.114325817409,PAYMENT,7185.10296337449,4,718,10,0,0,0
10593.280914634784,PAYMENT,10430.736318704503,2,457,9,0,0,0
59313.35053787402,TRANSFER,305990.4317651133,0,584,20,1,0,0
12340.80317687602,CASH_IN,10915.938176211559,2,78,4,0,0,0
45230.864856457316,CASH_OUT,496815.0709626863,3,209,16,0,0,0
15369.417050454951,CASH_OUT,91691.91674686906,2,356,22,0,0,0
54230.87542058411,PAYMENT,355353.68093463866,3,701,20,0,0,0
84353.68576448172,TRANSFER,77529.86070620672,3,1671,0,0,1,0
75259.58057169421,TRANSFER,270046.7105488573,4,1876,15,0,0,0
71533.493706326,CASH_IN,40305.64423310878,0,142,7,0,0,0
10395.656616596674,CASH_IN,383389.2122666216,3,1303,21,1,0,0
4626.87345025399,PAYMENT,292460.5473624148,4,559,22,0,0,0
60023.75118285905,PAYMENT,43083.346700707516,3,1176,19,0,1,0
22970.77123598895,CASH_OUT,424293.09460000275,4,1850,16,0,0,0
28312.179982064277,CASH_OUT,273509.307388351,4,1725,7,0,0,0
1582.2270730651903,PAYMENT,460796.155006659,1,211,13,0,0,0
15026.644533912373,TRANSFER,458311.6868390563,2,526,16,0,0,0
1712.8257613789892,TRANSFER,460253.8947432912,2,625,8,0,0,0
105675.06119683947,TRANSFER,38892.60010023398,2,1852,5,0,0,0
13945.80914974728,PAYMENT,60478.88087726172,4,712,20,0,1,0
40747.34519277519,CASH_OUT,493852.90485809895,1,710,1,0,0,0
1987.967584027298,PAYMENT,243800.410699353,4,933,23,0,0,0
54957.73048072541,CASH_OUT,119107.02641457382,0,840,18,0,1,0
19506.21997161652,CASH_OUT,384832.244249329,5,1025,12,0,0,0
114099.52473304837,TRANSFER,132142.61060624098,4,976,9,0,0,0
109515.61116018707,CASH_OUT,363607.8440093212,3,165,23,0,0,0
19673.661327106798,CASH_IN,418642.88892488054,0,1690,9,0,0,0
115612.02569055898,CASH_OUT,392131.6886476403,2,1574,14,0,0,0
278083.86180741864,CASH_OUT,137023.9040989677,0,1643,4,1,1,1
87267.36769711309,TRANSFER,200809.28703961853,2,1483,19,0,0,0
93175.0245926015,TRANSFER,206625.50161663818,4,574,6,0,0,0
14318.06299604674,CASH_OUT,245636.4590522359,2,343,12,0,0,0
42983.98992553327,CASH_OUT,83686.42577006802,3,108,19,0,0,0
3481.220362865055,CASH_IN,226235.02520717122,1,1275,20,0,0,0
4986.483092402734,PAYMENT,255391.49525773985,2,379,10,0,0,0
340287.5609944641,TRANSFER,265854.4982905262,2,1285,20,0,0,0
19773.702970479466,TRANSFER,409950.2149922291,2,1980,1,0,0,0
68952.8133814556,CASH_OUT,258667.2492397476,1,112,20,0,0,0
82166.55588657974,TRANSFER,115391.96125683759,2,1357,14,0,0,0
97604.60575716627,PAYMENT,331564.3691220936,4,903,14,0,1,0
302207.35930216167,CASH_IN,398657.0720433126,4,680,18,0,0,0
13820.392319829854,CASH_OUT,159685.83321913087,4,1949,4,0,0,0
2059.375297847147,PAYMENT,322652.9645088026,5,514,16,0,0,0
26482.715304569138,CASH_OUT,73468.99797300632,2,359,7,1,0,1
6967.739778697819,CASH_OUT,170963.15228903203,1,909,15,0,0,0
1134.0586641273958,CASH_OUT,454611.96477481705,4,669,14,0,0,0
22347.712126266644,CASH_OUT,455654.0815812854,2,1409,23,0,0,0
76563.29021790305,CASH_IN,287662.2893715318,3,1982,17,1,0,0
41756.3585401623,TRANSFER,351175.73043255333,0,474,17,0,0,0
18754.89395772082,CASH_OUT,427007.7076029707,2,1141,14,0,0,0
53115.27239748333,CASH_IN,479276.5926563133,3,1324,9,0,0,0
13199.460919587747,CASH_IN,244943.22014488472,1,1594,4,0,0,0
724.2930686019672,PAYMENT,280787.8683130172,0,1796,21,0,0,0
72271.09981674551,CASH_IN,207820.78332391512,3,1208,15,0,0,0
48874.1541994483,CASH_OUT,35990.96852821438,6,1841,20,0,0,0
71837.84729547107,PAYMENT,211401.73622440922,3,1985,11,0,0,0
1985.8186663832364,PAYMENT,395313.66969153855,5,43,16,0,0,0
90736.96303464501,CASH_IN,402442.7489957643,4,538,11,0,0,0
48316.898045698,PAYMENT,446188.55729664984,2,578,0,0,0,0
41436.359303712605,TRANSFER,25733.352587984537,5,1537,10,0,0,0
48990.028862609295,PAYMENT,263577.29479031696,1,1922,7,0,0,0
99914.555846661,CASH_OUT,53712.24396853813,1,1269,4,0,0,0
44207.69803459724,TRANSFER,100371.09158287167,5,1102,7,1,0,0
43488.29704919095,CASH_OUT,450108.25119030324,3,1800,10,0,0,0
233775.11053935264,CASH_IN,248395.62921484793,2,1985,10,0,0,1
70679.20140598498,CASH_OUT,379272.4604483068,1,1495,13,0,0,0
29196.149416729462,TRANSFER,32192.05296434041,5,791,13,0,1,0
61446.92688281089,TRANSFER,208413.251962426,4,44,18,0,0,0
24651.77975240543,CASH_IN,337120.14033216884,3,1988,10,0,0,0
12995.269560208722,TRANSFER,66703.24063910665,0,546,20,0,1,0
45422.56167094156,PAYMENT,162908.9395528416,1,1035,1,0,0,0
131681.0752058117,CASH_IN,32273.902511941622,2,1662,7,0,0,0
132352.12029327807,TRANSFER,325669.9704347552,9,772,10,0,0,0
20920.32018851315,TRANSFER,485445.6295290593,1,1034,0,0,0,0
37504.65962435363,PAYMENT,413522.7455714148,2,1866,4,0,0,0
11889.761909378165,CASH_IN,487311.55840378284,3,926,22,0,0,0
271662.3096007408,PAYMENT,422802.39754919824,4,332,20,0,0,0
198477.0656162156,CASH_OUT,427597.90309848933,1,319,14,0,0,0
52421.002494304805,CASH_IN,288588.5976856713,2,1029,18,0,0,0
81587.77018532882,TRANSFER,259126.15570660497,3,1046,15,0,0,0
62780.88017923939,TRANSFER,203127.1332139138,3,165,3,0,0,0
44966.54568445091,PAYMENT,409047.44752294,6,267,11,0,0,0
2741.1863195983733,CASH_OUT,91033.80613901229,5,1619,4,1,0,0
30326.858939522594,PAYMENT,28112.4579120966,3,116,18,0,0,0
56163.63904695658,TRANSFER,473946.9113423375,1,257,10,0,0,0
56587.508754881645,CASH_IN,1889.092601738529,2,1625,6,0,0,0
23350.216057317393,CASH_OUT,488414.6609379259,2,1002,5,0,1,0
142100.7872475774,TRANSFER,364426.6849368829,2,834,12,0,0,0
9157.516941152922,PAYMENT,164249.4598489138,2,459,14,0,0,0
34693.31657590699,CASH_OUT,348909.92154315516,6,1327,2,0,0,0
58701.92960707369,CASH_OUT,408937.5785925637,4,1575,2,0,0,0
59723.53891048593,CASH_IN,122681.02799321795,3,792,3,0,0,0
52297.048549103594,CASH_OUT,385447.841639791,2,1633,9,0,0,0
16099.06194807168,CASH_IN,402184.81250412005,1,1764,18,0,0,0
8492.378198547864,CASH_OUT,124677.31506267271,1,1537,5,0,0,0
50521.87437461948,TRANSFER,20963.177188991765,4,627,0,0,0,0
45727.37712303205,PAYMENT,102061.14227904883,5,1928,0,0,0,0
9883.294682328686,PAYMENT,100323.20444469723,4,520,6,0,0,0
61062.58569092443,TRANSFER,32620.227087741594,1,1897,15,0,0,0
30364.255764388963,TRANSFER,363003.69232759794,4,1461,23,0,0,0
55094.973015560754,PAYMENT,189987.4622292041,2,1868,3,0,0,0
90812.98204613951,CASH_OUT,442193.08372692915,4,66,15,1,0,0
9300.12186111506,TRANSFER,126085.55283259298,1,229,6,0,0,0
966.5252060320516,CASH_OUT,226616.08254996367,2,1521,17,0,0,0
75502.8438535453,TRANSFER,319508.7144633814,4,72,14,0,1,0
47041.650385961984,CASH_OUT,438732.474835889,1,1263,8,0,0,0
60138.60454390005,TRANSFER,262310.5508096874,3,1334,10,0,0,0
91055.80186750542,TRANSFER,186762.3139061914,3,783,6,0,0,0
81179.61443897677,CASH_OUT,433507.53923600446,7,1908,20,0,0,0
162107.41057540957,CASH_OUT,155123.21234380527,4,515,6,0,0,0
38386.541013813156,PAYMENT,39711.849816288224,3,687,22,0,0,0
33519.95776638009,TRANSFER,222521.05375512,1,793,2,0,0,0
25698.795693722026,CASH_IN,392546.65324899595,3,331,6,0,0,0
8343.53942303189,PAYMENT,15390.415876761543,2,744,2,0,0,0
42502.59296105759,CASH_OUT,292941.12249479606,3,1220,11,0,1,0
16218.168984630423,PAYMENT,297232.02426361805,3,363,2,0,0,0
127110.37909505007,CASH_OUT,464270.8817136908,2,1933,6,0,0,0
43756.33630557236,PAYMENT,143232.4085725109,5,1307,22,0,0,0
44927.47468663413,CASH_IN,139418.3066053481,3,883,5,0,0,0
21919.4082082837,TRANSFER,220241.82566983908,0,266,14,0,1,0
2669.4772349584428,PAYMENT,178457.4507357576,2,1475,22,0,0,0
1612.9260770302405,CASH_OUT,368172.9313446634,2,724,9,0,0,0
27524.701015670293,TRANSFER,320876.0385657748,1,364,4,0,0,0
4417.816493337841,CASH_IN,379460.51895313314,3,802,8,0,0,0
46677.81584065129,CASH_OUT,410020.89559934457,7,142,16,0,0,0
106420.2484115725,CASH_OUT,461490.56636707386,1,418,20,0,0,0
107242.67725759071,TRANSFER,215468.3658923238,6,918,18,0,0,0
53800.29890547041,PAYMENT,492348.69473577477,6,719,23,1,0,1
11864.141540467563,TRANSFER,107830.40670182636,3,1863,22,0,0,0
99387.56123270604,CASH_IN,357182.5809736643,2,1456,16,0,0,0
108618.8387330262,CASH_OUT,267004.6586535946,1,703,8,0,0,0
10948.462850360547,TRANSFER,408450.2973424417,5,338,20,0,0,0
66861.13292848202,PAYMENT,238385.260303213,3,1074,16,0,0,0
16880.012053853385,CASH_OUT,391969.31768121565,1,1354,0,0,0,0
81136.36947089959,PAYMENT,465084.35732383904,3,1021,7,0,0,0
294588.19920511765,CASH_OUT,366147.13307004364,3,1625,18,0,0,0
1524.3008731011755,CASH_OUT,388047.14310916216,6,1043,8,0,0,0
113829.23547395159,CASH_OUT,33587.71563292806,3,1584,7,0,0,0
48726.527722878156,CASH_IN,102478.83111614031,3,501,5,0,0,0
181309.54308603387,TRANSFER,487151.87025179685,1,832,14,0,0,1
31275.316100669694,PAYMENT,346593.5018936972,1,1903,14,0,0,0
93992.80356643363,TRANSFER,280724.5086555023,2,790,5,1,0,0
3221.2767012842173,TRANSFER,183488.18669822504,6,43,20,0,0,0
20419.397528551704,TRANSFER,22194.500603458957,5,1651,14,0,0,0
3468.390182076232,CASH_IN,184567.9539820675,1,644,17,0,1,0
185134.99282987346,PAYMENT,249456.43664478796,2,251,21,0,0,1
84906.32765453648,PAYMENT,105729.75469344336,2,1321,23,0,0,0
95712.43274335699,CASH_OUT,86568.39563691626,2,718,5,0,0,0
139003.01338964835,TRANSFER,254208.27567875842,3,1769,22,0,0,0
4447.215984366045,TRANSFER,292952.11781377194,2,1531,17,0,0,0
24355.258936051094,CASH_IN,119958.95942726242,1,1056,17,0,0,0
3684.204817842052,CASH_OUT,293694.73722810653,5,1172,18,0,0,0
11836.338190250637,CASH_OUT,450169.98193714744,2,133,22,1,0,0
13027.071848820397,TRANSFER,236586.6290106769,3,1405,23,1,0,0
31659.7591084984,CASH_OUT,428695.0847935907,0,1720,19,0,1,0
15637.152419979117,CASH_OUT,463635.7222666592,3,761,12,0,0,0
5322.394599515666,CASH_IN,46197.01446854285,5,1519,10,0,0,0
9165.567669698085,TRANSFER,47905.78982839849,2,1426,14,0,0,0
7965.941795647717,CASH_IN,238022.09144380072,5,694,5,0,1,0
180738.34164996215,PAYMENT,294051.22215885133,7,1564,22,0,0,0
71208.64021507773,CASH_OUT,212941.73223251462,2,1964,10,0,0,0
171729.64055921455,TRANSFER,163225.3852087515,6,912,3,0,0,0
28967.75928236257,CASH_OUT,320497.0580630779,4,1546,14,0,0,0
16312.031639109378,CASH_IN,1040.7561749601334,4,781,15,0,0,0
80047.00536592351,TRANSFER,484036.64043187123,1,1080,23,1,0,0
19745.098602513415,TRANSFER,116039.54409401107,4,1836,13,0,0,0
17789.721849606434,TRANSFER,458549.3842915035,2,187,23,0,0,0
13231.230349408832,TRANSFER,54507.372267253,8,1768,22,0,0,0
6944.657242346085,CASH_OUT,119043.59102228629,3,728,4,0,1,0
14816.84158781171,TRANSFER,117436.85054375019,5,1994,14,0,0,0
21950.04095855825,PAYMENT,498076.4521003231,1,1234,9,0,0,0
56042.00656745553,PAYMENT,2300.27286294221,5,619,5,0,1,0
3230.384428183206,TRANSFER,319819.1046517479,3,330,15,1,0,0
11818.211763742076,TRANSFER,434843.2905304264,6,1913,15,0,0,0
82780.28148781994,CASH_IN,336136.82701236836,2,1253,18,0,0,0
7945.210206221644,CASH_OUT,181366.9091084721,2,474,2,0,0,0
20976.564723377956,CASH_IN,479154.68135146744,5,296,19,0,0,0
99997.85910183712,CASH_OUT,446760.3772945205,4,107,17,0,0,0
8416.513317584939,PAYMENT,216977.4601247589,2,1744,21,0,0,0
4318.0431919519815,TRANSFER,286664.24630558176,2,652,18,0,1,0
33134.58417686708,TRANSFER,483759.59390262037,0,1779,1,0,0,0
18006.86879638946,CASH_IN,491280.18096323503,2,1255,8,0,0,0
41437.849664063586,CASH_OUT,224911.63785897612,3,257,0,0,0,0
81432.28290865643,TRANSFER,423675.0140715443,3,1476,3,1,0,1
7375.633156735948,TRANSFER,150990.11347696817,3,1077,20,0,1,0
43458.32207681815,PAYMENT,185906.43646533234,1,1699,21,0,0,0
35211.29218640965,CASH_OUT,82410.94149511313,3,574,3,0,0,0
7778.847340567875,PAYMENT,104592.29638836515,4,435,5,0,0,0
48908.10538759516,TRANSFER,328436.65112967946,2,1881,22,0,0,0
15985.504728562222,CASH_OUT,255390.80900354043,4,1457,5,0,0,0
33455.35548474945,PAYMENT,115565.93031280143,3,1064,21,0,1,0
4292.7290955054,CASH_OUT,201454.80818082628,6,1168,18,0,0,0
30770.80857529958,TRANSFER,186591.72993184088,3,832,7,0,0,0
18297.568147735685,CASH_OUT,493680.1022676671,4,1984,7,0,0,0
86405.7830572241,TRANSFER,426782.91860568966,3,1118,19,0,0,0
2933.321887280849,PAYMENT,193983.16669191213,1,1415,23,0,0,0
27116.44018475361,TRANSFER,456958.28944801656,2,1911,12,0,0,0
30664.278999475177,TRANSFER,171317.69581408557,2,1259,8,1,0,0
64550.313859641836,TRANSFER,333950.75636742974,3,1486,20,0,0,0
42699.56097824137,CASH_OUT,483324.9983410562,5,1119,18,0,0,0
55012.53208091015,TRANSFER,195139.43199427612,2,459,6,0,0,0
75040.22719200143,CASH_IN,339942.4825524669,4,674,19,0,0,0
99098.67500789174,CASH_IN,147961.90553131662,4,708,7,0,1,0
18834.808803283206,CASH_OUT,133156.15779898732,3,108,10,1,0,0
38611.97674587034,CASH_OUT,287078.33321577596,3,1010,2,0,0,0
91662.85911198182,CASH_IN,489632.2990166091,6,762,16,0,0,0
227586.8312642863,TRANSFER,226566.92436008496,4,1488,4,0,1,1
110145.72669368902,TRANSFER,468818.4851582903,2,434,5,0,0,0
23218.358210038936,PAYMENT,457181.7601223808,3,1219,14,0,0,0
10855.99383242565,TRANSFER,126881.30617249738,0,529,8,0,0,0
33607.70794699878,TRANSFER,200909.7035421637,4,1473,18,0,0,0
67670.34686320351,CASH_IN,321651.2392470915,4,1835,5,0,0,0
33919.733866756935,PAYMENT,259022.9422056958,1,446,7,1,0,0
33003.11490037453,CASH_OUT,47979.26493158716,1,564,11,0,0,0
91079.11543049326,CASH_OUT,496849.01506357914,6,101,15,0,0,0
22424.14582282474,CASH_OUT,376327.00060564,2,1265,19,0,0,0
98232.36611522212,PAYMENT,218847.0191123559,1,195,21,0,0,0
26111.588103075068,CASH_OUT,309084.27483314567,2,1868,2,0,1,0
19892.194104343907,CASH_OUT,43786.40863311506,3,1629,15,0,0,0
30255.891287585644,CASH_IN,247650.826844805,1,1795,14,0,0,0
71868.21742735029,CASH_OUT,465416.2079087439,3,460,10,1,0,0
6733.861176990654,CASH_OUT,448300.47902748914,3,798,5,0,0,0
10933.877928111207,CASH_OUT,168690.4227415728,2,839,1,0,0,0
151252.72562192738,CASH_OUT,265683.93191066943,2,353,22,0,0,0
9648.399112548559,TRANSFER,348691.76204382343,3,1267,6,0,0,0
41934.93406866942,CASH_IN,170004.63345395267,6,745,15,1,0,0
43293.48380491145,CASH_IN,32439.609046969243,3,1590,0,0,0,0
33630.423765726606,TRANSFER,252720.82835890236,4,1681,12,0,0,0
51746.00686113209,TRANSFER,300817.8679116682,3,397,3,0,0,0
13056.987900925895,TRANSFER,2920.8000607551244,0,214,0,0,0,0
40222.07082914743,CASH_OUT,47787.68676926531,2,209,21,1,0,0
23274.551736404086,CASH_OUT,103645.32179707615,4,1956,4,0,0,0
54186.27143872415,CASH_IN,174026.14349546708,1,932,15,1,0,0
7612.331381052286,CASH_OUT,270525.6114152902,4,981,18,0,0,0
42300.632961878146,CASH_OUT,146921.45937983264,2,1988,11,0,0,0
10244.947258534952,TRANSFER,138091.90720325187,4,995,8,0,0,0
16331.060305257064,TRANSFER,434674.6719065409,2,112,5,0,0,0
12340.431183475279,CASH_OUT,72525.32040071313,5,780,21,0,0,0
10095.88239898087,CASH_OUT,247730.06658618012,2,1495,8,0,1,0
87352.0080051758,TRANSFER,476412.358468068,5,1204,1,0,0,0
16823.141569534437,PAYMENT,312506.62455802294,5,1817,0,0,0,0
130949.64595202687,CASH_OUT,358602.73994721926,1,147,9,0,0,0
175205.5868226091,TRANSFER,215618.49569530357,2,679,2,0,0,1
42345.28502392569,TRANSFER,9966.083559859784,2,905,23,0,0,0
7715.933519011431,CASH_IN,323065.1841836027,2,705,17,0,0,0
23464.053987741576,TRANSFER,315962.140714062,5,1940,23,0,0,0
79908.15151086437,CASH_OUT,55213.81823166655,2,672,11,0,0,0
22895.11561743342,TRANSFER,231079.85681231573,3,1125,14,0,0,0
4551.912880210078,PAYMENT,457664.4723328252,4,362,13,0,0,0
40685.00491944789,CASH_OUT,102542.41598598757,4,1532,9,0,0,0
93255.50766240666,TRANSFER,230549.37731705516,3,426,5,1,0,0
79463.7251445945,CASH_OUT,230551.5926002602,2,1015,19,0,0,0
9626.05822760085,CASH_OUT,405380.7340738192,6,1229,19,0,0,0
55853.77667199042,TRANSFER,412287.93516472226,2,653,11,0,0,0
12455.402997422892,CASH_OUT,379634.70983169595,2,1631,22,0,0,0
12308.298155587216,PAYMENT,182727.07959413686,2,672,22,0,0,0
103602.15818686789,PAYMENT,36018.462509260055,1,1628,8,0,0,0
14362.038674606603,TRANSFER,174741.48861200706,1,1068,3,0,0,0
15275.152788324525,TRANSFER,339895.60063566983,4,1695,3,0,0,0
32.680215703518456,TRANSFER,351373.2872445382,1,1198,1,0,0,0
102269.02666443611,CASH_OUT,482500.1047383595,1,1539,6,0,0,0
78654.04874322917,CASH_IN,226820.61572185424,2,808,10,0,0,0
49352.955596129344,CASH_IN,316217.79147014517,4,1314,15,0,0,0
69367.89911598987,CASH_OUT,269595.43536126585,5,867,9,0,0,0
8246.595886831492,CASH_OUT,75309.28005661869,4,864,14,0,0,0
30654.324691254777,CASH_OUT,230601.23606606803,0,1844,1,0,0,0
21633.032924217136,PAYMENT,272417.57734449714,2,637,11,0,0,0
4923.467179710378,PAYMENT,475374.8030211293,3,1628,21,0,0,0
33289.29540206506,PAYMENT,183269.52720447804,3,1441,21,0,0,0
126750.86398529635,PAYMENT,490049.5515539889,4,780,14,0,0,0
2044.1789380499488,TRANSFER,271150.0370120422,1,570,10,0,0,0
17227.50267019295,PAYMENT,121234.62165152877,4,174,9,0,0,0
11630.721454153987,PAYMENT,95832.1935079039,2,1020,2,0,0,0
13600.060034847198,TRANSFER,70847.45863011589,3,704,7,0,0,0
119535.06411923292,TRANSFER,226466.4352867265,3,1741,20,0,0,0
31562.07996288356,PAYMENT,10963.214894461615,2,1394,19,1,0,0
31396.014783062026,TRANSFER,222522.6416574327,3,1050,19,0,1,0
71475.88734519326,PAYMENT,494202.34607797314,3,1140,4,0,0,0
8390.894505614924,PAYMENT,335053.39786113333,5,333,10,0,0,0
33399.84135452396,PAYMENT,379893.06060020236,1,1046,11,0,0,0
28104.648917574454,PAYMENT,59502.69535913128,4,1874,19,0,0,0
45429.85650204533,TRANSFER,236550.4307450454,3,990,10,0,0,0
386176.476103123,PAYMENT,143111.55051285695,6,658,5,0,0,1
73364.13617363868,TRANSFER,447048.76399451465,2,1256,7,0,0,0
25363.738693217296,CASH_OUT,90646.23600695626,3,1310,12,0,0,0
87883.28196142538,CASH_OUT,229366.66356837098,2,1700,14,0,0,0
9359.169618058402,TRANSFER,294023.8591728189,3,1286,1,0,0,0
1546.8674449368607,TRANSFER,257020.5457892663,5,618,22,0,0,0
11435.976691547312,CASH_IN,415121.7639852037,2,403,5,0,0,0
20806.960416615417,TRANSFER,115726.5856598202,4,1649,19,0,0,0
35726.79050552802,TRANSFER,188695.5552118456,2,1763,1,0,0,0
47742.37154703567,CASH_OUT,396042.14828697627,0,1851,14,0,0,0
120734.9274895966,CASH_OUT,264035.70586840244,2,1934,0,0,0,0
35652.599627986885,PAYMENT,201058.69282397864,5,1937,10,0,1,0
34785.08649479764,CASH_OUT,14721.257372415752,1,1635,7,0,0,0
2577.456346178432,PAYMENT,376692.7120078047,1,1151,23,0,0,0
1776.7763282357491,PAYMENT,486091.03898338013,5,640,8,0,0,0
40054.43586682345,TRANSFER,310143.504744255,6,113,14,0,0,0
28828.564838544906,CASH_IN,428270.6103443973,3,195,4,0,0,0
91373.60039524066,TRANSFER,258437.87159746306,4,187,8,0,0,0
8758.137200227975,CASH_OUT,115840.48271168229,4,528,3,0,0,0
1264.4371955660195,CASH_IN,7221.0521175727345,3,1150,9,0,0,0
29804.541576218886,CASH_IN,326699.1337949946,2,339,3,0,0,0
13556.232430193662,CASH_OUT,246554.4241241223,4,1909,4,1,0,1
2544.3726975349387,CASH_OUT,391049.07354380074,4,1965,18,0,1,0
64476.22360550428,CASH_OUT,347341.2087176523,4,1669,20,0,0,0
5916.265380557515,CASH_OUT,493976.18410328234,4,1325,12,0,0,0
46865.441128329985,CASH_IN,255156.2917060199,1,312,20,0,0,0
16498.15586056245,TRANSFER,213587.39483650468,2,641,10,0,0,0
9527.529148633623,TRANSFER,143369.8447196475,3,1843,11,0,0,0
23881.755587233387,CASH_IN,238430.64589563722,13,1452,13,0,0,0
80834.65242579141,TRANSFER,436435.73906146106,4,1099,12,0,0,0
24886.715912187767,TRANSFER,21219.862895870632,1,414,3,0,0,0
69468.88532959782,CASH_IN,488950.02364309435,0,531,12,0,0,0
6704.3657445566605,PAYMENT,496653.597153899,2,1977,4,0,0,0
74089.94031594318,PAYMENT,298910.68929395085,5,1726,20,0,0,0
13520.493303605841,TRANSFER,165772.1018477007,3,1665,8,0,0,0
56566.04087255281,PAYMENT,111524.4841610119,3,1452,0,0,0,0
41710.37708251309,CASH_OUT,138245.19784243937,2,342,11,0,0,0
132355.78763142397,TRANSFER,25052.713252485926,4,355,22,0,0,0
24495.830598328183,CASH_IN,237555.47924167942,3,1761,16,0,0,0
3422.7859051140085,CASH_OUT,28662.13543220292,4,983,0,0,0,0
967.0664486445758,PAYMENT,359237.10738796263,1,1841,18,0,0,0
87682.32259392127,TRANSFER,185964.72776642704,4,545,4,0,0,0
37194.20387367803,CASH_OUT,99682.36587358158,2,1063,11,0,0,0
74637.00701425875,PAYMENT,272426.7789180192,3,804,11,0,0,0
13356.44386220155,CASH_OUT,486879.6536215069,4,1016,10,0,0,0
21162.395363326137,PAYMENT,347565.52450920915,2,342,15,0,0,0
1528.3148986313606,CASH_OUT,245873.4250520801,1,931,16,0,0,0
162844.88479234657,CASH_IN,388457.1496272531,4,1364,2,1,0,1
55111.12589061934,CASH_OUT,368738.23594949435,3,1724,10,0,0,0
135306.41827008183,CASH_OUT,445867.73052889685,1,1373,16,0,1,0
15428.019610061598,CASH_OUT,102334.47379697375,4,449,0,0,0,0
47268.42243809473,CASH_IN,429438.788129366,2,120,14,0,0,0
56737.881834062864,PAYMENT,150513.04352084943,4,1066,8,0,0,0
19103.278773241575,PAYMENT,470499.46391254856,1,1128,17,0,0,0
94229.68339540975,TRANSFER,140532.5744733676,6,1426,0,0,0,0
147025.72425907542,TRANSFER,463424.2715813381,6,1382,5,0,0,0
108078.20487186962,CASH_OUT,481895.35723204,2,1754,1,0,0,0
67174.57586923357,TRANSFER,72745.67872850712,2,1063,4,1,0,1
16249.44869983028,CASH_OUT,487249.9416313915,1,479,2,0,0,0
16537.55462843419,CASH_IN,42861.48421464115,3,693,4,0,0,0
165331.17425062152,PAYMENT,109283.89330626099,6,384,7,0,0,0
516.8873392039226,TRANSFER,222084.39043640226,1,959,5,0,0,0
62947.85092121541,CASH_OUT,496798.68285585503,3,463,10,0,0,0
61250.65749837182,PAYMENT,244281.52558268968,0,1384,10,0,0,0
48734.34658081642,CASH_OUT,275204.7215892429,3,1681,10,0,0,0
230805.72327089857,CASH_OUT,347212.47476182424,1,670,7,0,1,1
18689.560884289393,CASH_OUT,484146.7791364757,3,1570,5,0,0,0
20773.640712701705,TRANSFER,391675.7000621222,2,440,15,0,0,0
4111.472502245691,PAYMENT,112077.00221184929,6,36,19,1,0,0
29241.384637999974,TRANSFER,151495.46533217735,3,1295,19,0,0,0
15126.151245955822,CASH_OUT,48814.1198042622,3,1154,2,1,0,0
21033.001078636575,TRANSFER,322226.1820823699,4,529,7,0,1,0
89960.89781267632,PAYMENT,90370.15326961079,3,259,12,0,0,0
137042.49918254913,CASH_OUT,128702.44423968285,3,1822,9,0,0,0
10273.352268225353,CASH_OUT,444056.82759018854,1,317,7,0,0,0
23301.292081441803,CASH_IN,163377.8376660076,5,686,9,0,0,0
131994.27710520374,CASH_IN,283323.35917708353,3,303,12,0,0,0
3190.0575565085664,CASH_IN,198783.00439458853,5,609,2,0,0,0
4845.401831019401,PAYMENT,37015.64370295679,5,1614,3,0,0,0
8884.07627280324,CASH_OUT,181431.91494835253,2,1834,15,0,0,0
45219.69331851856,CASH_OUT,204034.1015179654,2,1122,2,0,0,0
8153.734842803942,TRANSFER,447850.55095575907,2,1971,20,0,0,0
172220.45748766887,TRANSFER,162225.32682316974,4,951,8,0,0,0
29594.059254304433,CASH_IN,189620.55988103393,3,1377,18,0,0,0
34809.38595079946,PAYMENT,391448.38433616725,2,1140,11,0,0,0
14161.839422852347,PAYMENT,379478.325605799,5,1698,5,0,0,0
31834.585638603847,CASH_OUT,399142.6383242454,2,934,3,1,0,0
54222.694569871775,CASH_IN,476885.37003800203,4,1130,13,0,0,0
69550.70145337541,PAYMENT,397778.7491973921,6,1627,0,0,0,0
70094.38188166358,CASH_OUT,203804.10160894546,3,102,7,0,0,0
43124.598571902636,CASH_IN,410754.25844904594,4,1121,18,0,0,0
117358.08918792034,CASH_OUT,254337.31604496916,2,247,15,0,0,0
85025.01435670823,CASH_OUT,138857.01625928265,4,1643,7,0,0,0
70744.59290608738,PAYMENT,151458.5340655062,1,275,4,0,0,0
2860.5660274103416,PAYMENT,111921.19428169917,1,1823,7,0,0,0
345.0862210747384,CASH_OUT,72496.4789098767,2,124,16,0,0,0
11941.248046516135,TRANSFER,92245.20592682518,5,719,5,0,0,0
54461.362399866564,CASH_IN,31589.024976909684,1,848,2,0,0,0
26483.222338555297,PAYMENT,444225.43246619316,3,1527,20,0,0,0
25742.205964007477,PAYMENT,465503.9048245616,2,31,19,0,0,0
107961.86555842173,CASH_OUT,293385.19624694774,5,1990,10,0,0,0
112958.49030154476,CASH_OUT,420244.7783043425,4,523,12,0,0,0
119941.18040788866,CASH_OUT,91785.55132657356,3,861,18,0,0,0
18834.996801044137,CASH_OUT,450836.9126134926,6,713,22,0,0,0
58729.732107524105,CASH_OUT,253180.77981525415,3,593,19,0,0,0
15847.524290519641,CASH_OUT,33582.496302777545,4,578,2,0,0,0
10573.70976056068,TRANSFER,70656.3722470801,3,95,18,0,0,0
10205.814740946558,TRANSFER,154488.2303934086,3,1145,19,0,0,0
20935.695928863475,PAYMENT,21778.79017737572,1,1237,6,0,0,0
28102.228482699436,CASH_OUT,154646.6890087218,2,1844,10,1,0,0
88877.79231457115,TRANSFER,29965.216559445897,5,228,8,0,0,0
6385.481087491485,CASH_OUT,118013.80259641258,2,1732,14,0,0,0
66387.28354936044,TRANSFER,132834.87792822078,5,773,11,0,0,0
37906.14737730348,CASH_OUT,497184.4881833969,6,401,11,0,0,0
16980.03023060038,CASH_IN,117773.33688183222,3,115,5,0,0,0
33944.42448212634,PAYMENT,119593.22446929016,2,1881,16,0,0,0
17829.609495077297,TRANSFER,343394.4841791925,2,341,23,0,0,0
45327.1640550258,CASH_OUT,429678.73925822595,3,1429,17,0,1,0
28444.27420597862,TRANSFER,193527.70630104328,4,449,8,0,0,0
8980.593310915678,PAYMENT,437809.00997034623,1,926,10,0,0,0
6197.901028445114,CASH_OUT,170071.01037387855,4,1407,18,1,0,0
39559.57977697022,TRANSFER,98507.93980750965,2,1313,9,0,0,0
116350.56661237526,PAYMENT,164819.41216386177,3,1606,10,0,0,0
21076.499495978765,PAYMENT,304678.18696399615,0,128,22,1,0,0
66025.35110824133,PAYMENT,183571.57965603686,3,188,5,0,0,0
53744.01002359871,CASH_IN,336446.9019946444,5,446,8,0,0,0
134086.17619868694,CASH_IN,118467.9397112412,2,1050,15,0,0,0
86013.17150779933,TRANSFER,350496.4469945744,6,1442,2,0,0,0
41805.31620112004,TRANSFER,173719.18162423334,3,456,15,0,0,0
53505.68759519473,PAYMENT,227934.18580096724,0,1288,17,0,1,0
114328.92748977165,PAYMENT,278872.57022144797,2,424,18,0,1,0
25501.195976414405,CASH_IN,343112.5015929968,1,1085,15,0,0,0
19785.247627584627,CASH_OUT,119356.84592436685,8,1420,3,0,0,0
543.4974021507358,TRANSFER,417972.76870540524,4,1438,4,0,0,0
87593.60493377886,CASH_OUT,360921.3748776199,3,1096,21,1,1,0
80717.6738031259,CASH_OUT,117048.95951199972,4,1827,22,0,0,0
5516.113468993783,CASH_OUT,487487.28130145516,3,633,9,0,0,0
43002.29981594398,PAYMENT,332398.4955152292,4,1262,18,0,0,0
31179.348664161927,CASH_OUT,226213.4432333528,5,911,18,0,0,0
6318.375474465349,PAYMENT,78763.66277675817,5,808,2,0,0,0
197042.2886118751,PAYMENT,266610.5011540657,2,1734,7,0,0,0
12084.211585809953,CASH_OUT,82387.9434135591,2,312,18,0,0,0
3480.0553260706392,CASH_OUT,214745.83934892187,4,1754,22,1,0,1
45174.57210631046,PAYMENT,204356.26136975942,4,1129,16,0,1,0
67136.20932495302,PAYMENT,359969.82217373006,6,1066,0,0,1,0
1649.070104427652,CASH_IN,96191.5906121249,5,380,20,0,0,0
53752.25527050153,CASH_IN,410935.6774354229,2,576,12,0,0,0
37995.54220941582,CASH_IN,163066.1635080829,5,566,10,0,0,0
5449.744983834416,TRANSFER,221994.31348438753,2,833,11,0,0,0
9468.751323152914,CASH_IN,386170.48777692125,5,690,23,0,0,0
41963.50977771915,PAYMENT,312696.1998567574,6,1165,1,0,0,0
17574.251281346515,CASH_IN,154012.67590096866,4,340,23,0,0,0
139286.31509919767,CASH_OUT,193101.4622729405,3,65,9,0,0,0
85391.20402026764,CASH_IN,152893.4069948051,4,1977,8,1,0,0
205423.81689356003,TRANSFER,297385.0836385786,2,1208,15,0,0,0
15033.018972719208,PAYMENT,166312.26660341985,4,1449,3,0,0,0
174869.39155616993,CASH_OUT,362848.8473915704,2,1255,15,0,0,1
28214.297415654244,TRANSFER,289893.579291863,2,567,3,0,0,0
21348.647263935698,CASH_OUT,72853.30587375449,5,1226,23,0,0,0
2583.064260675245,CASH_OUT,155134.30933994122,2,1955,22,0,0,0
2710.416837253274,CASH_OUT,110723.72095507788,5,1014,6,0,0,0
58884.602097885196,PAYMENT,195156.60627574267,4,1573,14,0,0,0
30617.913977190954,CASH_OUT,257992.04310468154,1,872,23,0,0,0
12842.878401807568,TRANSFER,253381.42864205493,2,1690,10,0,1,0
47592.049292871925,CASH_OUT,377261.8382816445,9,1966,9,0,0,0
14575.008823830734,TRANSFER,94585.93180085467,4,1475,9,0,0,0
43093.88627103656,CASH_OUT,473236.4146487234,5,268,5,0,0,0
22252.57667094912,CASH_OUT,171422.5534410843,3,1258,19,0,1,0
86736.51739398309,TRANSFER,150124.42345806924,3,1734,4,0,0,0
85933.67431283086,PAYMENT,342589.2890901099,4,1452,19,1,0,0
32442.20083708896,CASH_OUT,402758.31434153125,3,624,0,0,0,0
21602.19394899083,CASH_OUT,189235.8824068267,2,1648,21,0,0,0
22514.740243649117,CASH_OUT,373423.4874469886,4,538,14,0,0,0
81921.33421825596,CASH_IN,441867.97806802735,2,103,22,0,0,0
19888.203081482578,TRANSFER,383401.8326034787,8,825,13,0,0,0
11726.618780401754,TRANSFER,17098.242785416496,1,514,3,0,0,0
4424.533086434074,CASH_OUT,413684.4556830941,4,1206,11,0,0,0
31432.91311554214,TRANSFER,387240.4792271837,5,1388,14,0,0,0
32901.75432324232,CASH_OUT,334645.119076593,1,704,16,0,0,0
91913.85465563265,CASH_OUT,380011.2095439517,1,1901,15,0,0,0
12502.534699439355,TRANSFER,489712.6979159694,3,1090,14,0,0,0
23981.795446533662,TRANSFER,215556.44390917482,2,696,7,0,0,0
82618.7683183126,CASH_OUT,33611.6174772989,4,802,11,0,0,0
86756.74960755782,PAYMENT,230444.98481385835,4,1653,17,0,0,0
24275.040713585488,CASH_IN,23216.827695523967,0,735,13,1,0,0
30728.263731820927,TRANSFER,147125.20404423057,2,1925,1,1,0,0
18069.00628753184,PAYMENT,293439.8958983795,5,910,22,0,1,0
134822.05126989522,CASH_IN,154811.44646307814,4,786,11,0,0,0
6314.669130403347,PAYMENT,342697.6229547693,2,1024,23,0,0,0
135715.55523709793,TRANSFER,410993.16384286055,2,1622,1,0,0,0
57579.52669500004,PAYMENT,210219.58963976844,3,1754,17,0,1,0
37918.65985166567,CASH_OUT,450068.97564650176,2,1692,3,0,0,0
1660.2135752814145,TRANSFER,39919.4656752001,3,1049,8,0,0,0
32274.66325735994,CASH_OUT,420056.5821002249,3,1560,7,0,0,0
26191.161814533487,CASH_OUT,414286.57271964947,2,510,6,0,0,0
8790.270372663537,TRANSFER,160996.94816338245,4,915,12,0,0,0
53415.25194576521,CASH_OUT,149357.59356230748,0,1533,23,0,0,0
177283.8368881519,PAYMENT,152547.4905767563,3,857,11,0,0,1
41298.376851761175,TRANSFER,405696.8561722055,2,1501,11,0,0,0
62720.03882624176,TRANSFER,415826.74380509753,1,1597,22,0,0,0
3545.294966815855,CASH_OUT,164861.2294138338,6,429,12,0,0,0
27035.641137150757,CASH_OUT,296295.1737222309,3,1930,18,0,0,0
6185.191239833109,TRANSFER,69466.61472022726,2,394,3,0,0,0
47440.15841541465,CASH_IN,234389.36914051106,2,329,1,1,0,0
139421.40179522912,CASH_OUT,499396.42542776914,1,1268,23,0,1,0
54202.600169151316,CASH_OUT,79419.57385312342,2,375,12,0,0,0
3995.6342567061583,CASH_IN,473781.3199800295,3,151,10,0,0,0
21899.379219915143,CASH_OUT,412127.3609825039,3,1890,23,0,0,0
39999.14802101498,CASH_IN,486107.32547313493,4,1754,6,1,0,1
25809.31131894337,TRANSFER,89789.3803052665,2,356,8,0,0,0
89681.26358031534,TRANSFER,106759.24522168213,1,703,6,0,0,0
84281.13401910903,TRANSFER,8433.59086742934,0,271,2,1,0,0
47315.72594850991,CASH_OUT,362350.90645780275,4,999,23,0,0,0
23376.96901076391,TRANSFER,322047.3467180928,3,661,2,0,0,0
14741.133548511467,CASH_IN,89032.71916236605,2,1651,0,0,0,0
5595.4465017680495,PAYMENT,395572.482771036,1,306,0,0,0,0
21917.31722567041,PAYMENT,149597.7530658627,2,944,19,0,0,0
26651.219939284987,PAYMENT,67497.78466531758,4,593,13,1,0,0
56323.26925124914,CASH_OUT,211281.33250967407,1,1173,1,0,0,0
53670.59868281257,PAYMENT,45484.924213428036,6,1991,10,1,0,0
3634.3489389965566,TRANSFER,131621.8281366233,2,1092,9,0,0,0
25147.776669135357,PAYMENT,185666.67921367308,6,1866,14,0,0,0
10031.132271889608,TRANSFER,425932.08725707495,5,1398,10,0,0,0
8528.308464195054,PAYMENT,396274.3706466107,6,938,7,0,0,0
87810.58708598181,CASH_IN,221377.14287530913,2,712,0,0,0,0
2140.950231550728,TRANSFER,362287.52887619374,5,1904,5,0,0,0
27165.966613329325,CASH_OUT,284324.8180895025,4,403,19,0,0,0
9208.382334480893,TRANSFER,170420.92753903405,3,1764,7,0,0,0
105734.87596197597,TRANSFER,362937.1717476424,1,1532,18,1,0,0
40713.8482603557,PAYMENT,341749.577233189,1,1247,20,0,0,0
13157.970390004059,CASH_IN,309547.221096801,2,1161,22,0,0,0
34900.67883069041,TRANSFER,308977.7605216253,2,1994,16,0,0,0
65742.67822364975,TRANSFER,341490.99616348837,3,1697,13,0,0,0
158644.9675797001,PAYMENT,192272.75632126912,4,1438,3,1,1,1
12451.666157664185,CASH_OUT,434537.90753385116,2,785,1,0,1,1
108657.62977530829,CASH_OUT,81153.92274823041,1,1164,15,0,0,0
136135.94879810317,CASH_IN,441942.73161957704,3,1949,19,0,0,0
124097.87685418448,PAYMENT,171140.92151599718,1,1625,1,0,0,0
50449.68972670079,CASH_OUT,62515.80780431126,5,1359,10,0,0,0
49688.383651876575,CASH_OUT,300013.7013395649,2,372,13,0,0,0
25809.55236241663,PAYMENT,187993.33453520262,2,1356,17,0,0,0
69796.60926578271,PAYMENT,407749.8635517596,2,46,9,0,0,0
37888.98059611325,PAYMENT,215392.73426438365,1,1907,22,0,0,0
56573.00669910428,CASH_OUT,334281.2627810549,4,704,23,0,0,0
27970.856970137054,CASH_IN,154128.99475241275,3,549,11,0,0,0
65744.5597910318,TRANSFER,104726.18751267005,4,597,10,0,0,0
86997.69781963523,PAYMENT,194024.51547441192,7,1753,22,0,0,0
7916.752741484376,TRANSFER,303403.91730121674,2,1236,8,0,0,0
89467.03451395797,CASH_OUT,328473.3696056759,6,292,23,0,0,0
38858.681584589765,CASH_IN,289103.3326490092,3,1118,15,0,1,0
93108.8528217467,CASH_OUT,494027.85931205447,2,310,7,0,0,0
28220.261254884175,CASH_OUT,345545.09324758267,1,528,21,0,0,0
23824.46965136942,PAYMENT,465759.8137984589,5,1589,4,0,0,0
123290.93890356795,PAYMENT,58966.59744758726,2,1679,14,0,0,0
14462.115619560123,PAYMENT,30686.46490673943,4,126,14,0,0,0
92963.06291709906,TRANSFER,155497.35100597685,4,1512,16,0,0,0
33084.419174982184,TRANSFER,68294.46918821197,4,1661,1,0,0,0
36087.15291089026,CASH_IN,262934.26411413384,2,1402,12,0,0,0
18442.312989449154,CASH_OUT,259490.62676163937,1,606,10,0,0,0
42553.50505635326,CASH_IN,287523.5832219751,4,1356,0,0,1,0
19667.776021999343,CASH_OUT,372613.94041553634,2,677,8,0,0,0
2003.0628561363371,PAYMENT,485664.8501061599,7,202,3,0,0,0
15872.615752575572,CASH_OUT,439129.34571957326,4,442,15,0,0,0
319.97382229143653,TRANSFER,59183.6197877908,3,60,15,0,0,0
191648.5480076762,CASH_IN,169256.84438532862,6,1878,2,0,0,1
168699.3626237572,TRANSFER,127911.51252402095,4,512,17,0,0,0
25139.177196934488,PAYMENT,88408.6788898964,3,164,6,0,1,0
65165.878904084275,PAYMENT,272362.4383278923,5,188,21,0,0,0
21217.574292857033,PAYMENT,276632.20101636526,2,650,9,0,0,0
55599.0360274469,CASH_IN,113622.41394403066,5,271,9,0,0,0
81848.17523676711,TRANSFER,355948.6251533427,2,1241,6,0,0,0
146643.7376242599,CASH_OUT,366457.1495847526,2,1237,0,0,0,0
25558.973972415766,CASH_OUT,10489.997416966657,1,1725,16,0,0,0
76461.60312407585,CASH_OUT,197878.85186115827,4,635,19,0,0,0
15457.438820776304,CASH_OUT,445070.3206008105,4,1370,4,0,1,0
231948.2619614794,TRANSFER,260159.30412191912,3,218,10,0,0,0
1305.3725868436595,CASH_OUT,173813.90071949715,2,1641,1,0,0,0
46257.59462519728,CASH_OUT,126838.07579756506,4,1408,9,0,0,0
53867.886040240584,CASH_OUT,121677.25995914114,2,477,13,1,0,0
58244.90590486503,PAYMENT,49884.01692540317,2,295,5,0,0,0
6413.694948500309,TRANSFER,408613.20954654604,1,1463,1,0,0,0
139460.12527945163,TRANSFER,43328.70269708561,1,1122,6,0,0,0
9994.750205818287,CASH_IN,146147.3829309079,0,628,9,0,0,0
48742.81012770189,CASH_OUT,22837.869283176606,2,1382,17,0,0,0
12594.906445104132,CASH_IN,390693.2848618502,5,1150,0,0,0,0
18351.880931945867,PAYMENT,19641.841113395232,4,283,11,0,0,0
39533.42975723864,CASH_OUT,154150.5519341042,1,834,3,0,0,0
26994.99559696459,PAYMENT,286648.685043332,1,955,0,0,0,0
8731.09979039669,PAYMENT,204780.68014672192,4,1918,13,0,0,0
9372.92053855441,TRANSFER,141135.5336245502,3,1567,23,0,0,0
27076.68195564177,CASH_IN,137594.53621377083,5,1351,8,0,0,0
70792.95169368647,CASH_OUT,398895.1530031247,3,225,21,0,1,0
114121.79631090615,CASH_OUT,486989.04754362255,4,1015,9,0,0,0
4393.91466498047,CASH_OUT,174020.5352243967,3,1915,11,0,0,0
24969.88423583337,CASH_OUT,19572.756804508263,1,960,13,0,0,0
5281.670073437333,CASH_OUT,18282.88895455421,2,679,11,0,0,0
836.5838868808264,CASH_IN,379606.707605359,2,1596,19,0,0,0
54193.871489931975,CASH_OUT,276184.9108045635,5,1772,1,0,0,0
46121.65814772763,TRANSFER,391796.3287086652,4,498,23,0,0,0
8897.702242621855,TRANSFER,348748.5051442874,1,1571,2,0,0,0
13316.439793397283,CASH_IN,453753.17463269824,4,1118,12,0,0,0
1199.6652324404326,CASH_IN,442912.14552331174,2,790,21,0,0,0
90074.49453855673,PAYMENT,394163.6978105887,10,1767,5,1,0,1
183828.96273127105,CASH_IN,237594.58002107186,2,927,16,0,0,0
7277.858481349543,PAYMENT,154063.20380192623,2,1557,22,0,0,0
13164.123188918737,CASH_IN,253513.39372231995,0,1446,15,0,0,0
101403.03165636086,PAYMENT,251035.8036599118,2,622,22,0,0,0
130498.87246049577,CASH_OUT,305137.77444466884,3,1901,4,0,0,0
27204.246914178966,TRANSFER,93048.78389145204,6,1503,17,0,0,0
2597.4371557295003,PAYMENT,327809.94022249436,2,365,3,0,0,0
2009.4344265427083,TRANSFER,228300.46210290788,8,1920,22,0,0,0
42659.91271765617,CASH_OUT,310102.4159704296,1,1624,14,0,0,0
24952.685018443055,TRANSFER,119802.41145977283,4,1942,12,0,0,0
1453.546083980355,CASH_IN,217197.4469386775,3,761,13,1,1,0
43763.72488848828,CASH_OUT,105100.60722626014,0,1296,21,0,0,0
568.3447831209116,PAYMENT,437652.5783784008,1,682,8,0,0,0
77410.54610960923,PAYMENT,243980.5225207688,3,291,7,0,0,0
18295.35884361161,CASH_IN,112490.70778690606,2,1462,13,1,0,0
2054.5391887733704,CASH_IN,20604.347870773145,2,1500,20,0,0,0
44379.36002857341,PAYMENT,337869.33232677093,0,1240,6,0,0,0
25348.687125828055,TRANSFER,107322.35699487786,2,772,2,0,0,0
182100.58226649917,CASH_OUT,494791.0961593891,0,1655,3,0,0,0
39284.911389096385,TRANSFER,266850.1867075858,3,1929,22,0,0,0
16095.679171834023,PAYMENT,144488.49812401604,4,971,16,0,0,0
61797.06380335598,CASH_IN,328838.71689631516,2,275,8,0,0,0
15837.83377143509,PAYMENT,137609.96171904277,4,940,22,1,0,0
117297.22948735801,CASH_OUT,410137.1469548732,4,1887,22,0,0,0
23477.94404863573,TRANSFER,154118.02546497094,4,1395,10,0,0,0
39910.782807304044,TRANSFER,494123.86619795463,2,71,20,0,0,0
2594.8371804906174,CASH_OUT,302572.3927226468,3,686,0,0,0,0
27766.85604582263,CASH_OUT,422205.57447133167,0,412,11,0,0,0
89297.87854022802,CASH_OUT,36407.734789211114,4,1076,6,0,0,0
81904.42374357613,PAYMENT,174149.7086930941,2,1708,8,0,0,0
12700.66785346775,CASH_OUT,368743.54308307485,4,1987,2,0,1,0
12814.278476968211,CASH_OUT,327529.50867029134,1,1621,10,0,0,0
84996.94460871768,CASH_IN,97121.56071687888,4,1471,20,0,0,0
133248.40065913936,TRANSFER,178101.46525485493,3,1787,9,0,1,0
5010.961143187671,CASH_OUT,131721.70374377046,3,606,18,0,0,0
29897.18117891115,CASH_OUT,306685.0848809215,4,1414,0,0,0,0
20583.285530942834,CASH_OUT,172284.11472938748,1,877,13,0,0,0
102276.53561256953,CASH_OUT,154527.1210001749,3,1270,7,0,0,0
4361.019833273403,CASH_OUT,103688.99021817085,5,653,6,0,0,0
11857.429694568054,TRANSFER,204513.56045732417,3,1035,9,0,1,0
69810.83881060721,CASH_OUT,97751.2950982768,3,791,23,0,0,0
2632.8084487687506,TRANSFER,481284.79368881613,4,1140,11,0,0,0
33916.41430948137,CASH_IN,77250.9057476517,2,1022,18,0,0,0
29179.407671138495,TRANSFER,456652.3574793881,4,319,20,0,0,0
20353.40803969688,CASH_IN,214236.549078291,7,1510,6,0,0,0
25091.007693553885,TRANSFER,188932.99578086103,2,941,8,0,0,0
37744.80907402323,TRANSFER,115659.90045242441,3,1410,21,0,0,0
8799.126053415916,PAYMENT,317878.16718375956,2,1999,18,0,0,0
42431.12266340943,CASH_OUT,342764.0075054182,2,1677,6,0,0,0
81848.76275486991,CASH_OUT,233785.48112620873,2,1806,15,0,1,0
71389.356067275,PAYMENT,27853.447846712064,2,1991,6,0,0,0
8355.88052049445,TRANSFER,459255.0753442749,2,475,11,0,0,0
8081.81711588561,PAYMENT,490164.5664381905,4,1321,2,0,0,0
15610.650034924265,CASH_IN,215521.7076059175,2,994,4,0,0,0
22398.3887036828,TRANSFER,306830.40370466356,0,1652,5,0,0,0
26250.925177694702,TRANSFER,225149.31312187336,1,613,16,0,0,0
56924.42665775756,TRANSFER,160939.82544306028,2,1792,16,0,0,0
2917.508476068961,CASH_IN,38659.39642890381,7,1181,3,0,0,0
1764.4034271014832,PAYMENT,228033.86519864944,3,109,9,0,0,0
24871.665370648694,CASH_IN,409192.27817972575,1,113,22,0,0,0
59728.142876654056,CASH_OUT,8515.730544001788,3,569,22,0,0,0
10748.560735327195,PAYMENT,291053.84159011114,4,1467,7,0,0,0
51291.95595190131,CASH_OUT,440386.05436334445,5,1512,13,0,0,0
15043.64368611164,CASH_OUT,108774.715007179,3,1871,10,0,1,0
108615.62282352138,CASH_IN,91627.93234453109,3,430,5,0,0,0
113019.37549945613,CASH_OUT,386138.31285097153,2,679,12,0,0,0
17640.35057938895,CASH_IN,127543.21555964665,0,1013,14,0,0,0
13067.832621562808,CASH_OUT,95992.13378032423,1,532,22,0,0,0
26492.265507650143,PAYMENT,188994.62528461753,3,380,11,0,0,0
13756.827230918525,CASH_OUT,196251.006135109,2,552,21,0,1,0
55795.6304908971,TRANSFER,437050.531508283,4,1740,20,0,0,0
87453.58995806877,CASH_OUT,309221.73596683843,0,677,21,0,1,0
55903.844684429016,TRANSFER,202980.7281697947,4,1084,9,1,0,0
86963.22232633,TRANSFER,267193.9821428834,4,386,11,1,0,0
25291.254217093472,PAYMENT,476982.6166626371,3,1730,3,0,0,0
8498.920631877976,CASH_OUT,56607.33830494768,4,190,22,0,0,0
66961.17845359462,CASH_OUT,103857.76086234572,3,678,23,0,0,0
22351.439594779684,CASH_OUT,481264.3532932777,0,715,7,0,1,0
55626.05221006178,TRANSFER,478662.42426360206,1,1048,19,0,0,0
15779.662321674778,PAYMENT,88582.71063238631,3,1952,2,0,0,0
4235.953125196913,CASH_IN,72554.40856264911,5,1550,6,0,0,0
245190.91152837707,CASH_OUT,210542.5671693099,4,298,22,0,0,1
8492.078318230082,TRANSFER,24859.146243984553,3,1297,2,0,0,0
222928.08225093893,PAYMENT,327451.76614257006,3,1465,0,0,0,1
189225.3358553752,CASH_OUT,38748.01083087109,1,593,18,0,0,1
78949.82545309381,TRANSFER,29014.813547140362,3,1242,13,0,0,0
53855.69647955132,TRANSFER,242593.46810442462,3,1973,2,0,0,0
43114.64212746629,CASH_OUT,478893.31805505074,4,39,21,0,0,0
100533.67838174588,CASH_OUT,213397.96803157977,5,711,1,0,0,0
17085.060709710604,CASH_OUT,178240.57933027553,4,194,3,0,0,0
31525.637222570447,PAYMENT,498978.357751143,2,556,4,0,0,0
48298.99848381276,CASH_OUT,265984.4803895917,2,391,5,1,0,0
26482.62681024505,CASH_OUT,187620.70344512427,2,1721,8,0,0,0
27885.944142798053,TRANSFER,192930.4066708009,3,706,9,0,0,0
20045.126687582964,CASH_OUT,97479.74801675524,7,222,4,0,0,0
41532.24333367971,CASH_OUT,256111.52872376947,5,1450,17,0,0,0
95047.87628013318,CASH_IN,219427.5140840029,4,856,6,0,0,0
11252.792555119295,CASH_OUT,135397.6481737067,0,1109,9,1,0,0
136234.16747176254,PAYMENT,80270.04330087989,0,517,10,0,0,0
58412.212568912,TRANSFER,155619.43433377685,6,315,16,0,0,0
86657.51567050783,PAYMENT,254341.66384386463,6,1297,7,1,0,0
40618.01483558453,TRANSFER,29166.636142400836,2,1117,6,0,0,0
75596.66651918515,CASH_OUT,76872.01429197799,2,864,13,0,0,0
816.6529251670322,PAYMENT,473828.63348454767,2,1329,10,0,0,0
85292.05127799828,TRANSFER,271427.6755156695,3,1299,7,0,0,0
2048.332493146243,PAYMENT,31724.651830018935,0,1152,0,1,0,0
110324.38677425304,TRANSFER,346543.8793847865,0,1563,5,0,0,0
241183.39752657153,CASH_IN,30901.435039517368,2,1336,13,0,0,0
17411.780077289925,PAYMENT,369437.1135231865,6,909,4,0,0,0
11806.28253236455,CASH_IN,374981.36086001346,4,1193,15,0,1,0
72485.85953335793,TRANSFER,325539.48787462636,2,138,12,0,0,0
14586.267837357858,TRANSFER,366102.2723096748,1,272,15,0,0,0
100332.75014712986,PAYMENT,43982.89050652887,4,1094,13,0,0,0
5426.197488699128,CASH_IN,363390.2761776338,5,1773,1,0,0,0
6731.182095832186,CASH_IN,68344.15986194147,1,1277,23,0,0,0
193523.79593401783,TRANSFER,169752.9536359219,3,80,17,0,0,0
56018.19212974186,PAYMENT,471372.6267503164,2,1406,1,0,0,0
93829.02669376878,CASH_OUT,251437.73882957004,4,109,21,0,0,0
19602.478314211716,TRANSFER,483713.2160415069,5,1594,2,0,0,0
56425.29664908359,CASH_OUT,44461.22944336878,5,376,8,0,0,0
45099.89653028421,TRANSFER,238778.29978159003,0,1788,17,0,0,0
46209.86030681789,CASH_IN,31201.160138435323,5,80,23,0,0,0
57368.98503200989,CASH_OUT,315105.1311996424,1,1368,19,1,0,0
42825.57903060909,PAYMENT,39353.50068425819,1,629,12,0,0,0
28023.76517463886,TRANSFER,87683.90127018865,5,925,9,0,0,0
16142.855828953256,CASH_OUT,129415.15503464024,2,1212,1,0,0,0
73176.33943115005,TRANSFER,374371.9258322416,1,678,20,0,0,0
12826.77220495336,TRANSFER,81981.05940903738,3,1162,18,0,0,0
58940.32514100096,CASH_OUT,423316.0266465339,1,483,8,1,0,0
13285.12498118268,PAYMENT,65951.96941540044,4,1339,7,0,0,0
49085.50470250956,CASH_IN,17622.224535078167,3,119,21,0,0,0
68733.75971781753,CASH_OUT,197522.7094848339,0,1349,12,0,0,0
12340.692840005446,CASH_OUT,489720.82098564756,2,1572,5,0,0,0
3090.7543652254076,TRANSFER,55171.11389438861,3,485,8,0,0,0
7019.096948831864,PAYMENT,50859.22201981452,1,984,13,0,0,0
46569.8336216083,CASH_OUT,375583.25539781194,3,1192,1,0,0,0
94671.80766855441,CASH_OUT,156080.84699678264,6,1568,6,0,0,0
2302.030497882628,TRANSFER,358640.80861285847,2,1953,11,0,0,0
66241.38874764508,CASH_IN,100005.29472168168,2,1818,10,0,0,0
20875.769546610863,TRANSFER,230035.99709908146,2,1278,18,0,0,0
32555.020331688793,TRANSFER,132644.93887445895,3,1073,18,0,0,0
132154.95923778767,CASH_IN,225764.10743954344,4,1826,14,0,0,0
20171.22243871152,PAYMENT,384548.5462926519,8,703,19,0,0,0
31305.92567736234,PAYMENT,381004.97023883084,6,1707,12,0,0,0
688.8440838807921,TRANSFER,257886.14383686183,6,1450,14,0,0,0
4256.0429847425785,CASH_IN,464185.9218605255,2,474,20,0,0,0
14960.18232280249,PAYMENT,131892.051224137,6,462,4,1,0,0
1412.3735229361166,CASH_IN,120155.67555961653,3,74,0,0,0,0
49898.81481727823,PAYMENT,306903.2005877169,5,1874,15,0,0,0
27791.006249478596,PAYMENT,310648.51710839453,3,1333,21,0,1,0
39719.719786681286,CASH_OUT,23270.019782486994,1,251,10,0,0,0
9597.21653030698,TRANSFER,303888.8561934488,2,1244,14,0,0,0
17544.018919447142,PAYMENT,187218.07867450718,4,1574,12,0,0,0
54506.092957435605,CASH_OUT,373721.2626602796,4,732,14,0,0,0
168054.70429497532,TRANSFER,404052.8322726364,1,341,17,1,0,1
2586.6049851739886,CASH_OUT,276076.9097735183,5,362,14,0,0,0
110538.7428405059,PAYMENT,852.5157511325432,0,1386,1,0,0,0
43005.11457011099,CASH_OUT,318182.90508332103,1,228,8,0,0,0
41496.4286364568,PAYMENT,374440.63983296714,1,1437,16,0,0,0
34685.220309841934,PAYMENT,124491.63311575711,6,1768,17,1,0,0
3595.969222453063,CASH_OUT,232323.0005703944,3,540,9,0,0,0
4708.768043237807,TRANSFER,482863.3117058941,0,157,8,0,0,0
45928.667460587654,CASH_OUT,149057.7766970517,5,1166,19,0,0,0
20848.444032609998,TRANSFER,111576.62552087038,1,1095,19,0,0,0
124607.48078922747,TRANSFER,105427.39523900507,3,542,20,0,0,0
26093.531238687305,CASH_OUT,279400.41717699816,1,1117,19,0,0,0
7732.291877534686,CASH_IN,474893.5506540032,3,1273,8,0,0,0
62714.001795878816,CASH_OUT,304345.06460017734,5,613,3,0,0,0
17361.231347784895,PAYMENT,151661.56011882998,4,1580,14,0,1,0
37271.554309504274,TRANSFER,319284.88903372706,3,866,19,0,0,0
59838.73622284977,PAYMENT,312421.14879889373,5,435,22,0,0,0
115261.4849452147,TRANSFER,298462.5678648271,3,1457,9,0,0,0
78556.8413893404,PAYMENT,79713.103444151,3,993,9,0,0,0
56406.33958087998,PAYMENT,317283.39967249706,3,535,15,0,0,0
56914.43173395631,PAYMENT,215082.22625724983,5,1866,0,0,0,0
145868.83621545695,CASH_OUT,9296.029311516684,2,1142,18,0,0,0
17536.35462618405,PAYMENT,269882.2435737476,1,1645,3,0,1,0
55.63565158914325,CASH_OUT,494633.3726092088,3,197,7,0,0,0
15869.590716216559,CASH_OUT,174869.79542199176,2,459,16,0,0,0
12288.082367478783,TRANSFER,482779.6091593291,2,1656,2,1,0,0
54211.00550295199,TRANSFER,48102.870831297274,6,604,2,0,0,0
50216.71385451763,TRANSFER,366225.0579336531,3,1914,11,0,0,0
45003.817750503185,PAYMENT,57164.99733141767,4,1961,7,0,0,0
818.8407087170259,TRANSFER,136785.78677763708,1,1745,20,0,0,0
65240.890301126376,TRANSFER,285420.4176610622,4,1828,4,0,0,0
19543.389400724234,CASH_OUT,296389.8469883744,1,245,14,0,0,0
54689.59462440755,PAYMENT,387605.6586170856,0,1364,7,0,0,0
40661.71663925939,TRANSFER,307655.7036137196,7,1442,12,0,1,0
20983.089700116714,TRANSFER,296807.3521902804,2,1612,21,0,1,0
7226.80136876162,PAYMENT,456176.54349456914,2,519,5,0,0,0
4958.9219654450335,TRANSFER,226080.3761045786,5,894,22,0,0,0
89046.41684810152,TRANSFER,112632.88934752753,0,1219,9,0,0,0
125294.7947958093,TRANSFER,80894.29251181512,2,901,0,0,0,0
52460.83635576149,PAYMENT,199997.2984047499,2,1864,8,0,0,0
5459.174856321205,PAYMENT,356376.3775968479,2,1763,4,0,0,0
25710.501962915,CASH_OUT,21271.74246495045,3,165,23,0,0,0
65270.606470524515,CASH_OUT,64526.69325470306,3,1907,11,0,0,0
75665.69501452845,CASH_OUT,53056.73005181971,5,719,12,0,1,0
6290.556238939529,PAYMENT,292625.0765257294,7,915,5,0,0,0
1.5359658607904747,CASH_IN,121432.32526563313,2,619,15,0,0,0
62263.53829263092,TRANSFER,83129.71415069826,5,1958,11,1,0,0
22049.136037394088,CASH_OUT,296385.3598715112,4,1194,21,0,0,0
14683.75518333385,PAYMENT,380654.95772618963,5,847,3,0,0,0
649.0682142417693,PAYMENT,166077.45822633218,3,1149,2,1,0,1
38858.99428401247,CASH_IN,289102.3028382981,0,875,1,0,0,0
95241.05661256395,PAYMENT,49062.206599730096,1,192,9,0,0,0
158067.6784886862,CASH_IN,467595.515228785,7,54,11,0,0,0
41706.16230474973,CASH_OUT,168448.0926573864,0,474,3,0,0,0
36124.81699611379,CASH_OUT,498752.84658675065,1,60,14,0,0,0
4444.641954546506,CASH_OUT,489293.877924891,4,1812,13,0,0,0
39800.29713766818,PAYMENT,389411.7246679058,4,590,12,1,0,0
23900.10289540501,CASH_OUT,10033.547703483358,1,712,16,1,0,0
46714.49762695823,TRANSFER,271737.46019218164,1,330,21,0,0,0
24610.527213058944,TRANSFER,43418.21022000575,2,657,22,0,0,0
13741.525333169739,TRANSFER,447569.0129807581,2,241,4,0,0,0
4989.098305246055,CASH_IN,394818.12632370146,7,1543,9,0,0,0
18910.869440627925,CASH_OUT,486170.18829784147,3,1410,9,0,0,0
5081.974269170652,TRANSFER,304191.4765748977,2,1060,16,0,0,0
9733.693725394516,PAYMENT,261086.402242169,0,1554,18,0,0,0
218450.22392779452,CASH_OUT,259486.9279721938,3,1255,21,0,0,0
29358.662775402445,PAYMENT,193224.18722717243,0,675,22,1,0,0
37950.65087010503,PAYMENT,234345.03361457048,2,1270,11,0,0,0
103422.5198062674,CASH_IN,317706.2915676752,2,1871,1,0,0,0
270955.37647438404,CASH_IN,466473.8037781386,2,483,2,0,1,1
43699.225889007124,TRANSFER,297942.1691280155,2,330,14,0,0,0
83691.84111100194,TRANSFER,428557.9711586836,3,723,12,0,0,0
19796.116108814927,CASH_OUT,431389.9556512503,6,665,3,0,0,0
18245.72245600824,CASH_OUT,259416.3379241296,3,1198,20,1,0,0
25767.100447724606,CASH_OUT,173734.8207488108,1,1907,13,0,0,0
55814.47001277346,TRANSFER,319786.9366660405,1,372,12,0,0,0
57315.3437178218,CASH_IN,222938.67095742136,3,442,6,0,0,0
18934.302072868177,TRANSFER,40720.433660966446,0,733,13,0,0,0
7147.922927547222,TRANSFER,188904.55021621683,5,1508,5,0,0,0
50037.48524175631,TRANSFER,497036.0690246625,3,640,4,1,0,0
6866.981004259967,TRANSFER,24255.935013143604,4,661,12,0,0,0
43195.886381389624,CASH_IN,348333.4559504633,8,900,5,0,1,0
59114.174377199124,CASH_OUT,420594.35253562353,0,145,16,1,0,0
60300.660292244815,PAYMENT,324362.9517376894,2,1457,7,1,0,0
70014.00752795063,TRANSFER,284874.115581645,1,823,6,0,0,0
103123.09439492242,CASH_OUT,353777.2084893788,2,506,13,0,0,0
34653.25839263281,TRANSFER,214671.36864982784,3,1978,2,0,0,0
65512.83351620554,PAYMENT,45680.868654438375,2,1316,17,0,1,0
48270.46901619814,CASH_OUT,481185.8771516909,3,412,20,0,0,0
10329.069449920911,CASH_OUT,216150.38499209806,8,1215,14,0,0,0
1301.2693165001153,CASH_OUT,332694.6185840088,1,546,14,0,0,0
16741.576163774036,PAYMENT,265655.2184446476,1,1258,18,0,0,0
29262.527747851662,PAYMENT,27336.535988777276,4,419,18,0,0,0
47999.84726871559,TRANSFER,476373.30049626925,2,509,12,0,1,0
94842.44458281704,TRANSFER,396268.6130571617,3,318,13,0,0,0
10923.083715377214,CASH_IN,74548.94723469747,6,712,18,1,0,0
6707.996070995724,PAYMENT,490824.4381441334,4,984,22,0,0,0
165494.68924924888,PAYMENT,368450.68608585396,2,1854,18,0,0,0
5716.955105387434,PAYMENT,236160.82521415444,4,1264,16,0,0,0
32551.44406058838,PAYMENT,305685.0282797866,3,1926,11,0,0,0
44041.80324119707,TRANSFER,53368.34100729876,1,1242,15,0,0,0
38976.0566818163,CASH_IN,280205.7550078055,4,1199,18,0,0,0
4497.994544815265,CASH_IN,36830.5360085297,2,171,20,0,0,0
2935.8768793481186,CASH_OUT,272427.62855965097,0,1970,12,0,0,0
5573.5924525655755,CASH_OUT,276347.8443813927,3,964,9,0,0,0
44044.69340469416,CASH_IN,437219.39258037193,5,1983,7,0,0,0
39300.95440814525,CASH_OUT,362528.750136147,5,1212,22,0,0,0
13311.738744306478,CASH_IN,124776.19610756003,1,110,16,0,0,0
50774.3672079194,TRANSFER,444213.0710939284,5,1188,12,0,0,0
85758.67549232842,CASH_OUT,286621.3324240029,3,1394,1,0,0,0
2123.4049223217103,CASH_OUT,303189.73928701686,3,1124,11,0,0,0
34470.702224380824,CASH_OUT,84490.68461108916,6,1694,23,0,0,0
58448.04874504961,CASH_OUT,428886.797984557,3,371,17,0,0,0
14538.470139077936,TRANSFER,465482.557508272,4,307,18,0,0,0
18391.915821910134,PAYMENT,387495.3247474541,3,1140,23,0,0,0
47549.01370388995,CASH_IN,470376.22632250306,3,121,15,0,0,0
114107.41444139768,TRANSFER,151149.95206117292,1,220,19,0,0,0
83016.67490193986,TRANSFER,430559.5841813856,4,1285,1,0,0,0
43749.06909849152,TRANSFER,244446.57143187127,2,1499,19,0,0,0
65507.74171064459,TRANSFER,81958.60147179246,3,1309,5,0,0,0
22692.537234359956,TRANSFER,334400.29951670056,4,1611,13,0,0,0
51216.843654732234,CASH_OUT,342060.1353529394,2,598,23,0,0,0
31384.977807308976,CASH_OUT,143462.25687834507,2,763,2,0,1,0
10532.109527205674,CASH_OUT,13746.66581378503,5,202,20,0,0,0
60489.19511776899,CASH_OUT,99923.62954278167,3,1767,18,0,0,0
40648.88725041597,PAYMENT,199888.77383694338,5,1897,7,0,1,0
22206.782024312564,CASH_OUT,83781.45552993426,3,1034,7,0,0,0
121146.86572842846,CASH_IN,97014.9741198021,5,493,5,0,0,0
1057.8171669846347,CASH_IN,195695.33219113477,5,498,9,0,0,0
18973.288306166458,CASH_IN,480893.3071542802,2,1578,10,0,1,0
2928.1616538810595,CASH_IN,382121.75770382414,2,1548,16,0,0,0
72734.50973382179,CASH_OUT,159874.20061328207,3,993,10,1,0,0
60551.122088867305,TRANSFER,475802.0344592741,2,1858,18,0,1,0
20124.892145078502,CASH_OUT,322823.39612936636,3,1659,22,0,0,0
56298.59393851313,PAYMENT,227724.8223200701,2,1015,12,0,0,0
25203.85781542645,CASH_IN,234150.09947757353,3,1195,23,0,0,0
70581.38618893652,CASH_IN,205372.23391769594,1,322,2,0,0,0
30273.63692319362,TRANSFER,116496.02627296984,3,1816,5,0,0,0
26575.208594133088,PAYMENT,193316.09610685284,4,1526,1,1,0,0
136461.07357671353,CASH_OUT,263948.1920216963,5,1668,0,0,0,0
14442.744656237739,CASH_OUT,264013.6753651105,4,376,15,0,0,0
6417.092083205719,PAYMENT,380868.451106259,1,1323,8,0,0,0
43918.821621381,TRANSFER,179398.92857867628,0,479,20,0,0,0
174210.16873840982,CASH_IN,358399.01465197623,4,735,0,0,0,1
23727.836040856706,CASH_OUT,289045.9193843423,5,702,17,0,0,0
3202.2262189049184,CASH_IN,480922.7022634172,3,927,16,0,0,0
20723.168614733037,TRANSFER,192642.46301699133,3,1023,15,0,0,0
35254.07098920352,PAYMENT,450608.23213039513,5,1309,5,0,0,0
8832.265259667212,PAYMENT,410321.27364914474,3,1746,17,0,0,0
53662.17349000681,CASH_IN,318832.14229472843,4,1654,13,0,0,0
304827.677430358,CASH_OUT,327257.2333710586,2,84,16,1,0,1
30050.234810604627,CASH_IN,42324.96730320534,0,1560,5,0,0,0
21904.21042184496,CASH_OUT,475112.30279671616,3,202,10,0,0,0
25599.996218896064,CASH_OUT,53468.03174787196,3,1858,1,0,1,0
6116.641047236742,TRANSFER,281616.6543717535,0,1208,2,0,0,0
107396.12782062923,PAYMENT,165035.40022457726,1,759,7,0,0,0
26792.272570050463,TRANSFER,214925.9891449259,6,1233,8,0,0,0
24491.904824707108,PAYMENT,305091.5054184085,1,1036,9,0,0,0
53894.95570383879,PAYMENT,454425.6889411608,3,883,20,1,1,1
29172.810626817514,CASH_OUT,228783.56178615073,3,668,21,0,0,0
52239.37935496715,CASH_IN,493864.7776532206,5,1425,12,0,0,0
3170.7597555369553,CASH_OUT,296406.0326757499,5,1051,11,1,0,0
84026.11555044056,CASH_IN,80276.97132108724,2,1740,9,0,0,0
141092.27017926972,TRANSFER,95004.64741562614,3,1111,20,0,0,0
52315.043165304596,TRANSFER,358055.51779462554,3,676,13,0,0,0
154574.6494864211,TRANSFER,25198.897121690876,4,1194,5,0,1,1
8210.27132820909,CASH_OUT,240170.78811111342,1,77,1,0,0,0
32448.4952548964,TRANSFER,74109.5549017583,2,1936,14,0,0,0
46040.88992289922,CASH_OUT,216609.31758892248,7,697,22,1,0,0
43582.20073750817,CASH_OUT,374958.7110358598,3,458,21,0,0,0
25663.244742597886,CASH_OUT,229406.46412071708,2,1749,14,0,0,0
20630.861888517342,TRANSFER,81725.55449046349,3,1529,3,0,0,0
6780.908281102243,PAYMENT,125962.6851783212,1,245,10,0,0,0
24857.844283034057,TRANSFER,183769.79432609119,3,704,6,0,0,0
8876.302587856959,CASH_IN,34780.591743207355,2,1178,14,0,0,0
66281.73198274331,PAYMENT,292168.81804056093,2,1364,19,1,0,0
11712.17994501808,PAYMENT,303766.8956390251,1,540,18,0,0,0
3017.514815596711,PAYMENT,31075.963566283728,2,1918,13,0,0,0
40188.98263146922,TRANSFER,201155.66058708102,0,962,9,1,0,0
45221.78070501361,PAYMENT,207000.34144236246,5,1190,23,0,0,0
102752.30184371686,CASH_OUT,166909.7842763006,2,911,5,0,0,0
43016.98157094419,CASH_IN,278869.8701655559,4,1952,1,0,0,0
21192.72203863632,PAYMENT,172978.7450300559,3,1169,6,0,0,0
81230.59321896786,CASH_OUT,208204.63973890303,4,1183,23,0,0,0
38856.763145234596,PAYMENT,398761.7737208028,4,471,20,0,0,0
4129.9807730871935,CASH_OUT,81054.67771510073,1,307,2,0,0,0
41718.32365373018,CASH_OUT,309557.34765171044,3,539,7,0,0,0
119308.4151461727,CASH_OUT,252797.20084542278,4,1266,17,0,0,0
25234.940346435593,PAYMENT,152535.81873967452,3,514,14,0,0,0
17571.990836621986,PAYMENT,363767.32824520534,1,309,10,0,0,0
7743.265081481421,PAYMENT,275594.179770574,2,1259,21,0,0,0
8211.04956124834,CASH_OUT,238680.76348034767,3,1875,22,1,1,0
28349.651529765895,TRANSFER,333834.65738560003,5,766,9,0,0,0
45277.41002215417,PAYMENT,401145.1539906804,3,942,20,0,0,0
4202.537571378502,CASH_OUT,486334.3950167881,4,1751,16,0,0,0
140312.31299839463,PAYMENT,314675.1841881867,6,215,17,0,0,0
70352.12972685244,CASH_OUT,437219.99270019145,4,1458,23,0,1,0
44169.874544586935,CASH_OUT,545.7705114784717,4,1386,0,0,0,0
88140.72362234401,TRANSFER,265117.8463629456,2,1116,1,0,0,0
4179.231304027108,PAYMENT,107323.77438509905,2,220,4,0,0,0
32393.289459699314,CASH_OUT,47096.228541568584,1,1417,9,0,0,0
49725.19996224426,CASH_OUT,265985.50853219605,2,1424,11,1,0,0
88203.19954677121,CASH_OUT,373413.25307454704,5,1865,12,0,0,0
76501.20705942748,CASH_OUT,206136.26123718987,2,1477,15,0,0,0
16222.09212401905,CASH_OUT,335053.72467221745,3,1128,2,0,0,0
141409.44351988984,TRANSFER,244859.62692047498,4,735,3,0,1,0
6639.203107611319,PAYMENT,218542.932979713,1,258,15,0,0,0
104025.55311912374,TRANSFER,145128.3202179303,1,377,9,0,1,0
176920.0605080883,PAYMENT,191296.75725050227,3,1683,13,0,0,0
9749.281834062134,PAYMENT,174897.81539721394,5,1248,20,0,0,0
64018.591727670595,CASH_OUT,323093.59200744075,2,492,18,0,0,0
2055.972707536654,CASH_OUT,58009.25563956977,3,1995,4,0,1,0
25995.23782700057,CASH_IN,46318.184343903,7,1205,18,1,0,0
36312.7936279084,CASH_OUT,330006.49710423016,3,869,10,0,0,0
43451.90005579129,CASH_OUT,273149.0349394404,4,739,16,1,0,0
137394.6089939274,CASH_OUT,215100.0483713288,3,1021,6,0,0,0
55775.31266739928,PAYMENT,76221.44220395177,0,1030,3,0,0,0
32819.35453786589,TRANSFER,205513.55593465574,5,464,14,0,0,0
82951.11661685223,CASH_IN,394865.8816600058,7,1664,23,0,0,0
150322.2939453051,CASH_IN,444810.6178946285,2,149,3,0,0,1
1115.662396212134,TRANSFER,351288.2849821101,3,283,15,0,0,0
202338.53474649187,TRANSFER,29956.08794044041,4,1258,22,0,0,1
4503.464512965211,CASH_OUT,335204.88830055925,1,1017,18,0,0,0
84204.51143894019,CASH_OUT,120492.79477314728,6,391,1,0,0,0
16448.455459329532,CASH_OUT,157625.62151320252,3,1953,10,0,0,0
7088.528236200342,CASH_OUT,97936.60397999226,4,1943,18,0,0,0
28978.037112440357,CASH_OUT,387877.8953101023,2,1307,22,1,0,0
51635.12938618986,CASH_OUT,324301.0613186395,2,1724,13,0,0,0
23978.61072654757,TRANSFER,305917.5272995904,6,990,11,0,0,0
2805.5285894074264,CASH_IN,333986.304834638,5,315,18,0,0,0
45747.22438072682,TRANSFER,118386.1307019517,5,1605,9,0,0,0
116345.56764170989,CASH_IN,222322.2071626808,3,1291,7,0,0,0
24161.7684704589,TRANSFER,316626.8607744946,2,658,23,0,0,0
12188.540500236044,TRANSFER,318297.0138091502,1,1432,16,0,0,0
29221.576118598263,TRANSFER,395925.93137756526,2,1579,22,0,0,0
2478.5657895075933,CASH_OUT,143551.98334405528,3,585,7,0,0,0
85875.54531024689,CASH_OUT,385168.06084841123,2,761,8,0,0,0
87533.02920593065,CASH_IN,220092.24030846785,7,703,23,0,0,0
44336.65272312192,CASH_IN,335086.3460294674,2,196,13,0,0,0
21778.401088064515,CASH_OUT,227859.69003264338,3,673,14,0,0,0
80417.76604383907,CASH_OUT,474305.08489547163,2,1269,15,0,0,0
40448.896447186205,TRANSFER,89651.13237082223,2,1464,21,0,0,0
87415.55120494631,CASH_OUT,337502.5442911785,2,327,7,0,0,0
49910.137443194035,TRANSFER,288267.50038407947,3,1192,2,0,0,0
76717.79131143475,CASH_OUT,86365.5204738723,2,915,1,1,0,0
45635.23262969475,TRANSFER,33003.167905833965,5,884,0,1,1,1
26733.812456443928,CASH_OUT,399572.19448583183,2,1671,7,0,1,0
158439.8720715974,TRANSFER,78725.66682313259,3,1853,22,0,1,1
38947.654208016465,CASH_OUT,93253.34139288799,5,1176,5,0,0,0
46454.808449092474,TRANSFER,489217.11199451966,2,1359,10,1,0,0
12454.336677053621,CASH_IN,358630.4257383154,5,594,2,0,0,0
49128.30995511572,TRANSFER,125243.42080061123,4,1697,13,1,0,0
42385.78982519363,CASH_IN,295474.4800758006,7,1712,21,0,0,0
10218.445033475797,PAYMENT,267055.91920125665,3,1380,4,0,0,0
3071.812101437328,CASH_IN,422236.6337569238,4,1086,20,0,0,0
46362.4426328421,PAYMENT,364660.3739163122,2,619,19,0,0,0
72131.01899608107,PAYMENT,415860.5627465929,4,922,12,0,1,0
37054.02953920459,CASH_IN,105753.29398868122,1,874,20,0,0,0
12859.106393845701,CASH_OUT,320109.6021835026,4,483,4,0,0,0
54908.915646415466,TRANSFER,20120.42920919016,2,1688,4,0,0,0
4174.826788535746,CASH_IN,34470.30613961005,2,624,9,0,0,0
29154.917046590195,PAYMENT,356763.5163522986,1,1620,12,0,0,0
8918.474329972349,CASH_IN,12210.051321965675,5,1574,9,0,0,0
10195.182244455602,PAYMENT,289882.5044502546,3,219,7,1,1,0
11300.755336683302,CASH_IN,420202.549222265,3,1024,1,0,0,0
24445.628654586402,PAYMENT,189970.9042090143,2,1371,1,0,0,0
2625.238534351172,PAYMENT,22420.218419956396,2,912,21,0,0,0
25357.73855728796,TRANSFER,356923.7248143634,1,589,18,0,0,0
35842.02795680433,CASH_IN,464843.2262320754,3,1814,9,0,0,0
33014.08915541284,PAYMENT,358585.6960291339,2,375,14,0,1,0
24126.819898719314,PAYMENT,289223.6215013876,1,609,15,0,0,0
91363.0968994574,PAYMENT,115014.41493953002,0,1869,9,0,0,0
7851.798973052822,TRANSFER,7687.812022248497,1,889,9,0,0,0
35230.303557788415,CASH_OUT,347336.0542395266,2,1464,19,0,0,0
3202.4742744328523,CASH_IN,115513.08792214649,3,912,18,0,0,0
3690.7065521960812,TRANSFER,429081.33859117876,1,1364,3,0,0,0
42650.05377121246,CASH_OUT,233182.05941630565,3,1225,1,0,0,0
41737.65997207439,CASH_OUT,265317.7911862281,4,356,8,0,0,0
105200.4483715477,PAYMENT,376968.2721331834,7,1489,10,0,0,0
40807.98180319573,PAYMENT,389715.3039016716,6,1366,2,1,0,1
160683.24676437612,PAYMENT,321325.41654028406,3,1446,6,0,0,0
2496.019672895963,PAYMENT,469215.9077063715,4,383,5,0,0,0
5157.46393341898,TRANSFER,491149.21816020965,2,1044,0,0,0,0
2253.3130580002526,TRANSFER,473442.7221873084,5,293,11,0,0,0
10245.345855551026,CASH_OUT,412089.59267197177,4,725,17,0,0,0
38964.68595696304,PAYMENT,352812.6101221257,4,551,8,0,0,0
51862.52842440848,CASH_OUT,331662.9289408338,5,734,4,0,0,0
2332.842856698219,PAYMENT,51875.08846026695,6,1423,12,1,0,0
145911.61503671441,TRANSFER,135742.17340955624,2,997,17,0,0,0
92310.37408879372,TRANSFER,2844.1117646885173,3,285,14,0,0,0
17592.365228022987,CASH_IN,68704.93511699594,1,1098,14,0,0,0
4016.4619899309464,CASH_OUT,219614.7385845942,3,1732,5,0,1,0
9309.676554186964,PAYMENT,73268.27539453667,0,1355,6,1,0,0
6787.802624741864,CASH_OUT,450831.70733837894,3,1796,12,0,0,0
6578.595928071695,CASH_OUT,402849.592667641,1,814,11,0,0,0
36548.858681878635,TRANSFER,35805.956044759114,1,111,9,0,0,0
14108.03002648547,CASH_OUT,124456.85773363302,4,1279,21,0,0,0
22169.231298440147,PAYMENT,409535.9423057544,6,1024,0,0,0,0
227844.40461143086,TRANSFER,401523.06327993673,4,157,10,0,0,0
57650.40094108894,CASH_OUT,472725.2750588944,4,1424,15,0,0,0
148777.53202898803,CASH_OUT,498773.88080868014,2,1376,0,0,0,0
7690.002775422554,PAYMENT,488135.0316205609,1,873,17,0,0,0
24074.626721351444,PAYMENT,205068.99286072073,6,1243,10,0,0,0
40453.924455349435,TRANSFER,125164.22190101612,2,1633,8,1,0,0
3993.1978681562305,TRANSFER,379205.0952135312,1,705,13,0,0,0
209.81177611591673,PAYMENT,149636.4463720154,0,1062,10,0,0,0
55498.982722293156,PAYMENT,403200.18006566487,6,192,0,0,0,0
51335.913830304,CASH_OUT,266977.3651989622,1,992,10,0,0,0
26448.53013599927,PAYMENT,396963.6376174769,3,758,8,0,0,0
33632.3453271286,PAYMENT,137939.9398585052,2,1105,21,0,0,0
26845.04922951864,PAYMENT,254013.65777691043,1,147,1,0,0,0
1214.8930740427531,PAYMENT,282011.89680109103,2,1911,9,0,0,0
20426.360042939257,CASH_IN,471554.03386006603,3,130,2,0,0,0
9744.951455235421,CASH_OUT,133298.78841520863,3,653,12,0,0,0
5180.557284981379,CASH_IN,468344.11964244733,2,888,10,0,0,0
157003.73348319915,TRANSFER,402429.4577328579,4,441,17,0,0,0
45734.5662107091,PAYMENT,365447.02704334765,0,1879,13,0,0,0
65218.44689477539,CASH_OUT,393435.13459256256,1,496,4,0,0,0
18943.379691203736,TRANSFER,302712.52294002846,2,1717,7,0,0,0
24973.445263356512,PAYMENT,122040.00523124292,3,600,9,0,0,0
13519.88189223256,PAYMENT,94747.48441992636,2,1090,5,1,0,0
5099.735481909057,CASH_OUT,433170.71792519523,3,1157,14,1,0,0
9863.535276191766,TRANSFER,362569.7012979166,4,1801,7,0,0,0
79854.23771649213,CASH_OUT,106602.14138047452,1,1603,21,0,0,0
56589.70922056745,CASH_IN,307546.68293720076,5,950,3,0,0,0
39585.30795843907,CASH_IN,223773.24070711192,6,1023,23,0,0,0
32226.410872873563,CASH_OUT,79327.58498154696,4,44,8,0,0,0
127831.48745537638,CASH_IN,265928.5546785822,5,1197,4,0,1,0
3775.791477930543,CASH_IN,140759.54623320865,1,852,18,0,0,0
16466.94390801953,TRANSFER,48122.06207878578,8,279,16,0,0,0
21534.36553857897,PAYMENT,233479.1492727054,4,417,1,0,0,0
76260.7696668973,TRANSFER,295054.2760467809,3,311,12,0,0,0
244740.17579172464,PAYMENT,23453.205190575256,4,780,16,0,0,1
13765.974568914324,TRANSFER,201046.3747054984,3,1348,13,0,0,0
103695.77557225978,TRANSFER,128830.95991834265,4,1494,10,0,1,0
88781.34324463295,TRANSFER,15325.295353616208,7,1948,6,1,0,0
12722.513987642767,CASH_OUT,62831.2748057529,3,413,1,0,0,0
25485.693782618822,PAYMENT,69517.07940918878,4,76,2,0,0,0
26353.921845581684,TRANSFER,91437.12405898557,6,1527,10,0,0,0
191339.69282322004,TRANSFER,401688.78571896063,6,973,2,0,0,1
9976.9607645218,CASH_IN,219745.9332390696,6,633,0,0,0,0
80261.83029095837,TRANSFER,73542.99613519343,3,1742,18,1,0,0
20337.750546744755,TRANSFER,50148.48346394463,2,1218,13,0,0,0
65628.10147679964,CASH_IN,148970.22936451953,3,1091,16,0,0,0
27237.307427260843,CASH_IN,399007.75935222616,4,641,18,0,0,0
43180.14238904101,CASH_OUT,182229.92396982174,4,1115,18,0,0,0
89371.97269513216,TRANSFER,79948.68014696904,3,602,20,0,0,0
81524.2848016774,CASH_IN,202058.09077307995,1,743,18,0,0,0
100653.92812131745,TRANSFER,277655.77864352876,3,147,18,0,0,0
3073.4192931961084,TRANSFER,14792.091819006924,6,510,0,0,0,0
58890.98213629114,CASH_OUT,313820.90072008653,5,1061,10,0,0,0
7540.410580589976,CASH_OUT,197550.37650739466,2,1859,0,0,0,0
26877.183660043196,PAYMENT,4862.937565597192,4,1159,22,0,0,0
39768.78752250783,PAYMENT,336944.69947319047,0,321,6,0,0,0
25770.094340727694,CASH_IN,356193.8177813241,7,597,7,0,0,0
36658.02467038247,PAYMENT,314419.8942793414,4,1610,6,0,0,0
283126.87518027227,CASH_OUT,170965.10879921113,2,1871,14,0,0,0
7263.851666978774,CASH_OUT,264802.42703298054,0,561,15,0,0,0
56266.71492511433,CASH_IN,193578.85306671768,2,212,21,0,0,0
25209.13405123931,TRANSFER,350310.8650798472,1,959,7,0,0,0
7136.380217502092,TRANSFER,291790.09311684436,3,1667,9,0,0,0
8642.533183682655,CASH_IN,40899.556913724875,5,1928,3,0,0,0
149064.95301094168,TRANSFER,321546.7791094987,2,377,12,0,0,0
105847.4088672749,CASH_OUT,343619.20716890076,4,317,3,0,0,0
118780.35374513888,CASH_IN,185351.0903073497,3,233,18,0,0,0
238577.62743172565,CASH_IN,437892.8904798522,3,1766,23,0,0,0
11679.609309297986,CASH_OUT,421507.17742248136,7,1096,5,0,0,0
21959.31687349419,CASH_IN,87583.26194986893,4,364,15,0,0,0
55314.94222334932,TRANSFER,452133.15424293425,3,1450,23,0,0,0
33063.295600659534,TRANSFER,220436.18574753875,2,1055,23,0,1,0
27097.71783350867,CASH_IN,361874.82631714665,3,986,6,0,0,0
22143.65071763801,CASH_IN,407048.50348361797,2,1265,12,1,0,0
45043.09749440003,CASH_OUT,252556.21053484495,1,1963,2,0,0,0
42853.169423962354,CASH_OUT,199550.96968540785,4,711,20,0,0,0
8804.520582092211,CASH_OUT,457725.68430754915,2,172,17,0,0,0
31908.319232787973,TRANSFER,115426.7764677116,3,122,16,1,0,0
40312.633474358874,CASH_OUT,128485.03885957225,1,151,2,0,0,0
42231.87962065901,TRANSFER,180810.15700671854,1,754,19,0,0,0
11792.901497912002,CASH_OUT,429732.8889852828,2,423,3,0,0,0
67792.40778292903,TRANSFER,469394.132106538,1,1493,10,0,0,0
1276.1014326196362,CASH_OUT,110033.85737743093,3,914,17,0,0,0
21912.215353974534,PAYMENT,431935.07381562266,0,1309,18,1,0,0
75754.73921632272,CASH_OUT,129101.47973428466,4,279,7,1,0,0
41493.37359383612,TRANSFER,485320.623374944,6,1670,12,0,0,0
15133.859130711893,CASH_IN,298703.94599079114,5,855,17,0,0,0
59364.49035572362,PAYMENT,3543.233723691197,2,1283,21,0,0,0
41896.04160774717,CASH_OUT,17064.952035588944,4,498,0,0,0,0
79541.5081360898,CASH_OUT,73742.26540235424,0,1920,19,0,0,0
66406.02498692309,PAYMENT,93786.57890937835,1,521,16,0,0,0
47094.26506615993,TRANSFER,383809.5614132983,2,494,2,0,0,0
33488.886813008125,PAYMENT,111382.93820847495,5,1427,22,0,0,0
7146.319423761691,TRANSFER,484570.81002492993,2,1815,23,0,0,0
15145.404636634514,TRANSFER,318056.0286014691,3,137,6,0,0,0
27158.787331419077,TRANSFER,346258.75462675886,5,1115,22,0,0,0
45727.02409857454,PAYMENT,108908.25964260375,2,86,5,0,0,0
36047.285736315534,CASH_IN,446353.15704754234,1,792,14,0,0,0
16996.828341644225,CASH_OUT,333907.2864099657,1,988,6,0,0,0
324.2671116690151,TRANSFER,432202.81217093195,3,161,6,0,0,0
34282.68851098677,CASH_OUT,478240.5486156135,3,1131,11,0,0,0
16817.431412409147,TRANSFER,62820.48855479821,5,901,8,0,0,0
66327.4216899862,CASH_IN,48293.615134472835,1,1917,8,0,0,0
1211.8819004625182,TRANSFER,401703.91329481784,2,1944,10,0,0,0
43953.096614383416,CASH_IN,433063.02954708517,3,1471,9,0,0,0
141914.41185867114,PAYMENT,291880.7104389928,0,1853,9,0,0,0
9582.805450842117,CASH_IN,183000.2738752603,5,875,14,0,0,0
31899.76861234839,PAYMENT,326314.81803761184,2,1025,15,0,0,0
4793.726500940331,CASH_OUT,152832.03629622865,5,1215,7,0,0,0
49132.467053223816,CASH_OUT,119192.84607673409,2,995,12,0,0,0
39984.49535949602,TRANSFER,244072.60476363273,5,1861,8,1,0,0
26158.873418563344,CASH_OUT,108076.91380318985,4,576,13,0,0,0
36842.104634789954,TRANSFER,241851.80415758645,3,556,21,0,0,0
113445.26322154411,TRANSFER,478303.252731786,2,848,19,0,0,0
10926.106223277317,CASH_IN,419892.0178086952,2,1073,17,0,0,0
1141.1492965000414,TRANSFER,470815.45975001116,4,505,23,0,0,0
98903.80829046354,PAYMENT,403164.48742367927,3,1858,1,0,0,0
43032.99643822845,CASH_IN,177375.46797313835,5,1040,22,0,0,0
110663.94298015023,CASH_IN,406022.6192757795,1,1091,8,1,0,0
45434.14021101691,CASH_OUT,461457.871776607,3,1714,9,0,0,0
83078.9704168021,TRANSFER,473517.89391852723,1,1269,19,0,0,0
28077.30177683868,TRANSFER,341598.9253424985,3,39,10,0,0,0
69286.71215841587,TRANSFER,105683.32190755659,4,129,23,0,0,0
122116.19524350301,TRANSFER,19864.576682345425,5,1491,22,0,0,0
42445.97115474032,PAYMENT,73600.11408007788,7,1446,9,0,0,0
9970.444905313678,TRANSFER,482773.45894697274,2,755,18,0,0,0
15653.249856366387,TRANSFER,231048.4120963847,4,1991,0,0,0,0
11072.535305364734,CASH_IN,427493.00741602876,0,130,23,0,0,0
14175.009940727592,CASH_OUT,232522.07677914554,3,1965,13,0,0,0
18294.106395736868,TRANSFER,330408.7917299197,1,1416,8,0,0,0
40499.08432038345,PAYMENT,12070.388561166823,2,1333,4,0,0,0
44335.58065018187,CASH_OUT,124932.47135968339,2,1057,11,0,0,0
27799.845084185436,PAYMENT,218134.64002129462,3,1993,19,0,0,0
47780.27384912371,CASH_OUT,315315.52357708156,1,1683,17,1,0,0
4254.74757685511,CASH_IN,85760.59402658926,1,180,16,0,0,0
4594.155982650752,TRANSFER,382275.732135245,3,71,19,0,0,0
9426.809002664526,TRANSFER,182202.35306811865,1,1429,7,0,0,0
36498.598108739425,TRANSFER,408717.6346169422,2,991,0,0,0,0
12039.58582359604,CASH_OUT,48984.54519753365,4,1913,3,0,0,0
16653.80873313557,CASH_OUT,339878.293841186,1,1682,11,0,0,0
25567.357668028373,TRANSFER,146664.1666032551,1,48,15,0,0,0
83530.07316259138,TRANSFER,397691.58706130896,3,945,4,0,0,0
697.9556282118813,TRANSFER,201085.2135212053,2,1465,17,0,0,0
52402.44491350256,TRANSFER,332674.81613178324,1,1927,17,0,0,0
55263.197757751106,TRANSFER,467152.6343182367,1,1589,18,0,0,0
80136.96500504555,PAYMENT,10313.316006882178,1,1289,12,0,0,0
134969.09824771478,TRANSFER,5558.391167186815,2,1823,0,0,0,0
1017.1689702263214,CASH_OUT,385139.6260883567,1,534,7,0,0,0
8349.014240557615,PAYMENT,323196.52575403906,4,1060,0,0,1,0
108653.02700153756,CASH_IN,146489.86025221634,1,153,19,0,0,0
30672.324616451733,CASH_OUT,247198.3513871312,4,542,6,0,0,0
41573.43152448335,TRANSFER,20967.83279943437,5,1448,18,0,0,0
54387.65375510782,TRANSFER,96222.80268062039,3,1744,2,0,0,0
56826.08340109486,TRANSFER,212248.18726358374,5,729,20,0,0,0
134221.862202735,PAYMENT,417022.20811074117,1,700,17,0,0,0
289621.1347018033,CASH_OUT,239833.5914300424,5,1083,20,0,0,0
63676.4097232243,PAYMENT,293181.25226298935,3,106,17,0,0,0
16929.207902268365,CASH_OUT,436876.8959968902,3,949,23,0,0,0
105910.11738477791,TRANSFER,154409.45679442264,4,559,20,0,1,0
2523.6770260244766,PAYMENT,350349.660551028,2,215,5,0,0,0
13138.47276415242,TRANSFER,430833.6293391267,3,1514,19,0,0,0
113838.90749635237,CASH_OUT,101307.85034808837,2,532,13,0,0,0
14798.584458301168,CASH_IN,178239.08257391624,4,814,6,0,0,0
12464.819983522058,CASH_IN,489905.0869446776,3,331,10,0,0,0
7432.268527692112,PAYMENT,491609.28239810554,1,141,20,0,0,0
97989.41551541256,TRANSFER,111614.96514696894,3,48,4,0,0,0
34663.18528654564,CASH_OUT,33222.91944631406,4,1065,12,0,0,0
56180.0772322153,CASH_IN,135460.80565502643,0,1271,12,0,0,0
13660.457880636797,TRANSFER,198865.97865184364,3,1391,0,1,0,0
70949.22978741559,CASH_IN,220502.80046558185,2,1961,1,0,0,0
71356.97299578956,TRANSFER,309403.1536652118,3,335,17,0,0,0
18741.80206459728,TRANSFER,449751.3800657732,1,1031,3,0,0,0
26439.520851583853,CASH_IN,165174.00595358122,1,991,13,0,0,0
11766.517823414586,TRANSFER,424992.26774960425,4,433,4,0,0,0
187667.74861734075,CASH_OUT,46739.46046331345,3,547,15,1,0,1
51866.816594358155,CASH_OUT,20937.34948660736,5,1950,19,0,0,0
136318.76477177028,TRANSFER,252022.59156173063,2,1444,2,0,0,0
18076.158425404137,CASH_OUT,29831.111665302444,3,381,19,1,1,0
76137.99711270446,TRANSFER,196244.90061711508,2,340,13,0,0,0
72591.5130024136,TRANSFER,448389.0584346172,1,510,4,0,0,0
58826.90535499077,PAYMENT,120741.51810373667,3,1177,11,0,1,0
168541.61794382893,TRANSFER,352987.8875624516,1,906,12,0,0,0
25007.08965940357,CASH_IN,151182.69619503344,2,902,15,0,0,0
7004.345865100578,CASH_OUT,22460.027621067802,3,556,15,1,0,0
55692.72200237665,TRANSFER,278345.2907051547,3,892,18,0,0,0
65339.01436091264,CASH_OUT,417426.74526837585,2,1461,21,0,0,0
42790.432300046574,PAYMENT,204734.2241713097,4,314,3,0,0,0
11585.122037602505,CASH_IN,308646.91322904354,1,1903,12,0,1,0
35104.9506125729,PAYMENT,450011.79882886296,2,228,17,0,0,0
18712.112949002625,TRANSFER,394847.2563684939,4,1855,12,0,0,0
27884.203958921567,TRANSFER,96938.19969640966,1,1515,11,0,0,0
51812.66928682797,PAYMENT,366691.97968250286,3,1521,18,0,0,0
68366.71084061067,CASH_IN,250946.512580076,4,122,16,0,0,0
13212.907745905904,CASH_IN,372983.4039430423,4,578,9,0,0,0
25987.0423808171,TRANSFER,247257.77526110908,3,1991,6,0,0,0
15678.143550541638,CASH_IN,63979.082054151426,2,1757,20,0,0,0
11071.726492551059,CASH_OUT,284954.72334461956,3,124,13,0,0,0
76482.19716832733,CASH_OUT,246066.99619866995,1,432,6,0,0,0
119983.82485218566,CASH_OUT,258960.8668207209,0,1972,20,0,0,0
23120.203811650063,CASH_OUT,439451.22682293516,4,100,0,0,0,0
69571.1594296932,PAYMENT,447418.5233531257,2,1571,13,0,0,0
113649.0278736089,CASH_IN,226768.5533828592,1,788,2,0,0,0
93580.4781949586,PAYMENT,227866.02064004418,0,384,8,0,0,0
10094.389980158063,PAYMENT,257593.479436308,1,1018,10,0,0,0
156511.07082044258,TRANSFER,259794.63916712848,3,596,22,0,0,1
23634.47688789533,PAYMENT,475193.5720895563,4,1002,14,0,0,0
20718.279596100067,TRANSFER,324700.23368874675,2,836,22,0,0,0
3223.2636458293314,PAYMENT,138728.49744397198,2,1334,4,0,0,0
33293.49595318489,PAYMENT,265768.39847699495,1,127,18,1,0,0
5771.306646551917,PAYMENT,313611.79145399143,6,1136,3,0,1,0
14286.852989288443,TRANSFER,319885.86050698225,1,289,19,0,0,0
19058.820690720644,CASH_IN,292627.1131190913,2,1269,12,1,0,0
82728.64815043216,CASH_OUT,88868.07731076868,3,1854,5,0,0,0
104167.92028767936,TRANSFER,16796.59453975374,6,264,21,0,0,0
18010.223803736895,PAYMENT,168921.5261834272,2,351,6,0,0,0
97842.8346581652,TRANSFER,213761.07728012677,3,927,15,0,0,0
97326.34503980556,CASH_IN,30902.119788043303,1,427,7,0,0,0
72334.27746598925,TRANSFER,407483.66900992306,1,719,23,0,0,0
7931.918373443041,TRANSFER,172038.71875513688,1,1832,8,0,0,0
58611.24828976646,CASH_IN,456816.37308925233,4,1599,8,0,1,0
145042.98636628973,TRANSFER,77205.05392113258,9,1300,18,0,0,0
57370.24804786159,TRANSFER,28467.478468656715,5,1987,22,0,0,0
20144.684534963282,TRANSFER,241158.0521931609,3,249,18,0,0,0
34715.3243578947,CASH_OUT,94564.66841285332,2,964,20,0,1,0
51884.09768183779,PAYMENT,468699.6377889306,4,691,10,0,0,0
35725.733270672215,CASH_OUT,5151.699226869478,4,839,15,0,0,0
6388.994881696099,CASH_IN,206309.83752951748,1,1534,8,1,0,0
18702.976676938575,PAYMENT,463373.8856725841,4,771,14,0,0,0
81074.52027894015,CASH_OUT,192209.10336488418,2,1297,10,0,0,0
98814.67017064018,PAYMENT,46554.64030023038,5,1020,7,0,1,0
7384.415541095352,PAYMENT,151447.47143089355,4,470,2,0,0,0
152232.2122757454,CASH_OUT,249005.19691721673,3,747,13,0,0,0
19936.091101297752,CASH_OUT,92575.84367166655,1,1731,5,0,0,0
54281.90178299471,TRANSFER,233280.85257163094,1,1318,4,0,0,0
69681.08623132625,PAYMENT,418171.59789291874,5,1820,10,0,0,0
83551.36855348373,PAYMENT,436308.9850983065,1,885,9,0,0,0
145707.33988268426,TRANSFER,24630.367355366056,5,58,19,0,0,0
18765.19436995211,PAYMENT,80451.67902628674,3,994,10,0,0,0
97775.05890722909,PAYMENT,137645.06788340208,3,455,5,0,0,0
7060.145951758322,PAYMENT,297432.9254438009,5,857,7,0,0,0
61045.92989313401,PAYMENT,180497.37939623356,4,452,23,0,0,0
67735.46890363093,TRANSFER,422020.45672303776,3,1912,13,0,0,0
56617.23016105115,CASH_IN,358335.9341414688,2,485,12,0,0,0
14538.657989522824,PAYMENT,50228.01155675411,2,1369,2,0,0,0
103195.399526277,PAYMENT,312278.7512560456,2,1691,5,0,0,0
9247.75888878609,TRANSFER,56506.312673489214,5,1897,16,0,0,0
2756.3364477845607,CASH_OUT,127517.83481823004,3,677,0,0,0,0
63197.64045182417,TRANSFER,88935.31676711403,0,135,10,0,0,0
32263.177571104163,TRANSFER,86530.97460035248,1,1670,0,0,0,0
94556.23958741025,PAYMENT,308197.7623884296,2,178,13,0,1,0
24176.506345891867,TRANSFER,281802.46127708076,4,725,8,0,0,0
9212.886809469957,PAYMENT,88014.07639386343,1,1741,9,0,0,0
90529.43941290196,PAYMENT,495086.4027092159,0,1356,11,0,0,0
39804.37931239487,PAYMENT,210918.3661841469,4,806,20,0,0,0
10486.433748166777,CASH_OUT,48534.66407746832,4,107,22,1,0,0
63716.902029891266,CASH_IN,60284.50847755757,2,926,3,0,0,0
35781.260303149065,PAYMENT,291946.85686329735,2,852,17,1,0,0
46356.586970943914,PAYMENT,489534.7016917364,1,1340,10,0,0,0
30892.55569982458,TRANSFER,285975.55080959894,2,1901,21,0,0,0
88219.5659983044,TRANSFER,474520.7383083186,6,1028,15,0,0,0
88469.39419221181,CASH_OUT,222066.42537901338,1,120,17,1,0,0
61788.45313685549,TRANSFER,217920.551826006,2,424,6,0,0,0
5569.006383157988,CASH_OUT,250003.67965794113,3,351,19,0,1,0
91272.18178311618,TRANSFER,348712.7290777776,2,473,3,0,0,0
55586.84917512196,PAYMENT,183807.98322566634,4,60,1,0,0,0
59705.111622159864,TRANSFER,431943.0163394785,6,1231,8,1,0,0
22547.934281565507,TRANSFER,14640.692384073118,7,1369,11,0,0,0
105713.88939487412,CASH_IN,219882.09751422115,2,1013,18,0,0,0
64616.81843451471,CASH_OUT,255495.92498995893,3,1883,21,0,0,0
5972.434847280181,PAYMENT,303516.1191315481,9,1732,8,0,0,0
26193.68862448958,CASH_OUT,138035.95618293164,3,928,23,0,0,0
108744.94587831099,CASH_OUT,213739.98549291768,4,1933,22,0,0,0
2417.3399626215964,CASH_OUT,242268.87510702832,2,983,9,0,0,0
162746.68279520358,PAYMENT,343454.9893416066,5,1121,8,0,0,0
56841.036375050004,TRANSFER,386772.092367907,4,571,4,0,0,0
49898.903199275905,CASH_IN,368913.6636718936,1,1120,22,0,0,0
15773.85716130011,TRANSFER,170791.52614479265,4,1633,20,0,0,0
14303.62101447174,CASH_OUT,499725.2614959818,4,215,0,0,0,0
142415.82784253394,PAYMENT,424332.6558935897,3,106,15,0,0,0
17710.503086784236,CASH_OUT,130011.68657248447,1,210,22,0,0,0
74695.1582740636,PAYMENT,97552.90283641376,5,555,8,0,0,0
24971.358204079723,CASH_OUT,157010.62529169524,4,167,4,0,0,0
7497.795306042177,TRANSFER,226172.42649982244,3,1515,3,0,0,0
538.6559961795687,PAYMENT,425399.68915980693,6,1843,4,0,0,0
39291.348216237886,CASH_IN,389181.13189726725,2,732,3,0,0,0
186026.38810344442,TRANSFER,425623.061752938,4,602,13,0,0,0
23033.263889338017,PAYMENT,135978.55745516423,5,203,7,0,0,0
22095.485961504994,CASH_OUT,296730.6112259181,1,322,12,0,0,0
21086.70805737301,PAYMENT,141624.53113868722,0,818,20,0,0,0
36755.14058943361,PAYMENT,54511.58035974657,6,1440,10,0,0,0
29050.324623568602,CASH_OUT,342098.87173734035,4,1456,20,0,0,0
105977.61726074084,TRANSFER,71498.77559771939,4,1853,20,0,0,0
35212.50873778918,CASH_OUT,333848.8808532357,4,236,22,0,0,0
35439.224238810304,TRANSFER,323982.15245270455,1,283,13,0,0,0
7446.559281230722,CASH_OUT,405124.2222120085,2,821,9,1,0,0
202966.84976046614,PAYMENT,69777.30228178219,5,998,6,0,0,1
14382.296379839348,CASH_IN,391740.07425440545,5,1383,18,0,0,0
3809.726391944544,CASH_OUT,499638.2629731185,3,1997,16,0,0,0
54405.320802180504,TRANSFER,425521.2242929511,6,1405,23,0,0,0
45238.66194801906,TRANSFER,375906.0381638331,3,1879,3,0,1,0
26819.62219677111,CASH_IN,331082.6773473538,4,453,19,0,0,0
27425.702509846007,TRANSFER,210890.74234271472,0,1188,13,0,0,0
76870.73011258613,TRANSFER,365250.08394580113,1,587,22,0,0,0
10889.933042426637,TRANSFER,362089.0175702266,2,399,11,1,0,0
85810.33733894641,CASH_OUT,315749.1413436441,2,155,10,0,0,0
52312.44208494754,CASH_OUT,398139.18914891424,7,1452,22,1,0,0
27147.62495037951,TRANSFER,224381.94421341733,3,1545,23,0,0,0
30627.103853078992,CASH_OUT,60626.356066195316,3,754,0,0,0,0
14829.226243266203,TRANSFER,279533.8638046187,2,1127,8,0,0,0
69739.38290292368,TRANSFER,132521.7643556713,6,116,0,0,0,0
35961.69931559463,TRANSFER,192216.5487145751,2,1570,9,0,0,0
19345.997580578914,CASH_OUT,8707.451970613012,5,270,10,0,0,0
45323.22288144664,CASH_IN,191395.29395894168,2,1752,4,0,1,0
272859.2315316911,CASH_IN,404400.5530677273,4,1303,8,0,0,0
28569.693369842636,CASH_OUT,271361.1834691274,5,739,2,0,0,0
126720.43585554833,TRANSFER,4900.2634669855215,2,51,1,0,0,0
21157.28767429429,PAYMENT,234921.91011992365,3,57,17,0,0,0
2814.377083401599,CASH_OUT,145725.8238227037,1,1491,13,0,0,0
11423.014656553134,TRANSFER,238775.32769858555,3,48,22,0,0,0
27123.997473157786,CASH_OUT,202346.36072393853,3,1166,4,0,0,0
12399.671426590303,CASH_IN,465989.60977869073,2,1579,23,0,0,0
11.353199766673677,CASH_IN,20588.649481507902,3,1229,13,0,0,0
123256.10569014234,TRANSFER,341794.0056409661,0,1956,4,0,0,0
92856.32827085459,TRANSFER,425513.2981508707,2,236,1,0,0,0
67796.45081047453,CASH_IN,479619.2923252377,6,957,6,0,0,0
9185.00106074339,CASH_IN,88818.11327214795,1,691,22,0,0,0
6412.330583295656,CASH_IN,265652.400983097,3,331,17,0,0,0
3499.923282386663,CASH_OUT,21794.788658605958,4,882,15,0,0,0
64373.00876406098,CASH_OUT,249591.76222754427,3,752,21,0,0,0
132118.71371146207,PAYMENT,62729.04477049096,1,540,4,0,0,0
28152.96984773289,TRANSFER,418948.33734935673,3,682,19,0,0,0
6342.866944466449,CASH_OUT,56935.001302682416,0,307,11,0,0,0
35912.257890014225,CASH_OUT,256644.18019324765,4,167,12,0,0,0
21449.373171720083,CASH_IN,260548.03449637687,2,395,7,1,1,0
23486.177371615257,CASH_IN,485825.2489658027,2,534,13,0,0,0
48554.590693818245,TRANSFER,327490.34701944405,2,1097,23,0,0,0
63419.89784111247,CASH_IN,143920.14653840096,2,309,4,0,0,0
5860.61236596752,TRANSFER,120399.65496906923,5,1496,3,0,0,0
1811.9501455745992,PAYMENT,64124.10282253245,3,475,8,0,0,0
258630.97731957008,TRANSFER,378257.3620245298,3,1125,14,0,0,0
13245.718340327208,CASH_OUT,345378.3280911693,2,485,13,1,0,0
2766.678841507926,TRANSFER,304938.56365405297,2,142,4,1,0,1
10528.356423145457,TRANSFER,20420.22147499417,0,1748,14,0,0,0
1986.8503306108905,TRANSFER,381414.4331971472,3,462,3,0,0,0
24863.470839257832,CASH_OUT,320943.7885742396,4,260,17,0,0,0
81075.97621666282,CASH_IN,481944.4340552442,4,591,21,0,0,0
20870.137687341685,CASH_OUT,293601.06493840605,3,944,4,1,0,1
29365.84538182011,CASH_OUT,151975.95333085407,3,263,21,0,0,0
56286.85927925503,TRANSFER,190760.27609466013,1,599,16,1,0,0
35554.77156091545,TRANSFER,87920.35268911625,4,1662,21,0,0,0
98824.6435769033,TRANSFER,361457.0911006926,3,1741,20,0,0,0
100509.08730809612,PAYMENT,353860.8300108627,3,770,13,0,0,0
498.0066673638775,TRANSFER,100325.00773883812,4,1914,22,1,0,0
75264.32533147345,PAYMENT,79244.6615911393,3,1917,16,0,0,0
30877.279100668587,PAYMENT,38502.466601097294,3,101,18,0,0,0
224773.39135588927,CASH_OUT,455987.8718408793,4,893,12,0,0,0
33008.069738118764,TRANSFER,116534.91684742556,1,937,12,0,0,0
216741.67921601966,CASH_IN,172081.76337590197,1,1139,12,0,0,0
70237.04510181924,CASH_OUT,140252.2541887453,5,1969,1,0,0,0
14291.182327326565,TRANSFER,206812.30130539552,0,1226,14,0,0,0
38652.28435430209,CASH_IN,357024.3996912417,6,55,21,0,1,0
242270.70263269305,TRANSFER,435297.81686314224,2,622,0,0,0,0
97431.4046792972,TRANSFER,91299.37476427008,4,903,14,0,0,0
5121.955677309854,CASH_IN,343206.17187058256,1,1468,15,0,0,0
61272.08040387446,CASH_OUT,176281.0711212426,8,111,10,0,0,0
21200.264949748576,CASH_OUT,490263.5841486464,1,1624,2,0,0,0
350.3375967362231,CASH_IN,149459.57964203844,7,1696,19,1,0,0
25832.206677789116,CASH_IN,3596.4780039299817,1,1839,21,0,0,0
13377.923965883423,TRANSFER,257819.9870099226,0,881,20,0,0,0
85426.81230521889,TRANSFER,75365.54213796886,1,401,13,0,0,0
20573.953452121445,PAYMENT,22247.21340919955,5,946,20,0,0,0
87874.77040994844,PAYMENT,349134.61597385426,2,1494,4,0,0,0
29.905883575644282,CASH_OUT,366129.64125422825,3,1536,16,0,0,0
18395.400680797124,CASH_OUT,230349.50655825125,4,1299,23,0,0,0
13798.559947031106,TRANSFER,338442.75837828865,5,1607,1,0,0,0
13300.42329500564,CASH_IN,269119.72412356694,3,347,21,0,0,0
3531.136007313142,CASH_IN,314900.5538609658,2,776,6,0,0,0
10358.851762558428,CASH_IN,298351.9865939806,2,59,9,0,0,0
40545.837427483144,CASH_IN,332911.3820277962,2,90,9,0,1,0
17220.45763737056,TRANSFER,99815.32433658563,4,1857,19,0,0,0
27012.273932976783,TRANSFER,134353.3100183501,2,596,7,0,0,0
23649.755390741215,PAYMENT,219981.574753846,5,289,0,0,0,0
104335.36366477671,PAYMENT,223064.0047095932,4,812,15,0,1,0
117851.53543676272,TRANSFER,387205.8557934521,2,653,8,0,0,0
33957.97052316041,CASH_OUT,183696.82961476603,0,1252,15,0,0,0
20035.517767770354,CASH_IN,81252.57802959118,6,125,19,0,1,0
5647.27735982155,TRANSFER,125732.98524553794,8,1662,14,0,0,0
153310.82645374595,TRANSFER,107366.7511921142,3,1878,8,0,0,1
3105.8431806089416,PAYMENT,365830.009628011,2,348,11,0,0,0
17666.190945233524,PAYMENT,235169.80731299103,2,874,1,0,1,0
17695.809153208516,CASH_OUT,354315.3489854917,2,1373,9,0,1,0
19312.639084102637,PAYMENT,208109.84037881347,1,1198,23,0,0,0
8973.491936835555,CASH_OUT,444867.8012519526,0,850,20,0,0,0
76430.10617979016,CASH_OUT,491760.15386136726,4,1557,22,0,0,0
6533.794356954463,TRANSFER,334921.25435130583,3,1221,15,0,0,0
50380.11148725333,PAYMENT,431906.2786181094,2,771,4,0,0,0
6610.671744528562,CASH_IN,253966.63358603133,7,99,12,0,0,0
3657.3406580656706,PAYMENT,467310.42017695395,7,1180,21,0,0,0
120081.3383357463,CASH_IN,415793.242836414,0,536,6,0,0,0
10544.000735833899,CASH_OUT,495889.28588301956,4,1103,8,0,0,0
86088.39810390341,CASH_OUT,311546.8676638903,2,865,21,0,0,0
39332.345832133426,TRANSFER,389603.3701341143,2,1324,16,1,0,0
4052.7224443641235,CASH_OUT,271434.06998910673,5,1125,16,0,0,0
155555.1264830941,PAYMENT,129560.05213571142,1,1471,16,0,0,1
14181.92407260406,PAYMENT,177377.58556487886,2,787,4,1,0,0
98179.14060771103,CASH_IN,447002.7073656581,3,1296,5,0,0,0
9244.843851385584,CASH_OUT,27973.973299310284,2,1979,5,0,0,0
96187.87577866015,TRANSFER,295739.9430372041,3,1524,8,0,0,0
665.8546538187223,TRANSFER,186242.01625205434,3,998,9,0,0,0
35849.50451087789,CASH_OUT,193346.26900277784,3,1461,16,0,0,0
73362.76672151887,TRANSFER,442285.60320688365,4,1161,2,0,0,0
136511.35311510126,TRANSFER,426911.1872731133,0,549,19,0,0,0
119955.97600774017,TRANSFER,299421.1877862343,1,470,8,0,0,0
85635.82693298919,TRANSFER,136459.42370216697,5,1423,0,0,0,0
109548.31739603526,CASH_OUT,237728.173081012,5,1846,23,0,0,0
11108.431699845903,TRANSFER,204146.696894608,3,1258,18,0,0,0
16716.627069951086,TRANSFER,176809.01460124765,5,1983,13,0,0,0
17051.929070598755,CASH_OUT,51392.78927864821,3,310,7,0,0,0
23664.76652788393,TRANSFER,271556.9433576602,3,1071,17,0,0,0
24987.745740289818,CASH_OUT,150915.6489372418,3,1126,5,0,0,0
39324.05144174518,TRANSFER,330403.9714637642,6,1251,1,0,0,0
8710.512926934542,CASH_OUT,159601.96791276537,3,1579,6,0,0,0
58760.6292773439,TRANSFER,215581.74656740087,6,1443,5,0,0,0
9170.099370718935,PAYMENT,26180.187097203765,1,1519,10,0,0,0
18575.542843636158,PAYMENT,496269.03495273885,6,1156,22,0,0,0
34992.99609455716,PAYMENT,253805.1916375879,2,247,9,0,1,0
79589.86178905575,TRANSFER,12118.797082086408,3,1857,21,1,0,0
67251.7159096781,TRANSFER,270615.329380572,3,1089,10,0,0,0
51857.19264139445,PAYMENT,435176.99965282483,0,1256,7,0,0,0
8466.708593202988,TRANSFER,386276.0671331013,4,687,12,0,0,0
39598.162960307585,PAYMENT,350453.34206472704,2,44,5,0,0,0
4575.428353977252,TRANSFER,69732.32729951745,2,797,9,0,1,0
23689.59392421717,TRANSFER,328868.53949373617,3,1019,17,0,0,0
26680.539796170637,PAYMENT,383149.18900613015,2,1030,14,0,0,0
2031.2798281795017,CASH_OUT,286209.5319827483,4,374,4,0,0,0
16009.443618852378,TRANSFER,446374.50226017577,3,301,10,0,0,0
155781.52791345702,CASH_OUT,138494.89089244272,3,105,20,0,0,0
153557.9410874071,TRANSFER,121072.34986962528,6,43,3,0,0,0
21718.47116966015,CASH_OUT,434784.872471323,7,1612,12,0,0,0
2202.825002621114,TRANSFER,312699.1214957262,4,1747,14,0,0,0
9867.390743107393,PAYMENT,723.610260499663,3,87,1,0,0,0
24896.93370368215,PAYMENT,176565.70425552625,3,746,6,0,0,0
147614.19659569103,TRANSFER,428927.99290733726,5,1051,5,0,0,0
7610.906127316141,CASH_IN,13659.755820871644,3,1284,18,0,0,0
72093.7032774414,TRANSFER,1623.9641307544405,0,1723,14,0,0,0
5752.730898596464,TRANSFER,140629.64526256488,2,513,22,0,0,0
198848.28678910108,PAYMENT,457000.0185046389,1,1355,23,0,0,0
24032.32311918166,PAYMENT,450738.79073500814,1,1581,13,0,0,0
74634.89077781294,PAYMENT,259380.97290075396,3,1182,15,0,0,0
20972.45267582794,CASH_OUT,276618.4355698113,4,710,19,0,0,0
49398.58527310383,TRANSFER,166004.00565859443,2,1786,23,0,0,0
10660.656375783343,CASH_IN,121868.33101390493,2,1942,21,0,0,0
7892.434912818771,TRANSFER,407610.9271060591,5,824,20,0,0,0
139082.7969287196,PAYMENT,53147.43024982072,2,234,23,0,0,0
124837.18838533311,TRANSFER,243677.18543931787,5,91,21,0,0,0
109226.30042230313,PAYMENT,317198.6297485422,6,1006,9,1,0,0
49099.28943261175,CASH_OUT,51840.14518551461,1,953,23,0,0,0
82582.89084967905,TRANSFER,259803.5477361731,4,433,5,0,0,0
3576.783847021495,CASH_OUT,288760.6439562216,1,84,14,0,0,0
20382.55291967881,PAYMENT,371248.0302536824,2,336,3,0,0,0
18822.249106318526,PAYMENT,117418.02457376644,1,658,1,0,0,0
50481.37477576721,CASH_OUT,146663.75164537915,5,1122,18,0,0,0
21999.549294118882,PAYMENT,284760.5733165167,2,1909,6,0,0,0
8038.187163035273,TRANSFER,491563.2049908071,3,230,10,0,0,0
45374.859855645394,CASH_OUT,108746.59141005721,5,126,21,1,1,0
84203.7414028252,TRANSFER,492951.91356173204,4,447,14,1,0,0
24073.33353581117,CASH_OUT,357171.26652724063,4,779,21,0,0,0
7093.659592899565,TRANSFER,413041.0348150116,1,440,15,0,0,0
10950.617157946794,TRANSFER,44820.63411816961,4,642,4,0,0,0
13556.543794021753,PAYMENT,150210.09371531612,3,638,8,0,0,0
17826.432945840843,PAYMENT,28868.139825490525,2,1421,0,0,0,0
51472.28148503714,PAYMENT,185773.4975015876,5,323,12,0,0,0
45932.862059702646,CASH_OUT,490644.82996002596,3,314,2,1,0,0
59549.51573057113,CASH_IN,52636.53110316924,2,832,4,0,1,1
22510.205747250504,PAYMENT,281186.3911855997,3,1329,22,1,0,0
86862.89712209757,CASH_OUT,3035.3114069061603,3,1712,13,0,0,0
11413.311314114351,PAYMENT,356341.40802203136,4,1442,4,0,0,0
31653.49990034905,CASH_OUT,98596.34618602053,2,310,19,0,1,0
80707.12848531731,TRANSFER,64792.26856238146,5,634,13,0,0,0
9932.221514339053,TRANSFER,168508.90608039382,7,1335,20,0,0,0
5819.001164852889,TRANSFER,385522.1489694908,5,907,0,1,1,1
107572.21879443219,CASH_IN,53306.5431556054,3,223,10,0,0,0
20998.210401133296,TRANSFER,114919.49789934768,4,730,4,0,0,0
57580.10763540457,CASH_OUT,4232.210808654769,6,940,2,0,0,0
1283.770737638887,CASH_IN,484207.43134780903,2,1181,9,0,0,0
58566.712293826604,CASH_IN,296072.7999944319,3,586,21,0,0,0
18997.274431331454,PAYMENT,359949.81819234975,2,1827,8,0,0,0
2867.7315502696183,TRANSFER,325691.5855780073,3,727,14,0,0,0
47056.4278237165,CASH_OUT,72182.27943483718,1,1950,5,0,0,0
13774.752906947655,PAYMENT,297469.9694969971,3,1894,21,0,0,0
24453.797115747515,CASH_OUT,65707.79757063105,4,72,5,0,0,0
4200.656300335847,CASH_OUT,200618.22698156396,1,1837,22,0,0,0
7959.35672216736,TRANSFER,284481.5679626465,0,43,21,0,0,0
17689.47237067529,CASH_OUT,279440.55705107795,4,1127,7,1,0,0
4702.321464483384,CASH_OUT,59536.71299137048,3,48,1,0,0,0
120858.43649551245,TRANSFER,17217.98482326109,2,80,23,0,0,0
303.2700296193671,CASH_OUT,399117.1569369069,5,1445,3,0,0,0
33068.882825591274,CASH_OUT,362961.2184980027,2,333,1,0,0,0
6576.524538653421,CASH_OUT,40909.45228236903,3,1705,8,0,0,0
18385.284366564465,CASH_OUT,63707.75940077672,4,739,4,0,0,0
130224.76861313057,PAYMENT,446291.88819481013,1,320,18,0,0,0
8818.637500620278,PAYMENT,384564.45081088995,2,1251,18,0,0,0
168823.75513656627,TRANSFER,498080.1481083371,0,1571,8,0,0,0
11520.644010807304,TRANSFER,126993.72460251085,5,384,4,0,1,1
67655.76782451039,CASH_OUT,243901.49443440745,2,1289,15,1,0,0
39557.54838216908,CASH_OUT,118229.78803117784,5,296,6,0,0,0
107915.0294663645,CASH_OUT,311400.06923865486,3,1304,1,0,1,0
40371.060244306136,TRANSFER,57707.11954565899,2,1987,13,0,0,0
38238.52032951791,PAYMENT,63621.58637151655,2,1912,21,1,0,0
10874.105401548079,PAYMENT,35943.94570256132,2,1591,0,0,0,0
9089.84644486146,TRANSFER,346793.04113208345,5,953,7,0,0,0
124138.93644023844,CASH_OUT,247036.2887166034,2,1637,16,0,0,0
19862.80959599893,PAYMENT,308865.60817731504,4,118,18,0,0,0
23267.305016637416,TRANSFER,439650.5232946795,2,1136,5,0,0,0
71319.09344466029,PAYMENT,370164.24237767933,3,1871,13,0,0,0
20686.72142609829,TRANSFER,230861.4590833455,4,1591,7,0,0,0
151892.8043359221,PAYMENT,492177.9941971132,1,1993,10,0,0,1
66956.7561186252,CASH_IN,228128.0505709866,3,1836,13,0,0,0
45494.220136248834,CASH_IN,56225.336616766595,2,1540,9,0,0,0
106387.55849505417,TRANSFER,496327.373626358,4,489,16,0,0,0
2543.92735453842,TRANSFER,11410.36500742365,4,1333,11,0,0,0
14857.180746479342,CASH_OUT,274941.7797438761,3,874,3,1,0,0
31277.822441201362,CASH_IN,154547.74434985462,4,216,18,0,0,0
12872.423406502643,TRANSFER,251776.07550849242,1,1878,16,0,0,0
68110.37704843597,CASH_OUT,279356.4762972608,2,1454,4,0,0,0
125793.88563121465,TRANSFER,120047.9481392438,5,1646,23,0,0,0
27562.430028113016,CASH_OUT,278429.3778686309,2,520,13,0,0,0
20937.594394579035,TRANSFER,378030.55600276875,2,1694,6,0,0,0
162920.78122504405,TRANSFER,133254.91862199918,2,168,2,0,0,1
29426.06568900544,TRANSFER,191713.06665695354,3,305,4,0,0,0
33574.02051931337,CASH_OUT,134121.34658202896,2,1596,4,1,0,0
21666.220404518965,CASH_IN,410279.86549410125,0,1801,7,1,1,0
120147.05925810723,PAYMENT,362491.12960479833,5,640,21,0,0,0
42077.19535815295,PAYMENT,435598.21860920364,3,1220,2,0,0,0
71810.92170419446,TRANSFER,85024.94645082964,4,476,22,0,0,0
83514.2875200245,PAYMENT,36789.81907987577,0,1059,0,1,0,1
20916.047719541602,TRANSFER,59691.75192933668,2,384,1,0,0,0
28431.064794156468,CASH_OUT,80509.1664121182,2,825,6,0,0,0
94349.16819182005,CASH_OUT,266541.3303374012,2,976,14,0,0,0
22569.328491566295,TRANSFER,485456.03518138244,3,1106,13,0,0,0
78978.21368013676,CASH_OUT,178617.708308391,4,1169,12,1,0,0
141504.38588425273,CASH_IN,479254.1346801026,3,1030,11,0,0,0
48803.41330162804,CASH_OUT,19100.39749458986,4,1353,17,0,0,0
67667.60571219643,TRANSFER,463436.10140732914,0,1118,1,0,1,0
81762.74405433673,TRANSFER,90576.30365248559,2,1261,6,0,0,0
93229.29970591488,TRANSFER,456237.4928596744,2,1806,9,0,1,0
25130.749329227052,TRANSFER,28113.71505773058,2,138,19,0,0,0
2631.2068296341827,CASH_OUT,474109.7237475163,2,1833,22,0,0,0
25697.88210734282,PAYMENT,100399.13215943042,3,185,9,0,0,0
56005.520782559746,TRANSFER,151357.03003658034,6,1821,5,0,0,0
29923.7134411888,TRANSFER,245471.17205147905,6,1042,3,0,0,0
69107.77706523328,PAYMENT,190360.4406177376,1,613,7,0,0,0
22079.161462632143,CASH_IN,333763.98463157495,2,993,12,0,0,0
50357.85938485179,PAYMENT,487403.88362503867,4,1788,4,1,0,1
10315.538839664776,PAYMENT,303213.24540247035,6,790,7,0,0,0
69188.76416211574,TRANSFER,360742.70471827465,4,1163,7,0,0,0
39449.431642658354,TRANSFER,44002.62515285075,4,59,8,0,0,0
11411.849327172886,PAYMENT,313906.21453500265,5,1044,13,0,1,0
17259.286599836072,CASH_IN,226924.88852320658,2,1472,10,0,0,0
69037.2311883699,CASH_OUT,442891.1789598142,5,1443,22,0,1,0
32947.06987231407,TRANSFER,194105.549821551,3,387,9,1,0,0
12169.31809890208,PAYMENT,339727.07202495955,3,626,6,0,0,0
170974.97802627043,TRANSFER,114076.86412953955,2,1595,12,0,0,0
62785.243048987075,TRANSFER,129686.26676209799,1,1434,21,1,0,0
157484.78650852593,TRANSFER,188061.2154611368,4,877,8,1,0,1
27852.645215486184,PAYMENT,152031.76875325135,4,1884,7,0,0,0
32227.40798921673,CASH_IN,126939.41969503742,5,805,16,0,1,0
114117.17525227879,TRANSFER,24834.35295040465,2,760,23,0,0,0
37227.2177271802,CASH_OUT,418373.1658762295,4,1181,13,0,0,0
61426.752054665034,CASH_OUT,32150.76544564216,3,318,17,0,0,0
14529.17236831758,CASH_OUT,443682.7578014838,2,1864,8,0,0,0
29595.13840544568,TRANSFER,62732.69453403013,3,1129,21,0,0,0
6588.068904692833,TRANSFER,32630.868531329517,3,328,20,0,0,0
11532.333715965668,CASH_OUT,281502.3819903486,1,1610,22,0,0,0
47.19302819514585,PAYMENT,251220.8962873609,5,775,14,0,0,0
2002.83581105462,PAYMENT,245617.28441594256,3,1809,15,0,0,0
189233.89864606172,CASH_OUT,287252.1637506989,2,500,19,0,1,1
13876.930925721454,TRANSFER,143528.30305957785,5,779,8,0,0,0
54429.73802898314,CASH_IN,331474.6367148056,0,1540,9,0,0,0
91348.51765064849,TRANSFER,251201.10985359162,1,523,13,0,0,0
39998.823075899825,PAYMENT,167371.73347866265,1,144,11,1,0,0
8311.260055428344,TRANSFER,413250.3334903641,1,1424,7,0,0,0
65119.06913898305,PAYMENT,363860.54816335504,3,1502,16,0,0,0
45845.97273639555,PAYMENT,196805.170972311,3,1956,16,0,0,0
65698.79462315672,PAYMENT,423808.8926144364,7,193,18,1,0,0
73428.74683334661,CASH_IN,460129.1250558871,3,822,23,0,0,0
185271.51877392395,CASH_IN,268433.1335421812,3,242,23,1,0,1
42614.56467891167,TRANSFER,107476.22507846038,5,322,17,0,0,0
20900.253745108897,CASH_OUT,457896.07827349345,2,1174,12,0,0,0
52272.23694802878,TRANSFER,94739.81004775861,0,425,16,0,0,0
3544.7720063107563,PAYMENT,24211.613208634575,2,1981,3,0,0,0
113844.56046852656,PAYMENT,163743.50443656545,3,1998,17,1,1,1
6356.511128522883,CASH_OUT,363483.1722305199,2,451,20,0,0,0
19863.154680455147,CASH_OUT,461637.04317677475,5,1621,22,1,0,0
84571.83384991586,PAYMENT,318642.82340721996,5,1133,9,0,0,0
45479.70749700628,CASH_OUT,475919.27348333003,0,1929,9,0,0,0
25013.70110125041,TRANSFER,46185.41963794831,2,1434,4,0,0,0
32069.087522927224,PAYMENT,30376.864794010027,4,311,0,0,0,0
96395.24859532234,TRANSFER,302095.975371832,2,598,13,0,0,0
20776.104476451936,CASH_OUT,483058.1612463774,3,939,9,0,0,0
101876.4860296911,CASH_OUT,251360.654477362,0,469,4,0,0,0
4613.135107966414,CASH_OUT,25757.612969652564,5,355,21,0,0,0
74984.00233730233,CASH_OUT,110609.32803872808,4,326,8,1,0,0
94045.15398126733,TRANSFER,122396.45320788534,1,80,16,0,0,0
10033.502446510933,TRANSFER,168928.564568475,5,497,18,0,0,0
28136.352728059188,CASH_OUT,21801.691793106314,3,1504,4,0,0,0
9046.113292735316,CASH_OUT,452446.3502489581,3,530,0,0,0,0
61311.62431452706,CASH_OUT,257781.97236074763,4,904,6,0,0,0
38323.302075369786,CASH_IN,335465.3964770545,3,553,0,0,0,0
50437.209970856165,TRANSFER,33586.41844750448,4,126,9,0,0,0
10938.093679768639,CASH_IN,27057.7339018247,3,974,2,1,0,0
11896.73655168473,PAYMENT,293233.8860202736,4,1674,16,0,0,0
2119.14631066632,TRANSFER,443648.005252104,2,798,22,0,0,0
19435.38027181601,PAYMENT,264241.0004797735,4,688,9,0,0,0
41020.02026184067,CASH_OUT,438909.5862850357,4,1759,8,0,0,0
97573.49871303201,PAYMENT,405495.6365276197,3,471,8,0,0,0
54969.746861682775,CASH_OUT,37926.89289746038,4,372,10,0,0,0
28581.562565835076,PAYMENT,100978.73719284494,2,1290,12,0,0,0
153008.3286932174,CASH_OUT,328855.33457767125,4,613,8,0,0,0
63513.67952496542,PAYMENT,221750.69127502077,0,1279,20,0,0,0
133081.14335561378,CASH_OUT,145349.90682346027,4,155,11,0,0,0
37495.18681013277,CASH_IN,209316.92802398955,4,1313,6,0,0,0
14981.273910731716,TRANSFER,222599.8231353172,4,933,21,0,0,0
2713.6594599265472,PAYMENT,455276.12541079824,3,568,21,0,0,0
64746.84487511171,TRANSFER,51729.14185247651,3,1591,2,0,1,0
6465.757417544264,TRANSFER,139865.3734038075,5,382,11,0,0,0
18032.364611878846,PAYMENT,268782.408291357,1,840,12,0,0,0
38014.68515320969,CASH_IN,349143.4633152958,2,1669,21,0,0,0
41553.44844754279,CASH_OUT,315318.64447962184,6,906,9,0,0,0
45887.48941236248,CASH_IN,470821.36886869726,10,69,5,0,0,0
9091.403749788478,PAYMENT,397804.4624097366,3,1743,20,0,0,0
23880.617500038115,PAYMENT,278538.4209872151,4,480,19,0,0,0
48011.37694201848,TRANSFER,107341.34583675375,4,742,4,0,1,0
175026.91032642315,TRANSFER,225437.1157011199,2,231,22,0,0,0
65029.90099882648,CASH_IN,346691.12209723867,3,570,12,0,0,0
127940.85204151129,TRANSFER,418981.0874180425,3,1394,19,1,0,0
71818.80019041758,TRANSFER,479868.1122111937,1,1300,19,0,0,0
44789.732069203434,CASH_OUT,302726.3830689588,3,1170,8,1,0,0
10661.107153887137,CASH_OUT,263459.6836522162,5,411,8,0,0,0
54933.46229838425,PAYMENT,8845.961560574156,2,1991,6,0,0,0
48825.870248184605,PAYMENT,36049.53457508997,1,271,6,0,0,0
46124.13946485956,TRANSFER,78052.49881870013,4,1839,0,0,0,0
33646.23873466977,CASH_OUT,27379.96559481404,3,1390,17,0,0,0
37608.41860176812,TRANSFER,200431.61940246323,3,276,11,0,0,0
20356.51422110911,TRANSFER,168439.27256943609,0,1714,13,0,0,0
36626.91544645326,TRANSFER,318677.07893419644,2,992,14,0,0,0
11004.654540075027,CASH_IN,267832.5539667014,0,1883,2,0,0,0
81782.52330108547,PAYMENT,297985.37969392986,1,1464,2,0,0,0
10276.046954361122,CASH_OUT,235988.60146882705,2,125,18,0,0,0
4439.718636719816,CASH_IN,138868.57427712856,3,135,8,0,0,0
28656.866979984097,TRANSFER,476412.65747323853,7,250,17,0,0,0
53692.19460689436,PAYMENT,43204.57988006948,1,1228,0,0,0,0
28787.48428817034,CASH_OUT,469445.4997326536,3,506,16,0,0,0
16200.302408773829,PAYMENT,155619.02343236734,5,1591,21,0,0,0
40841.63828959275,CASH_OUT,256330.7226836487,1,934,11,0,0,0
21309.08630736617,TRANSFER,54421.161413773065,3,1656,22,0,1,0
135054.49163326036,CASH_OUT,35465.534185504635,3,1432,17,0,0,0
127967.59337628535,CASH_OUT,214772.72435930144,1,425,1,1,0,0
34895.105363590825,CASH_OUT,370848.6881898391,0,557,23,0,0,0
19866.21627042286,CASH_OUT,134682.38877427447,3,844,6,0,0,0
66805.24243554146,CASH_OUT,281173.94446766004,1,1109,3,0,0,0
1870.1912957678635,PAYMENT,139325.17026140916,2,1887,22,0,0,0
32195.85623343909,CASH_OUT,194306.5304465204,5,592,3,0,0,0
20498.014385587536,PAYMENT,453223.1592369124,3,516,20,0,0,0
126622.48720822466,CASH_OUT,427919.81274745974,2,1336,10,0,0,0
603.7822640070042,CASH_IN,258008.77170881492,6,1510,23,0,0,0
40239.13109115993,CASH_IN,119052.81373603937,2,1675,3,0,0,0
67481.45726709836,CASH_OUT,96591.95636651141,2,95,22,0,0,0
33181.16530797595,PAYMENT,477043.6765178571,4,1031,14,0,0,0
4463.589043263436,CASH_OUT,101358.29825534376,2,1627,1,0,0,0
179608.3130004628,CASH_IN,404084.15545626957,6,100,1,0,0,1
36491.64035124247,TRANSFER,184485.10476776864,5,933,8,0,0,0
47620.02620964084,CASH_OUT,492829.92377911916,4,1731,12,1,0,0
13499.297670397968,TRANSFER,184077.87018139393,2,547,14,0,0,0
33033.81414942359,CASH_OUT,175758.31245536305,4,661,23,0,0,0
28031.395544308074,TRANSFER,318731.81443881156,1,1052,18,0,0,0
3892.4472283941136,PAYMENT,480758.40331340965,4,600,6,0,0,0
5611.444314044406,TRANSFER,488104.80289821647,3,1840,16,0,0,0
90845.40907357626,TRANSFER,353603.0732334926,4,1644,15,0,0,0
13709.998438399396,CASH_OUT,377303.1828181768,6,266,3,1,0,1
10843.058312969117,CASH_OUT,281701.08798651386,6,1209,3,0,0,0
35150.93230241747,CASH_OUT,377887.86956616596,4,1191,7,0,1,0
73212.174887384,PAYMENT,429889.8274852483,2,202,19,0,1,0
3197.415758048822,CASH_OUT,243047.65159751163,1,892,10,0,0,0
42996.455615706676,TRANSFER,309931.1314150515,3,734,8,0,0,0
6346.8274864989335,TRANSFER,268658.34761652385,1,207,22,0,0,0
1857.118363487568,CASH_OUT,281235.30676433863,2,445,13,0,0,0
2709.292223847981,PAYMENT,445023.95493697043,2,986,9,0,0,0
89837.8291640906,TRANSFER,177808.4151027851,1,173,15,0,1,0
6276.601288068671,TRANSFER,104092.0128003121,2,1955,13,0,0,0
2310.1223915072287,TRANSFER,228140.05513681457,2,479,20,0,0,0
28803.765409826505,TRANSFER,104042.59524063258,2,859,23,0,0,0
92892.87130413296,TRANSFER,249200.21283100956,5,775,19,0,0,0
15218.248160799045,TRANSFER,451754.0526785293,2,351,9,0,0,0
27384.21661806102,PAYMENT,308716.7602412389,4,992,21,1,0,0
2037.065126492444,CASH_OUT,427716.4266515389,2,1712,20,0,0,0
29808.148693756924,TRANSFER,83095.4598077559,1,801,18,0,0,0
43091.67572435212,CASH_OUT,450436.7962685884,1,1430,7,0,0,0
42304.08628003247,CASH_OUT,300893.5822035579,2,1608,5,0,0,0
20205.303514005842,TRANSFER,15879.8943702399,5,175,19,0,0,0
18955.755486777096,CASH_IN,316559.4776425184,3,1007,0,1,0,1
5637.365377439869,CASH_IN,475698.47813045897,3,1676,15,0,0,0
22848.314940464516,CASH_OUT,39583.50023768104,4,203,0,0,0,0
5239.9597099079365,TRANSFER,291228.0652347861,3,1930,2,0,0,0
72749.20922196849,TRANSFER,457739.30143485736,0,787,7,0,0,0
169474.75271097955,CASH_OUT,4847.5841671872795,2,843,7,0,0,0
175452.14356009522,PAYMENT,315456.4632329116,3,1778,1,1,1,1
100150.36506594137,PAYMENT,237451.14591548132,1,1970,11,0,0,0
45913.65343776415,CASH_IN,173494.6593243053,2,1668,15,0,0,0
60343.131667104855,CASH_OUT,313768.24497268803,3,1211,10,0,0,0
16788.030681875032,CASH_OUT,26351.047293708463,4,733,16,0,0,0
49816.83304268637,PAYMENT,376531.5231437001,4,1606,13,1,0,0
30408.101447615034,PAYMENT,2239.738459853813,3,430,4,0,0,0
32890.67558778897,CASH_IN,153467.8718961761,1,1186,0,0,0,0
70894.73372868667,CASH_OUT,251979.3188423392,3,1058,7,0,0,0
16558.600276558296,TRANSFER,188511.12528327585,0,1938,8,1,1,1
19139.185224449946,TRANSFER,153737.96760279124,3,1766,1,0,0,0
129275.12083135064,CASH_OUT,415417.57273404807,2,104,12,0,0,0
2893.3370772913336,TRANSFER,467416.2871359545,4,1997,10,0,0,0
33241.03924119852,PAYMENT,436856.3424529444,4,1949,15,0,0,0
121978.0063549285,CASH_OUT,261215.65652499985,3,1413,3,0,0,0
47126.988129455,CASH_OUT,442082.0875967415,1,491,21,0,0,0
39527.75611979838,PAYMENT,460430.78259077185,5,661,6,0,0,0
14367.051812518892,TRANSFER,204619.198523731,2,1603,20,0,0,0
21024.533103929676,CASH_IN,141722.9297527227,2,803,16,0,0,0
95543.50962767268,TRANSFER,49132.60290666016,2,1751,6,0,0,0
40960.25778827217,CASH_OUT,239545.96052461452,2,1835,22,0,0,0
36153.748500393165,CASH_IN,473148.46021922067,1,1787,20,0,0,0
5244.68198529216,CASH_IN,280453.7640351855,3,478,1,0,0,0
807.8998311470881,CASH_OUT,333781.0508930858,1,1398,17,0,0,0
165776.47978903976,PAYMENT,56441.909245923795,7,554,8,0,0,1
23659.327852463404,CASH_OUT,71759.83207112813,5,1720,8,0,0,0
46217.79113553947,CASH_OUT,232236.63097983628,1,950,10,0,0,0
4153.597691492223,CASH_OUT,475632.39949186286,1,725,3,1,1,1
57460.70464472279,CASH_OUT,180392.32079576445,4,97,3,0,0,0
134830.8223448412,PAYMENT,438742.0206587668,2,728,22,1,0,0
42861.6318795958,PAYMENT,60144.29671285576,2,268,4,0,0,0
6740.342991521535,CASH_IN,308508.6034668551,3,792,16,0,0,0
43580.39330275023,PAYMENT,300306.48845525907,1,124,4,0,1,0
72695.95411285781,TRANSFER,429937.37503513426,9,1742,3,1,1,1
26078.87228134402,PAYMENT,1658.3522024507524,4,1583,2,0,0,0
105945.61744885315,CASH_IN,94965.83359878608,2,1006,0,0,0,0
52303.30982140459,PAYMENT,109843.81271474087,4,1256,19,1,0,0
114755.11708146917,PAYMENT,474983.0440453687,4,1897,2,0,0,0
48842.566937016505,CASH_IN,76846.82813494747,7,32,7,0,0,0
7037.179592046166,CASH_OUT,18481.17511028019,1,1260,22,0,0,0
18530.849283724732,PAYMENT,267230.747370904,2,598,5,0,0,0
11269.487873151105,CASH_IN,264279.23121684085,7,1955,21,0,0,0
119749.5484629651,CASH_IN,422023.4826839321,3,1378,1,0,1,0
71439.23467867238,CASH_OUT,474429.82508890104,3,828,0,0,0,0
56412.10266796739,TRANSFER,269272.7210700655,6,1829,19,0,0,0
17902.817713168635,PAYMENT,464997.09120982775,0,1575,3,0,0,0
10169.789661595642,CASH_OUT,362579.57564991486,7,32,8,0,0,0
70621.87429746098,PAYMENT,132279.56399779252,4,1065,11,0,0,0
32137.71943366735,CASH_OUT,464210.3554719632,3,889,18,1,0,0
12795.57729516671,TRANSFER,333721.5880909374,2,1513,13,0,1,0
47936.68871942186,TRANSFER,207047.9663713169,1,647,17,0,0,0
2058.4908823963647,TRANSFER,340121.0422584654,5,1403,16,0,0,0
19738.89012717029,TRANSFER,200656.41387187544,4,816,22,0,0,0
31607.966021174845,TRANSFER,57091.88399397963,7,946,17,0,0,0
8005.99248605534,CASH_OUT,359489.3735884499,1,1262,16,0,0,0
208846.57736152672,CASH_OUT,412043.8060853719,3,43,8,0,0,1
11729.020464797122,CASH_OUT,364403.09950969386,4,1156,11,0,0,0
6983.402316664269,CASH_OUT,114557.33387833828,3,1808,23,0,0,0
11378.596725190913,TRANSFER,478317.5067388065,5,360,18,0,0,0
73280.1124599146,PAYMENT,12627.28084557796,1,570,14,1,0,0
27713.25162598201,CASH_OUT,166342.64868782027,3,1935,17,0,0,0
41668.29443337637,CASH_OUT,130046.21726744775,2,292,16,0,0,0
1061.649495164864,PAYMENT,24063.113807425485,2,78,13,1,0,0
1751.9016840967024,TRANSFER,202864.84649433423,4,1758,9,0,0,0
29513.787489697017,CASH_IN,311557.4200813873,8,518,19,0,0,0
84819.34907777897,PAYMENT,441276.43174255063,2,1316,21,1,0,0
108245.12585782784,TRANSFER,494844.858095735,5,427,1,0,0,0
4534.902818547664,CASH_OUT,404044.79320219904,3,813,15,0,1,0
38648.831609652516,TRANSFER,234340.2593564124,3,1664,5,0,0,0
122224.5361819772,CASH_OUT,361852.21298351535,3,1709,4,0,0,0
24548.923925152416,CASH_OUT,421811.8942948204,2,1906,0,0,0,0
88470.30824508789,CASH_OUT,232653.59820934068,3,938,6,0,0,0
7175.949691092815,PAYMENT,392527.2170127499,4,367,6,0,0,0
136972.77862856368,TRANSFER,241326.2091564384,6,1466,12,0,0,0
69600.19498419615,CASH_OUT,193247.99543836137,0,498,4,0,0,0
141795.08158214003,PAYMENT,263045.4188918806,5,870,19,1,0,0
56445.931095929824,TRANSFER,337927.36881357245,1,1431,17,0,0,0
22580.997035765522,TRANSFER,363441.0281592987,6,1434,22,1,0,0
139177.36546059395,CASH_OUT,178368.13444605394,4,1020,7,0,0,0
16118.284514397421,TRANSFER,285660.1257780174,0,90,14,0,0,0
20186.27026807612,CASH_IN,454935.43704022357,4,962,15,0,0,0
60333.55841550835,CASH_OUT,488156.4500553199,6,1418,8,0,0,0
72475.83134383784,CASH_OUT,113624.04559197725,2,814,15,0,0,0
132538.72410029024,CASH_OUT,96415.58285667074,1,1340,5,0,0,0
11458.232657080353,CASH_OUT,338342.81671432423,0,1052,10,0,0,0
79973.89274953654,TRANSFER,207341.9429117219,9,1624,12,0,0,0
67074.85617017292,PAYMENT,12111.169209068517,9,1653,1,0,1,1
3296.016770357838,CASH_IN,173430.93532364207,2,1932,16,1,0,0
24487.721217014237,CASH_OUT,403372.3717361261,2,1484,1,0,0,0
16617.61874013243,TRANSFER,398713.4651915913,2,1827,12,0,0,0
18155.524985529282,PAYMENT,247342.57440829094,4,829,18,0,0,0
203571.10373393193,TRANSFER,236288.96744376764,4,1340,0,0,0,1
51469.80999199005,TRANSFER,289753.72121718875,5,1455,4,0,0,0
63235.02451526385,CASH_OUT,109698.35528178801,3,1816,22,0,0,0
187788.6636113732,TRANSFER,263021.81244547776,2,915,15,0,0,0
23676.635051643705,TRANSFER,5523.180028324193,3,1293,5,0,0,0
80934.0671943102,PAYMENT,237779.77739156687,1,1062,13,0,0,0
28504.986938955608,PAYMENT,168025.52312529628,1,1568,7,0,0,0
101832.00535417038,CASH_OUT,337434.8029518298,2,667,17,0,1,0
9962.657002461488,CASH_OUT,319176.79207631375,1,1026,4,0,0,0
147524.7320979194,CASH_IN,190417.9400914045,1,612,10,0,0,0
12344.393254175555,TRANSFER,3636.4907392957834,5,1463,12,0,0,0
19742.619164583437,CASH_IN,126136.81469748022,5,938,8,0,0,0
70568.7604450796,CASH_OUT,316673.92509458115,2,1727,14,0,0,0
25023.565884951848,TRANSFER,36186.67150875227,4,328,12,0,0,0
46851.640553577745,TRANSFER,53821.21091673192,3,762,22,0,0,0
29400.949690668094,CASH_IN,323517.5122835436,5,1726,22,0,1,0
67811.52938586439,CASH_OUT,377883.7004746461,1,354,2,0,0,0
12959.995220950263,CASH_OUT,160774.85400635604,1,1729,2,0,0,0
3011.815432946526,TRANSFER,244836.53275828093,4,1644,14,0,1,0
17828.70441360368,CASH_IN,472855.6824918293,2,1686,17,0,0,0
32152.052691357807,CASH_IN,472771.78108798474,5,1255,19,0,0,0
9197.346982224508,CASH_IN,153751.38723171505,4,1889,8,0,0,0
21909.53659796779,CASH_IN,404993.9375085451,2,1028,15,0,0,0
25539.866066122806,CASH_OUT,296972.0264034294,5,1922,19,0,0,0
2955.2305768193455,CASH_OUT,487742.24667519,3,412,23,1,0,0
43770.30674777809,CASH_OUT,238806.78485554823,1,1100,16,0,0,0
107856.50325194624,TRANSFER,387353.4340077808,2,986,12,0,0,0
8228.576022456811,PAYMENT,384068.5648074355,2,1282,11,0,1,0
45541.28628821411,CASH_IN,248716.43381653808,0,1866,0,0,0,0
54642.3278610986,CASH_OUT,397815.0571486539,2,387,5,0,0,0
27179.03650679673,PAYMENT,130520.16665349825,1,1661,5,0,0,0
60381.906900471564,CASH_IN,61126.51814511444,0,1781,15,0,0,0
26443.670781082583,TRANSFER,212581.87232765811,2,369,22,0,0,0
35123.251659203095,CASH_OUT,471815.3283167923,6,973,13,0,0,0
369.01057206735067,TRANSFER,250372.30410126437,1,70,6,0,0,0
58837.35941515056,TRANSFER,317629.5693234635,4,963,2,0,0,0
54138.32676009014,TRANSFER,312081.22795393766,7,389,2,0,0,0
1957.8813781308681,TRANSFER,66286.43363476521,3,1377,14,0,0,0
22963.085135505065,CASH_OUT,195148.44118860512,3,1256,6,0,0,0
193237.51100352616,CASH_IN,353469.4864609374,6,1320,3,0,0,1
27299.89589780929,TRANSFER,485995.04929036315,6,813,5,0,1,0
34852.27898584538,TRANSFER,84008.86914851308,4,1670,12,0,0,0
120358.49445762417,CASH_IN,205220.94516955814,3,94,21,0,1,0
63161.70830807772,CASH_OUT,47546.89990136468,5,1534,20,0,0,0
43622.081917139956,CASH_OUT,121188.22982462801,2,740,21,0,0,0
79926.0562348389,PAYMENT,188379.67166307513,1,1504,6,0,0,0
99889.85809830007,CASH_OUT,270321.6239761752,2,868,12,0,0,0
30521.992544632416,PAYMENT,115283.44111954047,3,542,17,0,1,0
32228.172354491813,CASH_OUT,113781.33058934286,3,1278,10,0,0,0
24392.165568190227,CASH_OUT,388914.9895701019,4,484,6,0,0,0
170119.11419677435,TRANSFER,481320.83147344063,1,1057,22,0,0,0
59728.56590439909,CASH_OUT,161806.4838757281,5,623,11,0,0,0
4344.554640734275,PAYMENT,343996.0093178401,0,274,6,1,0,0
99373.98381162951,PAYMENT,129040.23067896036,2,578,9,0,0,0
32750.192844142206,CASH_IN,463976.12748281605,4,1451,13,0,0,0
3561.5852056629983,PAYMENT,336451.18008269917,4,273,4,0,0,0
39893.978583499826,CASH_OUT,401338.427318785,1,1900,18,0,0,0
26992.49572296216,PAYMENT,24677.021599582404,3,1846,4,0,0,0
105084.11412198089,PAYMENT,299252.9841203123,3,1903,0,0,0,0
11407.46568877711,PAYMENT,263806.1656791911,5,673,20,0,0,0
87568.68602620722,PAYMENT,146498.45345576602,0,1224,13,0,0,0
40787.06631177119,TRANSFER,131214.99252865903,5,55,2,0,0,0
2807.9029470381956,TRANSFER,290012.40115848486,5,1265,6,0,0,0
178502.05113559822,PAYMENT,353242.8175036126,5,684,3,0,0,1
35935.07073255474,CASH_OUT,16586.37851759448,2,1955,5,0,0,0
17186.303907754373,CASH_OUT,283700.7909618522,6,194,21,0,0,0
31687.98660887132,PAYMENT,85229.76447331432,2,1692,10,0,0,0
97546.35990236144,CASH_OUT,70181.36569305028,4,1992,10,1,0,0
18185.202687856585,CASH_OUT,311559.7440473423,0,1095,3,0,0,0
10701.534770501978,CASH_OUT,155435.05860873652,1,1834,15,0,0,0
6909.755223875761,PAYMENT,220440.116567432,3,685,16,0,0,0
17681.08039088484,TRANSFER,179999.40471988646,0,583,18,0,1,0
75717.31669880259,PAYMENT,324168.16007626185,5,1091,2,0,0,0
31897.580193027465,TRANSFER,235059.88303323445,8,1887,5,0,0,0
12904.972825242003,TRANSFER,481729.3310189737,4,1758,23,0,0,0
9087.18616517926,TRANSFER,176191.37955323266,3,674,15,0,0,0
20227.986642481523,PAYMENT,370142.1701314176,3,1595,12,0,0,0
140607.55292789033,TRANSFER,128646.28379152226,2,636,1,0,0,0
21005.5959878204,CASH_IN,254376.54631307343,2,1480,21,0,0,0
221662.10588711576,CASH_IN,276284.8759509785,8,1085,6,0,0,0
33201.79826967874,PAYMENT,164554.64053136608,3,1504,18,0,0,0
9871.592316682496,CASH_IN,235890.26445631456,0,1248,0,0,0,0
110884.67346008841,TRANSFER,139639.31894924608,4,327,1,0,0,0
30842.222723172406,TRANSFER,3000.390836990996,4,411,20,0,0,0
61837.08497195263,PAYMENT,107824.15081893936,1,546,16,1,0,0
205865.0525056161,PAYMENT,350032.0862466003,1,1536,19,0,0,1
2573.8945354293114,CASH_IN,385481.5122426885,2,637,14,0,0,0
5084.726612342599,PAYMENT,140101.43356945997,3,1752,21,0,1,0
63729.91136049364,CASH_IN,204021.49940903595,3,1332,0,0,1,0
16552.100581501072,TRANSFER,18682.830069305546,5,259,5,0,0,0
10185.5175627672,PAYMENT,118531.4505488403,3,1565,11,0,0,0
2007.8753410000058,PAYMENT,389609.6416861496,1,1415,23,0,0,0
1104.444250936431,PAYMENT,302993.1351325286,4,421,16,0,0,0
74468.56389096142,TRANSFER,102885.2609771857,4,1379,7,1,0,0
7218.549460335216,PAYMENT,128720.99756121608,6,760,23,0,0,0
31529.33847693525,CASH_IN,408401.0114947801,6,1328,17,0,0,0
46557.12567820532,CASH_OUT,104542.1014724504,6,1159,18,0,0,0
27961.57563870309,PAYMENT,167078.8629235656,6,1481,21,0,0,0
1374.0407330152611,TRANSFER,332179.34582732216,2,777,14,0,0,0
76508.58359617664,CASH_IN,280556.1928540393,3,532,23,0,0,0
528.4439450822711,TRANSFER,230435.10261690713,7,890,12,0,0,0
71751.10418121384,CASH_OUT,449870.54548987217,1,1859,20,0,1,0
111888.81188318529,TRANSFER,109855.23135752584,4,969,15,0,0,0
28355.6844461547,PAYMENT,370709.9454314999,6,419,14,0,0,0
38344.25816125082,CASH_OUT,79531.92030909167,1,288,13,0,0,0
32407.103067211017,PAYMENT,307866.9167410726,3,1549,3,0,0,0
24649.990806133592,CASH_IN,435311.7817056566,2,1645,19,0,0,0
109206.57427566516,CASH_IN,228950.89273906892,3,1819,23,0,0,0
112184.45618418789,CASH_OUT,362147.25359566446,4,446,12,0,0,0
20459.83042331863,CASH_IN,410196.6764994941,3,1821,4,0,0,0
47734.65701841266,PAYMENT,68013.21243880138,1,607,7,0,0,0
130801.51834527407,CASH_OUT,352913.44764105504,3,1435,0,0,0,0
163585.48756225145,CASH_OUT,459920.5119943381,0,904,12,0,0,0
35561.38669689523,CASH_OUT,288185.3049277721,2,1879,4,0,0,0
30149.31224978737,PAYMENT,93061.12226437802,5,1463,7,0,0,0
16334.612959409631,CASH_OUT,63471.26579447149,3,640,23,0,1,0
159553.1520471371,CASH_OUT,129867.66523337395,0,1337,6,0,0,0
7705.03514805673,PAYMENT,51756.63450834128,1,1050,18,0,0,0
43354.743934634964,TRANSFER,256697.03579252373,3,200,9,0,1,0
16602.61965310262,PAYMENT,34852.34135336729,6,1806,9,0,0,0
16356.382008261608,PAYMENT,111702.31231811323,2,616,6,0,0,0
25957.054025217247,CASH_OUT,219955.22195610718,0,651,18,0,0,0
335978.2080761886,CASH_IN,236957.37520101073,2,757,21,0,0,0
2826.7348993116766,CASH_OUT,282699.2425734822,4,557,13,0,0,0
43201.735964095526,TRANSFER,352807.48137536325,2,1142,7,0,1,0
4309.067425308698,PAYMENT,23614.319832733767,6,820,3,0,0,0
8392.587362282147,CASH_OUT,40310.47608789162,9,216,14,0,0,0
28951.916926726306,CASH_IN,30429.57590239037,4,388,4,0,0,0
35714.468630962496,TRANSFER,211575.15773245518,3,320,3,1,0,0
14973.727113287701,CASH_OUT,20923.972441467155,3,1270,11,0,1,0
19023.29523883904,CASH_IN,373040.63341566315,6,1690,5,0,0,0
4549.163832368962,TRANSFER,111500.09051923893,3,1222,7,0,0,0
18064.262313775977,PAYMENT,469606.24664497934,2,402,5,0,0,0
169897.79113062544,TRANSFER,243201.8775485557,0,516,4,0,0,1
144755.79317476618,PAYMENT,223162.87622110083,4,1418,8,0,0,0
20389.261636121573,CASH_OUT,390269.3463197501,1,382,22,0,1,0
42297.897156392784,CASH_OUT,356576.99194649555,0,435,18,0,0,0
120173.0014798798,TRANSFER,303654.52047407144,4,1639,9,0,0,0
310.15108309698314,CASH_OUT,467573.353125185,1,1438,10,1,0,0
83216.77164334286,PAYMENT,211129.6304935385,3,1099,17,0,0,0
148182.18591413173,TRANSFER,404265.83788614324,1,1923,20,0,0,0
4788.429631317092,CASH_OUT,190046.47287290927,2,307,4,0,0,0
8803.915486109798,CASH_OUT,419172.8371480524,2,1341,10,0,0,0
161885.48211409137,PAYMENT,129737.31448298431,4,756,21,1,0,1
38559.776142847404,PAYMENT,144633.53641801624,2,699,16,0,0,0
714.9185354754568,TRANSFER,338934.767008727,3,116,20,0,0,0
14895.510011091286,TRANSFER,106356.64747589818,6,1864,22,0,0,0
29886.729778947712,CASH_OUT,114577.09351271439,3,652,10,1,0,0
59030.54343219857,PAYMENT,152631.21450870737,1,41,15,1,1,0
66055.37341168575,CASH_OUT,339464.38483018795,2,368,8,0,0,0
269319.33342485246,TRANSFER,444694.04621161596,3,484,18,0,0,1
16949.554269810666,PAYMENT,337283.82556349336,3,440,22,0,0,0
38633.34561954432,CASH_IN,413907.1221720626,2,951,6,0,1,0
38105.95416972328,TRANSFER,271780.29484723485,3,175,22,1,0,0
26013.946577921797,PAYMENT,34461.61067257264,7,121,19,0,0,0
9266.016060389447,TRANSFER,50233.105754250326,2,1896,2,0,0,0
189615.56528390347,CASH_IN,277195.98918345774,3,991,16,0,1,0
95974.13779439294,TRANSFER,163900.4843210548,6,1646,5,0,0,0
34490.93912080505,TRANSFER,110284.03681847132,7,730,19,1,0,0
46221.86913069447,CASH_IN,233128.4636513104,0,715,14,0,0,0
12890.700112906383,CASH_OUT,333248.37045215076,5,1594,13,0,0,0
39239.78137800509,CASH_OUT,192495.97386792922,5,701,23,0,0,0
59367.27914885518,CASH_OUT,401271.1285786708,4,1807,5,0,0,0
36197.54178929614,PAYMENT,369261.62328569684,4,684,15,0,0,0
231705.08776151686,CASH_OUT,367457.44107978337,1,1753,21,0,0,0
47252.73074927703,CASH_IN,492594.84483869426,0,239,7,0,0,0
23179.111538684225,TRANSFER,147614.9886858174,4,1209,14,0,0,0
73953.83301091532,CASH_OUT,322362.7931704476,2,1464,20,0,0,0
9344.348818922594,TRANSFER,427739.17008015676,6,198,7,0,0,0
24267.30130715167,CASH_OUT,289762.2169569555,5,1680,0,0,1,0
21305.764427688482,PAYMENT,394751.0880576963,2,1868,1,0,0,0
28264.714831505844,PAYMENT,207226.09291995614,6,318,23,0,1,0
76112.53765342133,TRANSFER,295245.6728274023,0,1353,16,1,0,0
33099.19516937448,CASH_OUT,27833.19640216414,3,1615,4,0,0,0
78997.46297875578,PAYMENT,492883.8029124067,3,295,11,0,0,0
42958.7781246959,PAYMENT,400009.24072420865,7,437,4,0,0,0
20932.793851026203,PAYMENT,434404.53581572475,5,663,1,0,0,0
83030.9668864543,PAYMENT,347147.13907147304,1,1855,13,0,0,0
13609.44703258735,CASH_OUT,93025.01640434974,5,904,11,0,0,0
12704.820564755195,CASH_IN,15514.221209016132,4,888,1,0,0,0
35109.6913225082,TRANSFER,432328.3038680068,2,49,16,0,0,0
15112.669074681187,CASH_OUT,198165.32686806153,5,262,3,0,0,0
456.42869443282785,PAYMENT,131932.43801995995,3,822,12,0,0,0
52248.485440775905,CASH_IN,280836.4794194722,2,1108,5,0,0,0
35779.23359336209,PAYMENT,210449.26123785967,4,270,2,0,0,0
29486.029991851916,CASH_OUT,325832.9978437785,7,1271,3,0,0,0
170514.70349534138,CASH_OUT,241896.6165272568,3,456,7,0,0,0
42338.138307789624,TRANSFER,348616.5702201353,1,754,1,0,0,0
99546.47641652644,CASH_IN,426711.6347545715,2,1743,8,0,0,0
7509.191687390369,CASH_OUT,97778.50547789452,3,84,9,0,0,0
42106.31682170712,PAYMENT,164716.4402827434,4,938,21,1,0,0
101239.95126788541,CASH_OUT,218407.79328531947,7,1230,12,0,0,0
43746.135196452145,PAYMENT,481029.22401381907,2,1534,16,0,0,0
63294.92431770306,CASH_IN,182666.80677374263,4,1177,3,0,0,0
23264.22452088375,TRANSFER,190549.92479631476,5,1703,22,0,0,0
4850.304289052596,TRANSFER,326736.2614797806,0,889,9,0,0,0
30615.26685652196,PAYMENT,209599.85494497462,4,1022,11,0,0,0
25083.333998424107,TRANSFER,475611.8728198026,5,296,16,0,0,0
100892.93761294102,PAYMENT,447234.38023772195,5,1431,0,0,0,0
13985.38445012143,PAYMENT,256704.38888783648,4,660,2,0,0,0
170161.31322534825,CASH_OUT,322387.6169739249,2,235,5,0,0,0
158668.98233462192,PAYMENT,29015.280941810273,4,625,4,0,0,0
14226.46193108916,CASH_OUT,347865.26401619904,1,1921,11,0,0,0
21389.520327275794,CASH_IN,353600.4364745161,1,1798,10,0,0,0
112955.08776901559,CASH_OUT,179599.64782160404,4,49,20,0,0,0
169993.24483489548,PAYMENT,109841.44181263633,1,101,8,0,0,0
29298.934269369536,CASH_OUT,457539.2009085084,1,1900,14,0,1,0
19356.49001942868,TRANSFER,213352.45040256385,1,1022,13,0,0,0
37337.31585761023,TRANSFER,326853.05240085535,4,1648,18,0,0,0
58200.63207231277,PAYMENT,16664.39748812798,2,1869,12,0,0,0
15974.08589782963,TRANSFER,207033.58328841816,2,1129,20,0,0,0
66680.00560401077,CASH_IN,408629.40550694,1,942,6,0,1,0
2651.970219359077,TRANSFER,193788.00020035752,1,1342,10,0,0,0
2527.54654061188,PAYMENT,301580.58006843843,3,272,1,1,0,0
24411.451790312494,PAYMENT,104927.90024226972,2,1329,22,0,0,0
21807.030768327,CASH_OUT,208262.8244197798,5,459,0,0,0,0
18963.063511938428,TRANSFER,463818.85902659333,6,316,6,0,0,0
33767.30448234468,TRANSFER,283225.8748505186,3,643,1,0,0,0
19337.09303249422,TRANSFER,450965.72954646574,1,976,22,0,0,0
10675.623872149761,TRANSFER,451009.64974477165,2,149,18,0,0,0
18514.76036529416,PAYMENT,472073.90021223977,6,277,13,1,0,0
184252.88394094433,CASH_OUT,447695.83004005265,6,1392,10,0,0,1
26476.083621871956,PAYMENT,1640.5645051503216,1,816,4,0,0,0
29413.48899641984,CASH_IN,467007.44579079846,4,347,10,0,0,0
42965.40020920419,TRANSFER,68729.7195426882,6,969,13,0,0,0
204739.53833050342,PAYMENT,19963.12555557528,4,746,8,0,0,0
13827.300555338743,CASH_OUT,27694.267289026408,2,707,0,0,0,0
57172.4463254645,CASH_IN,174458.0975882168,6,1870,5,0,0,0
62936.35731467112,CASH_OUT,310402.0426343968,1,350,6,0,0,0
46738.57480194014,PAYMENT,201155.59825949874,5,1320,12,0,0,0
4637.4817200398675,CASH_IN,12777.14232468974,3,312,9,0,0,0
56485.38015236439,TRANSFER,238241.31708735734,2,514,19,0,0,0
3312.049731437815,PAYMENT,221065.37113519004,1,599,8,0,0,0
45334.67781591341,TRANSFER,378424.63275082345,3,1284,16,0,0,0
67273.2043582701,CASH_OUT,139806.44921271916,1,989,3,1,0,1
11847.539870973123,PAYMENT,108765.58689718357,2,1246,13,1,1,1
92138.5372880897,CASH_OUT,127969.47883831311,0,556,5,0,0,0
1541.2010996799702,PAYMENT,151869.911314924,2,1903,22,0,0,0
92835.01993670866,CASH_OUT,299582.43668358325,1,1398,0,0,0,0
30839.783909849695,CASH_IN,235762.74272603993,5,1310,10,0,0,0
12268.687309126555,CASH_OUT,168447.28258952897,4,1584,10,0,0,0
7180.710980969137,TRANSFER,187157.0791418392,5,1237,16,0,0,0
153208.2303754009,TRANSFER,185461.83007948808,8,1757,6,0,0,0
3772.0515761961547,TRANSFER,486203.3473551587,1,1855,8,0,0,0
11100.548392448714,TRANSFER,116498.49402647627,1,1629,15,0,0,0
21371.914045369118,TRANSFER,409030.7801361293,2,1831,20,0,0,0
48410.112044944864,TRANSFER,354105.41879409354,1,873,8,0,0,0
39351.03901735318,TRANSFER,2785.002801775294,3,217,4,0,0,0
6713.35415390899,TRANSFER,496588.10906274396,0,1732,5,0,0,0
17105.3630411802,TRANSFER,378219.6853167868,4,1802,7,0,0,0
13639.7893255261,CASH_OUT,341224.7931753957,3,1119,8,0,0,0
12010.852277966627,CASH_IN,202662.35383831867,2,317,12,0,0,0
26478.70894037749,TRANSFER,277601.5444571448,3,1104,2,0,0,0
60875.10445297679,CASH_OUT,126635.44783373509,1,823,17,0,0,0
12260.06039278473,TRANSFER,17741.70257284874,2,1622,4,0,0,0
22838.884321159912,CASH_IN,418010.8292229864,1,113,21,0,1,0
24790.07161768635,CASH_OUT,448242.24684058584,4,1241,23,0,0,0
187445.33776833783,PAYMENT,81235.31830711995,2,212,19,0,0,0
154685.29241937958,TRANSFER,393528.0479228665,5,1827,0,0,0,0
80506.30314578598,CASH_OUT,370576.33664282935,1,532,12,1,0,0
13831.101100649521,PAYMENT,89187.50096804523,3,548,19,0,0,0
3523.1250838537912,TRANSFER,210914.4012873969,3,366,23,0,0,0
19056.003726596442,CASH_OUT,211378.96041705168,6,1207,17,0,0,0
15516.466455118114,PAYMENT,379982.1291526242,4,147,9,0,0,0
35253.47854703097,PAYMENT,418830.4528880277,1,380,23,0,0,0
75192.65086281551,CASH_IN,47387.560695685504,5,660,19,0,0,0
97710.25143988215,PAYMENT,281484.61745210143,2,1407,17,0,0,0
93172.6838984011,PAYMENT,380874.2484644426,2,239,3,0,0,0
22289.014774395015,PAYMENT,393095.29703257926,3,1286,0,0,0,0
58115.05350055037,CASH_OUT,73996.76221520446,1,153,6,1,0,0
18758.98365593808,PAYMENT,262752.57157539704,1,1032,14,0,0,0
3141.9605949613156,PAYMENT,428779.35318135144,3,619,13,0,0,0
60460.20076459111,CASH_OUT,159259.28829264207,2,162,2,0,0,0
493.80808496267525,TRANSFER,212558.44945589858,4,244,19,1,0,0
26312.41279700745,CASH_OUT,402179.2556681662,1,1821,18,1,0,0
19977.576588575597,PAYMENT,44659.760591881146,4,1054,7,1,0,0
59106.902767073574,TRANSFER,429746.6449444891,2,369,18,0,1,0
72674.18715654293,CASH_IN,155578.3583654045,3,1439,22,1,0,0
18127.079955787558,CASH_OUT,725.1582955635771,3,1288,17,0,0,0
83466.56579470677,PAYMENT,117079.57252817914,4,666,13,0,0,0
17401.10727356938,CASH_OUT,44750.320447753234,5,1666,5,0,0,0
29558.993163479892,PAYMENT,46192.453498122064,1,1630,18,0,0,0
64917.567531035755,PAYMENT,346417.86707129574,2,1831,11,0,0,0
59032.38627443741,PAYMENT,106988.1678195324,4,1300,14,0,0,0
218577.9696431995,PAYMENT,467371.1814884912,3,207,23,0,0,1
12755.002219923776,CASH_IN,258222.273295652,7,1360,23,0,0,0
54282.519935870325,CASH_OUT,230049.12897745927,6,866,21,0,0,0
47039.662624491524,TRANSFER,217141.75911007583,4,1350,3,0,0,0
123313.14909719753,PAYMENT,346293.8198358159,5,1495,18,0,0,0
8501.597712233925,TRANSFER,226131.3812618042,0,1130,4,0,0,0
69675.65036572388,CASH_OUT,64300.17811259592,6,609,3,0,0,0
41997.58405261743,TRANSFER,440086.09032037825,4,821,8,0,0,0
16056.143051850946,TRANSFER,214197.67446282934,1,1677,22,0,0,0
32164.062061938635,TRANSFER,37002.287849751236,4,504,18,0,1,0
20306.511242698645,PAYMENT,264682.9937488806,2,341,5,0,0,0
43293.35735985363,TRANSFER,323673.4292278517,4,1431,7,0,0,0
109911.52902598855,CASH_OUT,137791.2320788793,3,257,20,0,0,0
42117.75299029261,CASH_OUT,400170.20383692114,4,776,1,1,0,0
49945.91635636997,CASH_IN,334887.9230186819,0,1857,7,0,0,0
36568.19599311364,CASH_IN,325170.5846322167,1,799,10,0,0,0
2626.0448236362704,PAYMENT,210412.4764338971,5,509,1,0,0,0
13254.204188196107,TRANSFER,480957.6507056439,2,1621,13,0,0,0
33863.86179016569,CASH_IN,137094.58397462382,3,809,16,0,0,0
18570.236523790747,PAYMENT,288852.7505077263,5,425,4,0,0,0
10030.199191999582,PAYMENT,154527.5787363088,5,1394,4,0,0,0
35072.36072887912,PAYMENT,372402.37648577703,1,101,0,0,0,0
19490.15452525012,TRANSFER,23895.74193506072,0,435,5,0,0,0
14927.5559000476,TRANSFER,22946.933937524616,1,1511,6,0,0,0
31179.69560067363,CASH_OUT,405430.4847593957,1,1777,13,0,0,0
7152.210997701215,CASH_OUT,217134.08053183553,4,1115,13,0,0,0
131378.1947976804,PAYMENT,170590.02730017787,6,534,15,0,0,0
101134.9532637616,CASH_IN,303763.4310876692,4,1501,8,0,0,0
61485.14781271537,PAYMENT,350949.6719344868,2,57,17,0,0,0
5614.435658230681,TRANSFER,100600.6734222033,1,1040,23,0,0,0
74778.07030455019,CASH_OUT,92715.62070236578,1,1910,8,0,0,0
82501.88411079545,CASH_OUT,479075.3738799408,5,1550,3,0,0,0
73000.19214177722,TRANSFER,294832.1531922847,3,1721,6,1,0,0
6049.991349774558,TRANSFER,195058.23864713407,2,545,4,0,0,0
51628.30169926545,PAYMENT,400720.8473347532,6,458,16,0,0,0
89886.30040848028,CASH_OUT,262579.4793889586,6,887,9,0,0,0
43060.94565032964,CASH_IN,120831.40518729069,3,426,23,0,0,0
51980.49029908355,TRANSFER,103367.65282078691,8,1648,1,0,0,0
30658.00643803283,PAYMENT,198429.63308491086,5,1151,2,0,0,0
37613.79882178202,TRANSFER,429947.9301299398,4,522,20,0,0,0
1749.0821702259816,CASH_OUT,30723.95802212946,2,493,6,0,0,0
50938.74468440542,PAYMENT,109263.00037738157,4,778,4,0,0,0
4247.795249171184,PAYMENT,446575.9094262957,5,289,9,0,1,1
28547.76894299875,TRANSFER,60867.28448462525,1,1137,3,1,0,0
17311.84464073511,TRANSFER,314812.8591320842,3,902,1,0,0,0
39419.942627082746,CASH_OUT,106755.68406051256,2,951,16,0,0,0
7159.830999231379,PAYMENT,302933.4237559442,3,137,18,0,0,0
58824.9189962376,CASH_IN,191552.08342211606,2,1411,21,0,0,0
79240.07895636169,CASH_OUT,50838.44821549593,2,1403,8,0,0,0
8917.738728987993,CASH_OUT,291237.5337770532,4,675,20,0,0,0
5508.217745971264,CASH_IN,341521.37354229303,3,771,18,0,0,0
7862.844785492395,CASH_OUT,340136.3094829014,2,874,2,0,0,0
104830.42751819582,PAYMENT,318517.2045363548,4,1683,6,0,0,0
37558.86760536203,TRANSFER,250112.3904677729,2,469,11,0,0,0
31486.18241527925,TRANSFER,259736.30842966284,1,1025,22,0,0,0
5642.301959700797,TRANSFER,317820.0549039798,1,622,11,0,0,0
52427.718815407046,CASH_OUT,345129.6808733205,3,1720,18,0,0,0
101247.51323483406,CASH_OUT,327438.3694156925,4,320,6,0,0,0
88067.10110388967,PAYMENT,293472.7824567259,2,773,7,0,0,0
49182.288648249974,PAYMENT,77919.4924020592,4,510,2,0,0,0
3913.1451086697093,PAYMENT,105308.26924643088,3,1042,4,0,0,0
5961.536932293031,PAYMENT,130112.01051767418,2,1263,12,0,0,0
2528.3088405979743,CASH_OUT,459830.82854375115,1,727,23,0,0,0
14885.220872054833,CASH_OUT,379697.54589848325,4,1905,22,0,0,0
7289.538325171297,PAYMENT,276433.40976843913,2,1756,0,0,0,0
15058.500707565689,TRANSFER,126028.46427202341,2,1168,17,0,0,0
24311.37075872818,TRANSFER,55445.761622085585,2,1470,21,0,0,0
143220.101145545,CASH_OUT,449379.61298998736,2,892,14,0,0,0
47128.66304513389,CASH_OUT,446333.0079114585,2,1154,12,1,0,0
90082.54715260418,TRANSFER,55347.79784784577,5,1430,7,1,0,0
61954.35812880584,PAYMENT,398608.3330482481,7,1904,4,0,0,0
5967.514249636929,CASH_IN,223322.53465495634,2,1406,6,0,0,0
66575.23651336662,CASH_IN,161983.46641527006,2,622,14,0,1,0
16086.001089330653,CASH_IN,369552.26810435357,2,62,6,0,0,0
50958.80552100825,CASH_IN,307164.7705303653,6,1665,2,0,0,0
20848.70215114887,TRANSFER,390015.05379666865,2,1378,16,1,0,1
303142.942085074,CASH_OUT,37164.43031646854,4,1605,21,0,1,0
15295.797150306978,PAYMENT,159293.50997872822,3,1303,20,0,1,0
16364.855807506017,CASH_OUT,159658.42520836787,3,588,8,0,0,0
133445.50501355334,CASH_OUT,164876.54614388276,0,1948,0,0,0,0
1247.6580641232492,CASH_OUT,251239.93632190273,0,714,14,0,0,0
59649.82786210586,TRANSFER,141506.9015404737,2,312,20,0,0,0
64608.58808065867,TRANSFER,222191.80504375984,2,164,2,1,0,0
90509.99592309096,CASH_OUT,183888.7965577079,2,471,5,0,0,0
183334.98397554024,TRANSFER,367648.02401025564,2,555,4,0,0,1
185662.5401868765,CASH_IN,301750.39783752506,0,929,3,0,0,0
3375.2395453306854,TRANSFER,326814.7161586577,3,1679,23,0,0,0
86253.4727349106,CASH_IN,105291.94704132222,3,1775,10,1,1,0
51966.71340724831,CASH_OUT,162751.0826634447,3,1727,10,0,0,0
52112.84556163475,CASH_OUT,10582.723806037142,7,1422,13,0,0,0
6868.361380083194,TRANSFER,54187.35364658495,2,1901,16,0,0,0
52517.851440388906,TRANSFER,132527.11599444368,7,1400,19,0,0,0
202227.97494572878,PAYMENT,32731.860651010524,2,451,19,0,0,0
121417.94385659172,PAYMENT,301316.20017735125,2,1969,8,0,0,0
28913.36537734984,PAYMENT,499065.05796191265,3,1053,0,0,0,0
2038.390074753596,CASH_IN,50407.60703269426,2,587,13,1,0,0
22493.855857565977,TRANSFER,410615.10633463255,2,176,4,0,0,0
87547.28347802878,CASH_OUT,59408.12363257358,1,1694,23,1,1,0
60449.11679935314,TRANSFER,334957.00939821807,4,1289,20,0,0,0
30748.571244227707,CASH_OUT,321578.80152950855,2,1716,7,0,0,0
2833.8900936749924,CASH_OUT,451358.46740559966,2,475,4,1,0,0
27834.292903289348,CASH_OUT,56972.806840256184,4,1677,1,0,0,0
31652.011314842242,TRANSFER,157722.2330409489,3,1766,1,0,0,0
131941.74074456998,CASH_OUT,45389.88017734286,5,1337,23,0,0,0
51233.638105399725,CASH_OUT,203691.66290221692,1,1905,12,0,0,0
18673.104332512157,PAYMENT,455796.5867787224,4,1901,18,0,0,0
37255.53649703846,PAYMENT,390761.57553092804,2,1386,17,0,0,0
3416.902929515955,PAYMENT,361450.0502226596,6,1470,14,0,0,0
179802.68270906396,PAYMENT,266513.752431351,1,1440,13,0,0,0
22319.03518878148,CASH_OUT,441742.87116776145,4,1772,0,0,0,0
32491.680700900255,CASH_OUT,224720.89912066417,5,557,19,0,0,0
21947.266463424025,CASH_OUT,74842.83355031912,8,156,10,0,0,0
57365.72032898788,PAYMENT,418792.61156038963,2,315,18,0,0,0
54269.82392290495,PAYMENT,139819.16402586343,5,1974,7,0,1,0
62819.88264083703,CASH_OUT,26816.77051222403,1,107,0,0,0,0
15608.522651761019,TRANSFER,63019.01533439569,1,1438,10,0,0,0
18965.64010583294,CASH_IN,304529.4580970741,2,1598,20,0,0,0
6690.927755226514,TRANSFER,303540.9819605863,5,1602,9,0,0,0
53284.50673998246,PAYMENT,130091.58554101724,2,186,5,0,1,0
2030.5345577177627,CASH_OUT,363590.0739729895,3,194,12,0,1,0
45525.664613706,CASH_OUT,386820.0776997672,7,1242,0,0,1,0
101894.2106622196,PAYMENT,460251.3130668091,4,1061,8,0,0,0
110743.43286358616,PAYMENT,292468.7493391185,3,798,17,0,0,0
29804.450139727145,PAYMENT,389711.68207378645,2,348,19,0,0,0
30744.875189969,TRANSFER,376549.83988581685,3,1781,22,0,0,0
4004.632858983886,TRANSFER,128904.52423359644,4,536,10,0,0,0
55549.178738118346,PAYMENT,155112.9639688297,1,1679,15,0,0,0
86090.99000916675,CASH_OUT,239241.1978764357,2,734,2,0,0,0
14029.0376376671,TRANSFER,9519.483764624249,1,715,9,0,1,0
27348.629693785442,CASH_IN,148698.88657886177,3,968,1,0,0,0
91267.67516434536,TRANSFER,236941.436672119,4,661,7,0,0,0
104827.54077177301,TRANSFER,54034.647640571864,4,551,17,0,0,0
13931.490422755516,PAYMENT,63137.94388756272,5,751,2,0,0,0
39988.82888330179,CASH_IN,231618.36786867058,3,754,5,0,1,0
10690.187086828235,TRANSFER,365482.5157929656,3,1319,12,0,0,0
5372.510663319602,TRANSFER,416874.4654603416,3,1115,18,0,0,0
121023.68874451595,PAYMENT,273156.9487523743,3,1139,13,0,0,0
85881.09391173632,PAYMENT,237374.49377336557,2,1610,21,0,0,0
71363.08951975792,PAYMENT,192140.2842298776,3,1254,12,0,0,0
2499.7762539450646,TRANSFER,96474.4962188031,4,1766,14,0,1,0
92808.11364606515,TRANSFER,73281.00140718235,2,1669,21,0,1,0
28816.59295209507,PAYMENT,395948.22583090403,1,1866,18,0,0,0
20957.550967752122,CASH_IN,232503.3161061681,7,1540,17,0,0,0
39535.39425761557,CASH_IN,395160.1227398773,2,1650,11,1,0,0
4789.943309398927,CASH_OUT,352041.51795031485,1,727,7,0,0,0
70662.01815154283,TRANSFER,96947.95719168942,5,1148,13,0,0,0
43665.762116081016,TRANSFER,255153.63210561287,2,1759,22,1,0,0
10326.00553027313,CASH_IN,222008.31521134035,2,1296,0,0,0,0
10427.047001080515,PAYMENT,211936.75304534836,3,274,0,0,0,0
10182.284525958717,TRANSFER,271285.5246019069,2,1589,0,0,0,0
2934.5764110159757,CASH_OUT,491040.95053771895,2,254,16,0,0,0
44312.14243490141,TRANSFER,406450.29883537267,4,1000,20,0,0,0
91737.9972422134,CASH_OUT,451856.2158151958,4,1748,17,0,0,0
882.6558707916064,PAYMENT,14819.791588018772,3,142,19,0,0,0
2512.305037537511,PAYMENT,70168.18339625296,3,720,14,0,0,0
42521.6708356428,TRANSFER,42381.83011228175,6,229,18,0,0,0
85600.02989082546,TRANSFER,131615.50253263832,5,1382,23,0,0,0
19781.102311442497,CASH_IN,220946.24598332524,3,818,8,0,0,0
21509.492969092535,CASH_OUT,321026.6238279448,3,1868,1,0,0,0
45359.921804952515,CASH_OUT,250415.633143301,0,1971,7,0,0,0
16024.92714337647,CASH_IN,451591.9574565699,0,954,7,0,0,0
1348.4388158165902,PAYMENT,469927.97944693186,4,1349,14,0,0,0
66444.40787386447,PAYMENT,81760.47559872945,1,672,10,0,0,0
49128.192887312114,CASH_OUT,426456.46013239253,3,1486,14,0,0,0
43465.109369943304,CASH_OUT,240861.1020066505,3,1334,18,0,0,0
67678.60683394993,CASH_OUT,226664.73565869217,3,1775,10,0,0,0
56232.03092174412,CASH_OUT,392469.6742422841,2,153,0,0,0,0
11526.159964046741,PAYMENT,46570.25452243829,3,808,16,1,0,0
21730.36073534379,CASH_OUT,441246.5637095733,5,1147,10,0,0,0
6740.0465747538665,PAYMENT,335431.67727380735,4,1142,13,1,0,0
6954.886422232121,CASH_OUT,437630.80382899893,4,232,11,0,0,0
56380.80505933256,TRANSFER,497238.7888538114,1,767,11,1,0,0
97808.16410573525,CASH_IN,259002.22617862668,1,1141,3,0,0,0
164481.79480354014,CASH_OUT,46631.09895446449,2,1869,14,0,0,0
49489.74860103846,TRANSFER,83261.93146544325,2,1213,8,1,0,0
10173.255125667336,TRANSFER,161809.12127715498,4,928,14,0,0,0
5582.923389996878,CASH_OUT,51776.47106735478,4,1994,1,0,0,0
83792.50179324124,TRANSFER,407670.9130688849,6,630,15,0,1,0
43227.20857910576,TRANSFER,148433.92551638425,6,151,22,0,0,0
48154.05385879955,PAYMENT,487943.09400993265,1,650,0,0,0,0
76039.78863268138,PAYMENT,351295.71596592787,1,1329,15,0,0,0
60747.85014010112,TRANSFER,86715.18512777881,2,1301,14,0,0,0
89926.59336853519,CASH_OUT,238021.32347197013,0,433,20,0,0,0
2892.78666399649,PAYMENT,233442.11081666054,4,1872,13,0,0,0
68821.28816479519,CASH_OUT,246255.82916681693,1,110,20,0,0,0
95141.06275493519,PAYMENT,267845.5853214678,3,1073,23,0,0,0
16853.07348132644,PAYMENT,15586.54115886543,2,1519,2,0,0,0
51144.72238721316,CASH_OUT,343150.56287181174,2,1942,5,0,0,0
18855.69619133633,PAYMENT,243595.88764422163,6,1579,10,0,0,0
158469.85023009576,CASH_IN,395482.6994343495,1,1279,6,0,0,0
1699.745341424337,PAYMENT,407674.7866302153,10,1901,21,0,0,0
43350.373016649726,TRANSFER,115267.56099585872,0,1085,13,0,0,0
9106.291620431997,TRANSFER,24211.4732133889,0,1765,9,0,0,0
62277.98463062179,CASH_IN,351616.92805616127,4,199,3,1,0,0
9672.580337277714,TRANSFER,488881.3942319372,5,663,0,0,0,0
13419.028332078364,PAYMENT,223328.99329045054,3,964,3,0,0,0
34097.585324907624,CASH_OUT,129806.4047967979,5,1987,21,0,0,0
123158.20702687367,CASH_OUT,78335.94729174048,1,1757,14,0,0,0
11894.739145394322,PAYMENT,143722.79869529253,0,1057,5,0,0,0
7788.26703309313,PAYMENT,163959.7756857249,4,1280,18,0,0,0
71143.11083631174,PAYMENT,211937.37171723225,4,153,17,0,0,0
34719.35067515635,CASH_IN,327703.56160729326,6,249,23,0,0,0
121398.97681780023,CASH_OUT,136581.52804011354,5,732,9,0,0,0
7927.198310638528,CASH_OUT,25488.381734337985,1,264,3,0,0,0
51912.73472827269,CASH_IN,186639.3057863598,4,858,15,0,0,0
13255.546154023112,CASH_OUT,427814.8080795379,2,1543,18,0,0,0
8525.208616449736,PAYMENT,249175.7554259419,3,875,10,0,0,0
57510.45226909061,TRANSFER,482391.8788727049,4,930,9,1,0,0
45031.28113388318,CASH_OUT,251810.7655443659,5,223,15,0,0,0
70289.65323619332,CASH_OUT,137949.4084609239,1,1610,14,0,0,0
18514.255492032862,TRANSFER,96656.9986226073,4,1359,16,0,0,0
29707.79434447734,CASH_IN,347262.24839278817,4,1141,1,0,0,0
25999.34605720818,PAYMENT,268190.64288871817,1,160,13,0,0,0
207038.68727959166,PAYMENT,301999.46449772076,3,1076,7,0,0,0
17283.144046938887,TRANSFER,377563.3946670656,1,424,21,0,0,0
17464.913668912497,CASH_OUT,362951.7321324465,3,835,21,0,0,0
21890.23779797281,CASH_OUT,21681.65008411349,4,1493,14,0,0,0
41573.82682724594,TRANSFER,401285.9526475141,2,1984,0,0,0,0
14539.193520438395,CASH_OUT,266351.65352585574,1,990,23,0,0,0
123426.04583586723,CASH_OUT,195854.26540738632,1,291,5,0,0,0
15440.897817890547,TRANSFER,268759.7131340352,0,1379,19,0,0,0
113079.70678633341,TRANSFER,306225.7242286625,3,1733,18,1,0,0
5461.458554704887,CASH_OUT,74753.15493689849,3,796,10,0,1,0
53437.53618595588,TRANSFER,208707.6976632225,8,1088,5,0,0,0
118750.00411167527,TRANSFER,167793.1050940919,2,426,18,0,0,0
9241.200570057446,CASH_OUT,175204.47240901922,4,1590,3,0,0,0
172614.47181381306,CASH_IN,45667.46920365411,2,1779,9,0,0,0
30154.66321096659,CASH_OUT,79921.7440001152,4,1646,23,0,0,0
145675.46654622103,CASH_IN,80916.03379311069,6,1376,10,0,0,0
56477.298522017794,CASH_OUT,186612.3716108239,4,609,22,0,0,0
17947.223716893295,CASH_IN,447245.77243739576,3,896,22,0,0,0
10431.378793646341,CASH_OUT,103013.68596047134,2,915,21,0,0,0
18101.250518858567,PAYMENT,208096.25383740227,1,1996,7,0,1,0
4881.601169356458,TRANSFER,155804.70764956894,4,1876,8,0,1,0
7766.533490445192,PAYMENT,393691.65627566905,1,1785,0,0,0,0
5527.611819946485,TRANSFER,25063.216160408076,2,712,18,0,0,0
27490.758639589563,CASH_OUT,98271.6977679452,0,543,23,0,0,0
79378.531747235,PAYMENT,105320.77117739718,6,1098,16,0,0,0
7621.6484594814065,CASH_OUT,496481.40015661565,1,1741,8,0,0,0
6981.522458447776,CASH_IN,285387.5089831518,3,1115,16,0,0,0
51561.087944688625,CASH_OUT,69479.13219175911,2,963,11,1,0,1
10981.423196946427,TRANSFER,136099.56963828273,2,1612,13,0,0,0
5135.426104560244,PAYMENT,83911.04706146213,2,545,8,0,0,0
9126.993723510875,TRANSFER,62302.284809724,0,729,6,0,0,0
128674.69523768364,CASH_OUT,398591.0142039463,4,1804,15,1,0,0
86150.28209282701,PAYMENT,247876.31433017744,3,78,13,0,0,0
21852.786096009706,PAYMENT,315605.0684243907,7,1129,5,0,0,0
53329.6366042089,CASH_IN,165625.623495998,0,575,14,0,0,0
38531.190485584826,TRANSFER,276847.5430336647,5,1026,12,0,0,0
56524.387322310344,TRANSFER,128784.51626184856,2,841,19,0,0,0
57390.83344354256,TRANSFER,154018.1374641174,3,1798,4,0,0,0
49541.82663573485,CASH_OUT,326118.9721833665,4,1915,14,0,0,0
15469.218208957864,PAYMENT,75175.06295961513,1,1906,17,0,0,0
1989.3775684521581,TRANSFER,308610.92958373093,2,1109,12,0,0,0
30400.499620703285,TRANSFER,426117.40821156366,6,1351,10,0,0,0
110808.39177282747,TRANSFER,60211.61309038453,2,1871,10,1,0,0
42140.07935006194,PAYMENT,448730.6402849895,2,226,11,0,0,0
89306.08209483181,CASH_IN,39722.84014944749,1,1342,18,0,0,0
239121.28759787828,PAYMENT,174454.6134779365,4,1279,11,1,1,1
8933.384264307671,TRANSFER,305254.65761899727,2,1277,22,0,0,0
58846.69028259933,PAYMENT,279707.38005926844,3,1912,20,0,0,0
56087.94180804345,PAYMENT,48195.53624721673,2,1632,23,0,1,0
195489.89254179047,CASH_OUT,399456.5838929265,2,389,18,0,1,1
212028.90213218058,CASH_OUT,486576.64657262637,4,1033,18,0,0,0
58026.290781834825,CASH_OUT,90614.14459188505,4,1607,0,0,0,0
13960.224907804899,TRANSFER,447565.4849077314,3,1808,13,0,0,0
80112.15241543879,PAYMENT,278404.7210558753,4,1097,16,0,0,0
5660.066186709765,TRANSFER,467966.8856226637,4,1665,1,0,0,0
75865.57253056693,TRANSFER,88042.97920838055,3,470,6,0,0,0
120506.35718165954,CASH_IN,396010.6965897123,1,65,5,0,0,0
24130.813342018137,PAYMENT,29890.78772266557,2,1478,20,0,1,0
49798.53812843907,PAYMENT,441598.22340136324,3,664,19,0,1,0
28118.467834903517,CASH_OUT,337079.71109981684,0,1749,19,0,0,0
28791.7732412566,CASH_OUT,185127.39196121503,3,401,22,0,1,0
18580.067317664358,CASH_OUT,95233.41174892508,2,544,0,0,0,0
71801.46887064508,CASH_OUT,408266.5492836024,5,399,5,0,0,0
137581.74116340876,CASH_OUT,301620.6606974058,1,597,14,0,0,0
141300.20004597472,TRANSFER,180207.92647400068,0,1493,16,0,0,0
9605.34092700986,CASH_OUT,221917.91240125813,1,1860,3,0,0,0
103869.64194788253,CASH_OUT,413271.32803618826,2,1733,21,0,0,0
66862.15277675606,CASH_OUT,169463.59667843385,2,1348,1,0,0,0
14573.62238886478,PAYMENT,44816.33905496435,2,952,15,0,1,0
3482.758801762422,PAYMENT,455641.08610173635,5,649,20,0,0,0
15598.55156316425,TRANSFER,193671.8698290173,4,96,12,0,1,0
121639.3797871606,CASH_OUT,174193.75555760675,3,897,10,0,0,0
50144.020102789924,TRANSFER,102199.80943796968,5,1794,10,0,0,0
63836.97167758628,CASH_OUT,448711.2856141728,3,635,15,0,0,0
14863.215194438417,CASH_OUT,108752.66684391693,5,1374,9,0,0,0
63539.14505692121,CASH_IN,318336.43400069186,3,1568,3,0,0,0
1426.2244397212924,CASH_IN,440382.50580405147,4,1436,18,0,0,0
23525.895735232833,PAYMENT,17456.8073016087,2,771,21,0,0,0
49275.79069577103,CASH_IN,414395.85265009786,5,1184,6,0,1,0
7896.858299565792,PAYMENT,205299.71084488725,1,66,17,0,0,0
86581.28706138361,CASH_OUT,328987.28763260593,4,1041,11,0,0,0
13396.017973610633,CASH_IN,186202.28161277698,2,1919,21,0,0,0
52818.04605527639,CASH_OUT,347758.128173747,3,433,9,0,0,0
25976.26301992397,PAYMENT,127147.45727884957,4,1448,14,0,0,0
45322.415822089155,CASH_OUT,10965.271217698137,3,880,11,0,0,0
5683.668182306739,TRANSFER,473893.7573939768,2,1784,0,0,0,0
852.8727326465901,PAYMENT,8183.882020041388,3,1717,9,0,0,0
120155.87932777432,TRANSFER,412049.6448167536,8,1251,10,0,0,0
15710.20179665576,CASH_OUT,84568.7966612369,3,94,19,0,0,0
85650.28035793865,TRANSFER,196110.11430101393,3,1174,21,0,1,0
366950.02834376664,TRANSFER,411246.1882530279,3,368,18,0,0,0
11876.7847827395,CASH_IN,102966.07515617268,5,1425,14,0,0,0
15405.855384253811,PAYMENT,432853.8027625179,2,1687,2,0,0,0
54362.81873638287,TRANSFER,248879.4695509507,4,1383,15,0,0,0
168265.4105015206,CASH_OUT,183076.73135863827,2,1213,19,0,0,0
123736.53891602307,PAYMENT,331218.8733681681,4,1755,20,0,0,0
34945.74108006709,CASH_OUT,170694.86099047874,4,525,15,0,0,0
79264.17040715163,CASH_OUT,173644.1794981785,2,1666,9,0,0,0
7294.420096370461,TRANSFER,366763.1954691516,4,1857,14,0,0,0
189574.8184090207,CASH_IN,154916.11226955394,3,607,7,0,0,0
166704.84262668804,CASH_OUT,100386.32417721255,5,450,1,0,0,1
8940.125268997048,CASH_OUT,403823.06399828603,6,1835,3,1,0,1
17792.558795233625,TRANSFER,402685.5168636159,5,1099,13,0,0,0
5276.637497063112,CASH_OUT,248792.85185343464,3,1770,17,0,0,0
15853.319620153947,TRANSFER,263327.80808147753,1,1493,2,0,0,0
84628.96376585956,TRANSFER,348038.31288381934,5,1359,2,0,0,0
23766.136101778164,TRANSFER,254637.1458812167,3,1882,22,0,0,0
4627.53273299877,CASH_OUT,208519.97948461625,3,411,4,0,0,0
20944.657461582465,CASH_OUT,497447.0966483729,4,1454,1,0,0,0
199184.90454528396,PAYMENT,73820.21392627947,1,1592,5,0,0,0
49669.87454132283,CASH_IN,296363.98961993033,3,923,3,0,0,0
26906.496364895647,CASH_OUT,442931.5130378301,4,339,1,0,0,0
9108.389240709777,CASH_OUT,343607.52059055737,3,1594,18,1,0,0
214070.3371231012,CASH_OUT,440461.6495441192,2,298,14,0,0,0
85976.31525189313,PAYMENT,168167.3601773363,3,1486,1,0,0,0
16527.89918877025,PAYMENT,135996.4881301196,4,1078,3,0,0,0
3632.2280964980123,TRANSFER,425636.19345105236,4,1397,13,0,1,0
2914.5999605392194,PAYMENT,197057.28809273028,2,1153,11,0,0,0
6413.158960559024,PAYMENT,354841.1615286556,2,436,2,0,0,0
43466.61025577768,CASH_IN,73874.28920705713,2,311,7,0,1,0
132087.44226866015,CASH_OUT,377919.06268833735,2,589,19,0,0,0
34332.75777218248,CASH_OUT,274491.3245124347,4,1729,9,0,0,0
92558.11442038331,CASH_OUT,134305.81995523046,0,419,18,0,0,0
29519.29779407672,CASH_IN,247251.98197945254,4,749,14,0,0,0
61650.096033934475,PAYMENT,348471.81291985174,3,1127,13,0,0,0
65814.67751553793,TRANSFER,5943.204423691839,3,1476,18,0,0,0
9555.828342106923,CASH_OUT,318733.5294070647,3,86,19,0,0,0
22409.450112157185,CASH_OUT,270795.3891366372,2,120,22,1,0,0
50709.258925046575,CASH_OUT,110143.0838733663,6,223,18,0,0,0
3666.0007282356173,TRANSFER,376490.53698809835,3,423,22,0,0,0
22434.827319387616,CASH_OUT,151730.49231660058,2,1549,13,0,0,0
38264.33555246808,CASH_OUT,138430.4657732824,4,229,21,0,0,0
278961.03062433365,PAYMENT,235609.17449966134,4,38,5,1,0,1
32173.447934139032,CASH_OUT,338074.8392111824,3,1898,7,0,0,0
84656.40157676817,TRANSFER,464422.9879381272,4,1297,18,0,0,0
28287.616345110404,CASH_OUT,70678.62156605198,4,613,2,0,0,0
79577.62143215298,PAYMENT,198234.06037586683,5,1848,23,0,0,0
45244.64691297593,TRANSFER,33494.79625631496,3,75,2,0,0,0
108839.68450524351,CASH_IN,379275.3737358712,4,860,3,0,0,0
26461.578293818122,TRANSFER,223866.44484068034,1,1991,22,0,0,0
46355.50501401643,CASH_IN,353464.5675940926,0,1266,6,0,0,0
49715.13813887149,CASH_IN,161097.21198814365,5,1350,1,0,0,0
27011.257772462148,TRANSFER,422158.62070316175,1,447,12,0,0,0
7792.475315912574,CASH_IN,267414.03912005736,4,890,10,0,0,0
4911.4892655622325,TRANSFER,471803.9109118275,2,187,12,0,0,0
840.6042520103338,TRANSFER,39407.3195720171,6,1737,1,0,0,0
103389.19355516334,CASH_OUT,257138.41227103717,3,493,3,0,0,0
13490.464798743778,TRANSFER,383227.6229988493,2,1310,20,0,0,0
11881.571613140783,PAYMENT,300076.32403680735,3,970,15,0,0,0
66597.01386750012,PAYMENT,11597.070213421379,3,1612,21,1,0,0
19284.30884047426,CASH_OUT,486169.3391719404,1,1786,14,0,1,0
35265.511817810955,TRANSFER,149131.8465379492,5,263,22,0,0,0
8867.361383283445,CASH_OUT,124638.93318319102,0,1211,14,0,0,0
160626.9490842701,PAYMENT,242829.93780328977,2,1459,2,0,1,1
95385.9309645895,CASH_OUT,271079.05376167444,3,44,12,1,0,0
99677.73492423739,CASH_IN,383144.0687949127,2,625,16,0,0,0
26108.970788653372,CASH_OUT,196636.82882949457,2,1731,17,0,0,0
71850.17314214949,CASH_OUT,219980.1882311061,4,1076,15,0,0,0
7767.011751116064,CASH_IN,267479.9579669155,4,956,0,0,0,0
432.81805055269695,TRANSFER,197193.54987082034,3,726,13,0,0,0
1008.7543940300479,CASH_OUT,457274.039550578,3,1262,1,0,1,0
44167.191723178636,TRANSFER,425625.9833171261,3,64,5,0,0,0
30384.71718756196,CASH_OUT,227486.84753893915,2,1759,22,0,0,0
36492.150482356075,CASH_IN,97.43116865856827,4,1292,11,0,0,0
374.55644958619024,TRANSFER,450467.2477646403,6,210,7,0,0,0
27468.50198663241,CASH_OUT,62168.28671973263,3,60,23,0,0,0
63304.49718228755,TRANSFER,122256.20759702311,0,439,6,0,0,0
29232.014174847172,CASH_OUT,76180.6421826991,0,1852,17,1,0,0
65879.328358132,PAYMENT,89907.78499051188,5,1253,10,0,0,0
13264.660167008058,CASH_IN,401438.76894491736,5,1961,20,0,0,0
83870.31664297618,CASH_IN,289750.7208329621,2,210,19,0,0,0
44388.95889677393,TRANSFER,478047.58156267426,2,1749,1,0,0,0
11834.437449777988,TRANSFER,115726.75616185824,4,1648,10,0,0,0
13506.548298580015,CASH_OUT,242817.454065617,1,1499,7,0,0,0
49447.16610333097,PAYMENT,488714.184541235,2,585,19,0,1,0
88580.07855018075,TRANSFER,413221.75713738485,6,1111,16,0,0,0
26860.85698210601,TRANSFER,364307.8395602455,2,1514,21,0,0,0
14940.550440639474,CASH_IN,94487.60068539597,4,990,12,0,0,0
100874.6712286573,CASH_OUT,384702.7004548581,5,682,19,0,0,0
55322.389068689314,CASH_OUT,173782.5612979589,1,1370,11,0,0,0
29718.105648240646,CASH_OUT,265268.4485233788,2,609,22,0,0,0
33461.787092205646,CASH_OUT,304580.6065197701,5,1232,22,0,0,0
11423.917047700013,CASH_OUT,304681.85576212703,4,1178,10,0,0,0
49282.392868361596,TRANSFER,363261.7359567582,1,731,20,0,0,0
22216.210155004064,TRANSFER,330851.04632110277,3,973,12,0,0,0
271823.56188317214,CASH_OUT,34185.43965529491,7,1404,8,0,0,0
32713.972183031092,PAYMENT,228673.51297455363,5,1244,6,1,0,0
33265.47411187799,CASH_OUT,332010.8033599896,0,101,9,0,1,0
41718.464975939445,PAYMENT,147996.49108286435,1,1528,20,0,0,0
124298.96311280482,TRANSFER,156528.34360819485,5,1381,11,0,0,0
80676.84003548296,TRANSFER,62283.773877307765,4,1941,7,0,0,0
29994.689342521837,CASH_IN,209307.4929874277,1,1872,11,0,0,0
63416.54770395613,CASH_OUT,493415.2171530873,3,1973,11,0,0,0
44122.91523205101,TRANSFER,142659.6806440187,2,115,13,0,0,0
33899.83146863323,CASH_IN,265718.44634304906,1,1221,10,0,0,0
10679.205237388775,TRANSFER,371618.6263895422,6,698,13,0,0,0
31175.110675799355,CASH_OUT,6748.635442135331,1,358,13,0,1,0
14106.116957404363,TRANSFER,450219.77979914943,1,686,10,1,0,0
123162.43420641002,PAYMENT,193275.09236246927,4,1054,1,0,0,0
20429.008756999796,CASH_IN,434557.99335549114,3,1929,21,1,0,0
152103.4876607742,CASH_OUT,19473.829449739023,2,125,7,0,0,1
38077.22112647387,CASH_OUT,72831.77593183792,2,1265,6,0,0,0
49921.75026026282,TRANSFER,161264.7272387796,5,1054,14,0,0,0
39147.07890872705,CASH_OUT,172730.88653163938,5,950,3,0,0,0
6927.519305881899,CASH_OUT,423897.11151400825,3,710,0,0,1,0
23565.9221824097,CASH_OUT,5600.557694117602,0,760,2,0,0,0
5220.610065703521,CASH_OUT,320555.8882348398,1,692,20,0,1,0
48769.41001226755,CASH_OUT,65656.21808927513,1,303,5,0,0,0
29608.49041080727,CASH_IN,411607.8253555247,1,785,18,0,0,0
75250.51018873462,CASH_OUT,389286.63297895616,0,124,1,0,0,0
12453.236102681323,CASH_OUT,249960.5137056003,1,697,14,0,0,0
8990.199930991672,CASH_OUT,106343.61275618759,3,1425,18,0,0,0
26071.771373963387,CASH_IN,317247.69548277813,5,1543,20,0,0,0
130581.61122364977,PAYMENT,78129.15882882282,4,114,18,0,0,0
61966.49746947053,PAYMENT,95011.89629632673,0,681,23,0,0,0
27143.653801211847,CASH_OUT,313344.95111267886,1,1794,22,0,0,0
36415.11413053084,PAYMENT,495614.2230443122,2,629,8,0,0,0
4398.574315197053,TRANSFER,445530.4186262731,3,528,18,0,0,0
208591.19113914258,CASH_OUT,296553.67884183855,2,1028,12,0,0,1
54891.725265239074,TRANSFER,269268.38438371185,0,1614,7,0,0,0
16801.90133763775,PAYMENT,499192.4400040543,4,1534,23,0,0,0
44071.32981589317,PAYMENT,273698.5738169468,2,1296,20,0,0,0
5797.618708386768,CASH_IN,210058.26097972196,6,1006,5,0,0,0
168830.11987369368,CASH_IN,454777.7678876707,3,536,9,0,0,0
9605.565292785413,CASH_OUT,117092.14793464412,4,1662,8,0,0,0
52210.51189660951,TRANSFER,48762.99514840449,3,45,14,0,1,0
14081.982405382993,CASH_OUT,317045.01718091517,2,912,13,0,0,0
63214.7017858399,CASH_IN,47924.8168843745,2,1821,1,0,0,0
74989.13922103935,CASH_OUT,186574.26847648007,5,184,0,0,0,0
55953.975361256526,CASH_IN,211788.69279086028,0,1542,10,1,0,0
47660.63429317505,TRANSFER,273769.03352461656,1,210,14,0,0,0
111498.84873066316,TRANSFER,495829.77287398116,3,889,14,0,0,0
4094.5008235241394,CASH_OUT,110490.86166659038,3,193,5,0,0,0
20092.191077925956,TRANSFER,187878.18925345602,1,1444,0,0,0,0
14270.065743282434,CASH_IN,66120.06220532901,2,319,16,0,0,0
221200.6406021946,CASH_OUT,303806.76301661733,6,1939,2,1,0,1
24664.8230320378,TRANSFER,363836.5911539167,4,1431,13,0,0,0
65952.85534958936,CASH_OUT,241038.41161793942,1,862,19,0,0,0
57715.52624718473,TRANSFER,122915.63414498552,2,545,11,0,0,0
11918.014384206752,CASH_OUT,310444.13459087384,3,1171,19,0,0,0
13655.943639142604,CASH_OUT,269578.86168442474,2,1079,11,1,0,0
16514.488822423737,CASH_IN,85592.86170185887,3,177,4,0,0,0
26477.2605401502,TRANSFER,202840.95025106514,1,916,5,0,0,0
13349.878350048963,CASH_OUT,217598.54581759748,3,464,19,0,0,0
992.3570344335413,TRANSFER,491308.87688571645,3,746,22,0,0,0
105760.92121333105,CASH_OUT,424642.91607776086,1,1152,14,0,0,0
168499.2275703082,CASH_OUT,367185.3941367969,1,679,1,0,0,1
20894.88267305845,TRANSFER,444388.51275147375,5,805,7,1,0,0
20662.784760868442,CASH_OUT,367742.2029143575,3,943,19,0,0,0
355.8539602992268,PAYMENT,451700.92756286665,4,1053,5,0,0,0
57010.89956198645,TRANSFER,27276.55743975399,6,1198,16,0,0,0
87274.30798369211,PAYMENT,228033.10463345828,2,1122,17,0,1,0
7926.831725002745,CASH_IN,373449.1676209168,4,315,13,1,0,0
8697.813143735782,CASH_OUT,291647.89830500673,2,1660,19,0,0,0
78052.21276493059,TRANSFER,87583.08207539334,3,964,9,0,1,0
47893.50851774626,TRANSFER,170246.04326426712,6,90,12,0,1,0
2294.8968102495337,CASH_OUT,158887.18751334562,0,1425,16,0,0,0
48715.45980434359,PAYMENT,130673.456592168,7,1077,0,0,0,0
18474.81963060288,PAYMENT,171567.77675698305,3,1646,22,0,0,0
23000.69707485566,TRANSFER,257426.6442305605,2,274,7,0,0,0
73425.44524046479,TRANSFER,427434.512391638,4,1279,15,0,0,0
83283.27133928746,CASH_OUT,371016.33119687816,3,648,12,0,0,0
25571.00892725221,TRANSFER,417624.85200811684,3,64,6,0,0,0
147017.6560891229,PAYMENT,441801.87228154315,2,1171,18,0,0,0
26082.7624819199,TRANSFER,208075.22804880363,4,1242,7,0,0,0
73884.53823800264,CASH_OUT,173013.14201337358,2,488,23,0,0,0
33070.53412065194,PAYMENT,28811.690842080905,2,1919,20,0,0,0
113910.3955424943,TRANSFER,465245.81093821715,4,869,11,0,1,0
119168.74429382611,TRANSFER,32911.50896907197,0,812,23,0,0,0
4573.801411241317,TRANSFER,370567.7576852352,3,321,15,0,0,0
137830.51799304847,TRANSFER,189054.1522327936,3,1175,12,0,0,0
87301.5111074391,PAYMENT,474390.38724959316,4,340,17,0,0,0
78345.44022810765,CASH_IN,209801.0104670645,2,1730,12,0,0,0
11214.16876368514,CASH_OUT,408304.17567735823,0,603,20,0,0,0
81768.3617150949,CASH_IN,141327.4160818383,1,861,18,0,0,0
94900.26372696992,TRANSFER,149544.35862192334,1,1988,5,0,0,0
17064.715619972594,PAYMENT,297759.70493921713,2,247,11,0,1,0
152099.36497561712,CASH_IN,498991.3168537369,2,383,5,0,0,0
2557.304545292274,TRANSFER,258786.20898959815,2,744,18,0,0,0
8120.608715529733,PAYMENT,468154.3181966453,3,1043,22,0,0,0
38564.208552241565,CASH_OUT,393124.9141243639,2,809,15,0,0,0
42876.624429697236,CASH_OUT,397932.15708861744,8,357,13,0,0,0
51803.01743803974,PAYMENT,217979.99456438204,6,1803,23,0,0,0
855.7377382997189,CASH_IN,193271.1250864003,3,1189,11,0,0,0
161404.37439062417,CASH_IN,95960.90404540769,3,838,17,0,0,0
2280.635749144228,PAYMENT,481970.63349182677,3,98,15,0,0,0
7719.482661154764,TRANSFER,479696.80622191,2,1162,16,0,0,0
705.682407257717,TRANSFER,373533.86715509143,2,999,15,0,0,0
41834.53302603049,CASH_IN,148126.22492633475,2,800,10,0,0,0
134609.00297228663,TRANSFER,122589.77017114109,5,584,15,0,0,0
54822.805656379714,PAYMENT,494305.1211934815,2,450,8,0,0,0
86483.61050912512,TRANSFER,33271.40755408875,5,627,14,0,0,0
668.5093697652344,PAYMENT,421782.1460706545,3,1494,17,1,1,0
39045.97491099998,TRANSFER,177729.00024123734,5,1334,7,0,0,0
30768.858290776065,CASH_IN,209434.85986361027,1,545,17,1,0,0
34554.25981764517,TRANSFER,415988.8243744186,3,983,2,0,0,0
3747.66490818049,CASH_IN,45301.50800267902,2,1602,4,0,0,0
57669.587011682546,CASH_OUT,177084.8392601286,3,1189,1,0,0,0
34980.44209589067,TRANSFER,476012.1385847865,1,507,10,0,0,0
72440.168459389,PAYMENT,349532.9563856282,4,38,18,0,0,0
33207.64378004646,PAYMENT,377469.5824029452,2,1644,22,0,0,0
8089.5853597795485,CASH_IN,378752.6504777382,3,1950,1,0,0,0
52242.71765635617,CASH_OUT,30285.041581972262,1,1296,17,0,0,0
9460.442719912357,CASH_OUT,101603.79663021557,3,393,6,0,0,0
102940.61510209551,TRANSFER,245631.6280406059,2,1962,15,0,0,0
47481.54952106525,CASH_OUT,184075.1162376876,6,481,0,1,0,1
8551.51024925334,CASH_IN,205456.14656642673,0,813,12,0,0,0
163955.2588329341,CASH_OUT,390723.6893128363,1,534,2,0,1,1
36528.483760756484,TRANSFER,7339.617533867638,2,1737,17,0,0,0
3784.6087254683,CASH_OUT,330245.9631606194,4,780,3,0,0,0
49286.44911053797,TRANSFER,55.11590091122898,2,1118,19,0,0,0
14597.820187743075,TRANSFER,31529.262788121847,6,1067,16,0,0,0
81403.89102622788,CASH_OUT,204143.05991881198,7,760,4,0,0,0
85138.57258470943,TRANSFER,420474.25990241073,4,155,6,0,0,0
193036.4557068606,TRANSFER,72497.88278223024,2,1591,8,0,0,0
34844.66251876125,CASH_IN,277310.7045643058,0,908,3,0,0,0
30344.518384153827,CASH_OUT,339252.6134133721,0,1469,21,0,0,0
70014.71633450079,TRANSFER,114766.44208608028,5,1029,8,0,1,0
7105.2971095372895,CASH_IN,256165.12763479148,4,1306,16,0,0,0
39583.83335604154,PAYMENT,455703.64156909613,2,1439,9,0,0,0
39510.18022246207,CASH_IN,256114.2626827664,4,813,16,0,0,0
4686.593054813526,CASH_IN,78661.53089382399,3,1273,23,0,0,0
27062.87435673569,TRANSFER,313907.1483437724,5,1486,11,0,0,0
95963.09883097615,PAYMENT,296100.09000425704,3,887,9,0,0,0
96950.46841351823,CASH_OUT,13477.37989906561,3,232,10,0,1,0
5225.691760738075,TRANSFER,45297.2028737833,3,1588,12,1,0,0
4755.158612724009,PAYMENT,78390.67757050539,7,635,16,0,0,0
15237.713973150594,TRANSFER,68144.53878093496,4,529,22,0,0,0
103878.58955925901,PAYMENT,129732.88528046657,4,1369,14,0,0,0
6900.073287920482,PAYMENT,227052.66161778398,7,252,4,0,0,0
63647.7128345197,CASH_OUT,185858.1489494922,1,1713,10,0,1,0
5332.824398536797,CASH_IN,445324.9457022985,1,1530,23,0,0,0
48793.79091062655,TRANSFER,306054.70470316854,5,1383,12,0,0,0
22008.05300381365,CASH_OUT,438072.17498092155,4,1967,5,0,1,0
77774.47350806756,CASH_IN,263519.66245879943,3,1947,9,0,1,0
13308.453853426472,TRANSFER,44935.23534466998,5,1112,19,0,0,0
50971.82805889042,PAYMENT,231643.7245332174,5,188,2,1,0,0
13438.602273236811,TRANSFER,411016.2734211825,9,673,2,0,0,0
62528.8175888835,TRANSFER,97051.88358355404,3,285,0,0,0,0
103446.06749735141,PAYMENT,45607.13937632488,5,952,1,0,0,0
6779.635734592118,TRANSFER,164717.36916913005,5,1433,4,0,0,0
100718.54133244185,TRANSFER,194448.9153200698,3,559,13,0,0,0
45017.82474214858,CASH_OUT,153128.8382029522,5,1756,6,0,0,0
6797.314785977164,CASH_IN,67620.39281227799,1,1417,11,0,0,0
27890.782801250873,CASH_OUT,125419.92986085726,3,252,3,0,0,0
8768.903543235088,CASH_IN,341141.20230105513,3,1508,17,0,0,0
60256.65533858866,TRANSFER,192964.25814658197,6,560,20,0,0,0
71120.56675187442,PAYMENT,316274.7223092779,3,1988,8,0,0,0
5591.0961874045815,CASH_IN,268151.88995936624,3,351,11,0,0,0
35275.14522480319,CASH_OUT,274526.46992883453,4,1899,11,0,0,0
84268.73903771267,TRANSFER,124274.77897389799,5,1921,23,0,0,0
137571.14851591203,PAYMENT,260771.5163840908,2,904,4,0,0,0
36027.755154531165,PAYMENT,11797.356931600889,1,1684,6,0,0,0
150066.6198622234,TRANSFER,215871.8711624631,1,1355,16,0,1,0
38360.03145142411,PAYMENT,286311.4115949575,2,249,19,0,0,0
25059.48449274814,PAYMENT,90997.81067705464,1,195,22,0,1,0
94260.60119679297,PAYMENT,128279.25312447568,0,186,18,0,0,0
33960.50871559142,PAYMENT,109765.5099078097,3,1813,3,0,0,0
31923.718661861516,TRANSFER,35278.97763271209,1,1400,0,0,0,0
33697.87326945151,CASH_IN,173928.66057004503,2,982,7,1,0,0
93795.65637224464,TRANSFER,489482.88322596974,1,284,1,0,1,0
89172.16969812546,CASH_OUT,176940.20323180503,3,717,0,0,0,0
25835.477712548167,TRANSFER,230268.3109184878,0,1741,2,0,0,0
20270.744958722076,CASH_OUT,326543.6254781876,2,1046,18,0,0,0
33856.607823883875,CASH_OUT,324248.8755845536,0,218,22,0,0,0
42521.9321770099,CASH_OUT,474947.49000931205,5,480,13,0,0,0
13612.567743746915,CASH_OUT,428782.0701995626,3,1229,17,0,0,0
78983.05492988002,PAYMENT,396975.34355257615,1,1135,22,1,0,1
33323.58439125339,CASH_OUT,475813.6128891553,3,1829,13,0,0,0
20326.70009007404,CASH_OUT,115382.69274158581,4,871,16,1,0,0
5648.413119340875,CASH_OUT,308527.09731089626,5,1779,9,0,0,0
13645.92366140808,CASH_OUT,443598.38336107816,1,117,19,1,0,0
149072.9035782253,CASH_OUT,312069.0791390509,4,1376,23,0,0,0
18199.343898886207,TRANSFER,488710.23730343475,2,1434,6,1,0,1
9247.808579302948,CASH_IN,50176.356953189505,7,1835,10,0,0,0
30871.641334387732,CASH_IN,219665.25139660016,3,1821,20,0,0,0
18342.595080194485,CASH_IN,488681.45395431813,6,1612,22,0,0,0
1789.610872461834,CASH_OUT,189784.01428496288,3,1077,8,0,0,0
19514.926511490266,CASH_OUT,369778.1875496522,4,1400,0,0,0,0
39275.035411896235,CASH_OUT,15201.45053932459,1,1499,17,0,0,0
40116.011291850155,PAYMENT,347418.5573151565,0,1495,16,0,0,0
22046.240986930334,CASH_OUT,467313.36626378924,7,1815,20,0,0,0
29647.245352131806,TRANSFER,191353.14259500135,4,447,18,0,0,0
168365.77294936735,CASH_OUT,10649.918963464734,1,828,9,0,0,0
23688.41350954555,CASH_OUT,13954.902197741925,2,1613,0,0,0,0
14935.588039591536,CASH_IN,446011.6528555445,2,504,0,0,0,0
13950.459150513838,PAYMENT,361258.0535481309,3,74,6,0,0,0
30602.753895849073,PAYMENT,53343.192113289915,3,186,17,0,0,0
71255.94856973818,TRANSFER,27295.138525598282,3,148,10,0,0,0
11532.84682355045,CASH_IN,402412.6818077397,0,954,12,0,0,0
61772.50744884366,PAYMENT,404930.31640267954,1,1548,8,0,0,0
1068.8342646065478,CASH_IN,60260.9198960245,1,651,22,0,0,0
27144.458623667484,CASH_OUT,150760.2019443184,3,1244,16,0,0,0
74775.35105010256,TRANSFER,390013.0322869448,3,1613,10,0,0,0
20679.876018768096,PAYMENT,262706.03547700314,2,1449,0,0,1,0
41475.511950762775,TRANSFER,478292.43036264967,1,1515,19,0,0,0
11469.352121871298,CASH_IN,240531.3226730025,3,440,15,0,0,0
67738.89151840155,CASH_IN,338478.9687827563,3,972,18,0,0,0
2684.7616402905346,TRANSFER,254891.6828707921,1,1247,21,0,0,0
95710.81314024368,TRANSFER,471482.74784252286,1,66,10,0,0,0
11044.578597567232,TRANSFER,199329.54603380442,1,1816,13,0,0,0
103731.86769794064,CASH_IN,114898.22758930002,4,155,11,0,1,0
21734.08233689405,PAYMENT,163316.93014049658,6,74,7,0,0,0
64129.8047170358,CASH_OUT,426387.6020826146,0,1238,14,0,0,0
19226.193066188232,TRANSFER,248969.2817560667,2,1071,22,0,0,0
118176.06351034767,CASH_OUT,177126.1517511195,3,1564,0,0,0,0
6770.207286243114,PAYMENT,272130.0109047414,3,1578,5,0,0,0
9832.371549431606,TRANSFER,66614.85363842118,4,1382,11,0,0,0
33965.18478077383,TRANSFER,2679.652312798042,4,1850,8,0,0,0
4274.541536937936,PAYMENT,140292.34184674537,0,341,17,0,0,0
10906.56821067724,CASH_OUT,302502.85989177116,4,1255,7,0,0,0
143912.0259820358,CASH_OUT,355840.38483069366,5,1073,19,0,0,0
187515.75017142092,TRANSFER,413305.4831759833,2,770,18,0,0,0
23601.02944353116,CASH_OUT,463331.7796972348,7,1978,22,0,0,0
128383.5665928019,TRANSFER,206056.17348238404,5,419,4,0,0,0
39353.63030303842,CASH_IN,370258.3997787273,1,774,21,0,0,0
15717.901028996244,PAYMENT,37336.465099031266,3,439,19,0,0,0
60600.033929410456,CASH_IN,28764.999386040046,5,218,11,0,0,0
53779.244294593555,CASH_IN,62398.9959930783,2,1139,18,0,0,0
226065.90228848578,TRANSFER,224284.5489153812,4,659,4,0,0,0
15397.455922512934,CASH_OUT,105640.71924937496,3,200,1,0,0,0
55746.15488044749,CASH_OUT,143462.4709689079,0,716,3,0,0,0
2671.2917544506568,PAYMENT,323940.08675615134,6,515,22,0,0,0
6031.94516504489,PAYMENT,179261.089401423,6,1847,20,0,0,0
196.30359475714428,CASH_OUT,278685.7788590111,5,494,21,0,0,0
376260.1718016094,TRANSFER,206201.8783682961,4,158,4,0,1,1
81043.5756691717,TRANSFER,84484.62775990978,4,1788,6,0,0,0
77258.17788744434,TRANSFER,37009.99512794706,1,230,11,0,0,0
35639.550702620756,CASH_IN,118115.74765494393,7,567,8,0,0,0
17838.539062651907,TRANSFER,28850.234745522175,1,1629,10,0,0,0
8200.371512553224,CASH_IN,309305.97994490346,3,1755,13,0,0,0
16750.89645121938,TRANSFER,397858.8007330502,5,527,13,0,0,0
23577.93964864207,PAYMENT,169870.38411870043,2,1938,6,0,0,0
70592.9375608539,CASH_IN,193555.52767617913,4,406,2,0,0,0
38789.69090708702,CASH_IN,408095.5313796533,3,291,22,0,0,0
4032.50771168098,CASH_OUT,111306.45618678014,5,1814,2,0,0,0
909.675587768132,CASH_OUT,59580.13259743711,4,1163,3,0,0,0
5397.759475397189,TRANSFER,250559.05866554324,3,347,21,0,0,0
26423.91884919933,TRANSFER,323095.08476661856,4,1631,6,0,0,0
135297.30859301143,PAYMENT,299827.2125232396,3,1735,23,0,0,0
50723.09117561081,CASH_IN,356936.5226370904,1,568,8,1,0,0
80930.46705408584,CASH_OUT,28375.59108651194,4,862,0,0,0,0
31403.058700794605,TRANSFER,214100.80637918643,1,827,3,0,0,0
22444.687599057743,CASH_OUT,119285.26197284655,3,1135,2,0,0,0
5736.904775085802,CASH_IN,379560.6297730121,0,639,5,0,0,0
104346.68577712703,CASH_IN,436365.2420301748,5,754,5,0,0,0
76429.78292289253,TRANSFER,140667.87040320743,1,606,23,0,0,0
9203.23962319994,CASH_OUT,47609.039534704134,5,1228,10,0,0,0
35898.69790481824,PAYMENT,126713.98099569841,1,1725,3,0,0,0
33410.51602867792,PAYMENT,52004.244529459844,2,392,3,0,1,1
49053.671165813925,TRANSFER,161211.08305672687,9,191,12,0,1,0
146111.91176855814,CASH_IN,269099.28916091286,4,1484,16,0,0,0
43347.82647202849,CASH_IN,486840.4771991032,5,146,10,0,0,0
38850.06100803716,TRANSFER,199685.12717567926,0,811,2,0,0,0
2581.664079077831,TRANSFER,110019.96192731056,4,1570,2,0,0,0
3248.662835363941,CASH_OUT,83400.87018541753,2,1940,11,0,0,0
10372.540901671198,TRANSFER,86519.883069338,3,1601,14,0,0,0
1650.482219839466,TRANSFER,96298.8416307296,2,667,15,0,0,0
68002.66361068422,TRANSFER,381133.5112687235,3,275,23,0,0,0
64246.545875006865,CASH_OUT,30513.85571620996,2,893,7,0,0,0
7312.379922200576,CASH_OUT,498701.35347151704,3,1043,23,1,0,0
90418.50346675423,CASH_OUT,261343.19558313058,2,1318,13,0,0,0
8408.273523907365,TRANSFER,272135.94715041283,1,1162,23,0,1,0
17917.788286239884,PAYMENT,178781.93934980241,6,192,5,0,0,0
14315.94337931888,PAYMENT,345127.6797060602,2,950,4,0,0,0
23285.212129259337,TRANSFER,235728.17044039886,5,1384,19,0,0,0
14695.992073208732,TRANSFER,164530.64248227488,3,1611,18,0,0,0
33564.482951120786,PAYMENT,132569.20185402143,3,922,6,0,0,0
26162.447177544967,TRANSFER,462825.60346662975,4,1158,0,1,0,0
215511.3176255523,CASH_IN,145494.7575262101,3,1946,1,0,0,0
2877.5548473995304,TRANSFER,218196.629714921,4,298,7,0,0,0
7668.129811598556,PAYMENT,175170.70105823412,1,90,3,1,0,0
2713.617627255768,CASH_OUT,43089.413714017974,3,1595,23,0,0,0
49153.74796716641,PAYMENT,92967.19724113356,4,1663,14,1,0,0
2802.5601554575887,CASH_IN,94750.98766319102,5,1597,13,0,0,0
90528.68889069898,CASH_IN,346824.7571948274,3,1979,5,0,0,0
35865.70621181925,CASH_IN,203292.70498290457,2,1903,16,0,0,0
37433.80051214097,CASH_OUT,390983.7815353293,3,1796,5,0,0,0
41230.55076990261,TRANSFER,354475.46216707845,2,1877,11,0,0,0
9365.521405558402,TRANSFER,96024.88319801883,5,224,16,0,0,0
11013.029496847832,TRANSFER,281458.4600600503,6,1508,7,0,0,0
19196.238022691654,CASH_OUT,371454.4230244014,6,1924,0,0,0,0
45008.126643336276,CASH_IN,316521.4617378615,4,1876,4,0,1,0
11793.57140518704,CASH_IN,300008.25404399046,2,1663,9,0,0,0
6183.677185453798,TRANSFER,369805.443700384,1,1701,21,0,0,0
175523.08606412733,CASH_OUT,28390.369628153443,4,1480,23,0,1,1
1111.3507428000828,CASH_OUT,365710.9736807164,1,461,3,0,1,0
81150.83575917926,PAYMENT,136327.6315767142,2,983,2,0,0,0
77566.74089693121,TRANSFER,285936.12725467706,4,573,14,0,0,0
17635.150258873604,CASH_IN,121152.49734825373,2,1413,4,0,0,0
7287.522306612641,PAYMENT,419408.7861034188,1,1387,23,0,0,0
7869.466989282823,PAYMENT,240279.677150378,5,354,15,0,0,0
59772.39841693193,TRANSFER,321470.6060124918,4,1940,14,0,0,0
51473.89411194935,CASH_OUT,397041.021738364,4,1316,23,0,0,0
76334.33018244214,CASH_IN,447657.6275356822,2,817,20,0,0,0
138614.37629948003,PAYMENT,366031.0485346705,2,859,15,1,0,0
58870.98451314484,CASH_IN,74384.28809520286,1,1714,8,0,0,0
8471.344764783593,TRANSFER,427266.18479289324,1,633,15,0,0,0
13948.844752435996,PAYMENT,309288.9579327531,3,954,17,0,0,0
92319.35715261263,CASH_OUT,304724.8791901368,1,483,15,0,0,0
11742.216702772106,PAYMENT,460670.2799024608,4,579,3,0,0,0
3764.3273098238046,PAYMENT,124415.77783294156,5,1479,16,0,0,0
60748.326396648234,PAYMENT,119793.80924701666,0,646,10,0,0,0
25752.25528781305,PAYMENT,256596.77734748094,3,1440,23,1,0,0
126311.47132512623,CASH_OUT,375431.53326743253,4,1218,14,0,0,0
52527.5582368631,CASH_IN,223620.35411425456,2,558,17,1,0,0
4738.560032525738,CASH_IN,316945.6949462011,5,1726,23,0,0,0
147687.8517772499,CASH_OUT,226262.36211135943,5,551,23,0,0,0
14957.867357159796,CASH_IN,305193.59024348436,1,578,23,0,0,0
20565.041925860143,CASH_OUT,411131.15130685555,3,156,21,0,0,0
25730.00471326034,PAYMENT,90238.34804546165,3,1470,23,0,0,0
2629.142928765788,TRANSFER,347689.26700299204,2,1816,3,0,0,0
34310.10986717417,CASH_IN,393712.86966909165,6,1337,14,0,0,0
6580.575614469336,CASH_OUT,223555.70374089124,0,756,21,0,0,0
25622.20720053864,TRANSFER,161616.78853392715,2,199,1,0,0,0
21593.774713247767,TRANSFER,6772.161962201039,6,1685,6,1,0,0
74105.05156158739,TRANSFER,398552.5111670468,0,395,11,1,0,0
81270.87331620938,PAYMENT,163969.32951799405,2,87,16,0,0,0
8327.108381471462,CASH_OUT,178654.7347040251,3,1741,8,0,0,0
22828.804169992007,PAYMENT,168003.08154940614,5,924,9,0,0,0
23368.60761356089,CASH_IN,249369.66540616905,0,1551,1,0,0,0
8208.982677202444,PAYMENT,351249.78660953854,0,464,6,0,0,0
80086.75900249564,CASH_IN,385931.56550025544,4,1419,21,0,0,0
61418.112567749675,TRANSFER,196285.36020157917,1,935,17,1,0,0
10559.624176961988,TRANSFER,331551.01752258453,6,1957,5,0,0,0
22842.281519771488,TRANSFER,360342.1251356576,4,1581,18,0,0,0
5591.5717292891195,CASH_OUT,148458.66583869077,2,1800,16,0,0,0
49470.84737564512,CASH_IN,48310.73476854664,1,253,22,0,0,0
6469.679659593019,CASH_OUT,447332.86032223125,2,1115,12,0,0,0
213200.33646448614,CASH_IN,338557.98589079647,5,1486,3,0,0,0
75861.6444064644,CASH_OUT,324055.20443814574,2,1930,14,0,0,0
24734.37315961957,PAYMENT,29451.25760598899,1,1654,22,0,0,0
43204.35955250423,CASH_OUT,408936.5287519632,3,898,1,0,0,0
121148.34675295005,CASH_OUT,283027.07804302656,4,1708,0,0,0,0
40382.94767629455,PAYMENT,423942.20865878306,0,557,15,0,0,0
9588.209103286865,CASH_OUT,487280.5918683807,6,1031,7,1,0,0
23797.331141513783,PAYMENT,478550.1604401211,5,238,6,1,0,0
92621.63033929931,TRANSFER,428044.67319510377,3,1080,4,0,0,0
51671.154337000335,CASH_OUT,5473.6869156844505,5,588,19,0,0,0
52594.696937477645,CASH_IN,442863.60411847825,2,1207,1,0,0,0
100803.24189271843,TRANSFER,37531.15691382275,5,1509,21,0,1,0
112203.10211425007,PAYMENT,425596.9850883836,0,454,4,0,0,0
126156.95735973555,TRANSFER,140087.03430581183,3,390,9,1,0,0
4982.685593766578,PAYMENT,305034.1692666838,3,1704,13,0,0,0
39276.94138728509,TRANSFER,19034.115574939835,3,120,1,0,0,0
67451.7633839335,CASH_OUT,385590.848059114,3,550,20,0,1,0
70719.64160438393,TRANSFER,55853.06111648575,4,211,18,0,0,0
46661.18976665835,TRANSFER,205344.08583788594,2,1576,4,0,0,0
9123.318474960866,TRANSFER,408723.0011626507,7,548,20,1,0,0
79831.1571580673,PAYMENT,347674.49825416756,2,1593,4,0,0,0
63668.16872903973,PAYMENT,3021.3484290334545,2,1019,23,0,0,0
4503.663255733752,CASH_OUT,201516.1672712744,3,1115,4,0,0,0
31163.318806382893,TRANSFER,20963.758482254012,8,980,5,0,0,0
9556.657224086266,TRANSFER,336749.93040923454,1,1729,16,0,0,0
20585.00368707837,CASH_OUT,484474.2458766607,1,656,13,0,0,0
912.3276329167063,CASH_OUT,327630.6311503796,5,1126,3,1,0,0
25568.777781770157,CASH_OUT,112186.2155587779,3,128,17,0,0,0
39911.71125363297,CASH_IN,177616.51603327005,1,732,17,0,0,0
48324.30945883536,PAYMENT,488325.27782923385,3,1360,10,0,0,0
54456.42191347343,CASH_OUT,112026.20601617503,4,1258,16,0,0,0
90483.336502684,CASH_OUT,280764.5365272213,3,1869,13,0,0,0
12133.071296641869,PAYMENT,200226.90434087237,4,609,5,0,0,0
6419.052347748259,TRANSFER,384157.6489641108,5,1319,18,0,0,0
95371.03339422807,PAYMENT,433694.6359899436,2,1431,17,0,0,0
8516.456605443072,CASH_IN,170418.63717514838,4,567,7,0,0,0
183966.4231913008,TRANSFER,330198.1818496913,7,1948,4,0,0,0
92428.62882599038,CASH_OUT,274523.84875886363,5,1504,15,0,0,0
34745.09655067964,PAYMENT,139222.24502771668,2,783,12,0,0,0
199287.31198560126,CASH_IN,135970.40140650084,2,978,14,1,0,1
5122.500492822375,TRANSFER,269315.82376615197,4,968,0,1,0,0
18053.211078049357,PAYMENT,77001.4367661499,5,1710,0,0,0,0
50836.559522224314,TRANSFER,405404.94824123575,2,910,1,0,0,0
21539.67415150488,TRANSFER,34502.41960020101,3,1720,18,0,0,0
131813.84631263246,PAYMENT,47287.24310415816,3,1331,1,0,0,0
3393.929350439305,CASH_IN,171113.15446363378,4,649,15,0,0,0
39860.07548931429,PAYMENT,59045.87909856668,1,1601,1,0,0,0
44685.660089990146,PAYMENT,237850.01062774623,3,485,20,0,0,0
52882.365042514444,CASH_OUT,199837.9452209352,2,1854,6,0,0,0
14763.286009847017,CASH_OUT,360904.8979428585,3,1527,0,1,0,1
22672.38608890388,TRANSFER,476502.0776048602,6,892,0,1,0,0
92792.67395156431,CASH_OUT,376779.29236956296,4,1234,17,0,0,0
10842.095482182884,PAYMENT,89724.33144030218,5,1960,17,1,0,0
87685.00434639376,CASH_OUT,467760.64273220155,4,1308,15,0,0,0
41351.694432532895,PAYMENT,196066.7162765336,4,1402,0,0,0,0
71813.63889985875,PAYMENT,237094.68046345643,5,698,11,0,0,0
62519.578221005104,TRANSFER,210788.11868531778,6,963,10,0,0,0
11628.8639276708,CASH_OUT,140273.51164385947,2,386,8,1,0,0
42060.639850394364,PAYMENT,447522.1438987419,4,152,22,0,0,0
101142.91127409911,CASH_IN,166119.43294830807,3,343,9,0,0,0
28291.926172999367,PAYMENT,289298.23483977315,2,300,10,1,0,0
169946.15382776296,CASH_OUT,120016.7921871651,3,1235,22,0,0,0
30093.629376171928,CASH_OUT,398687.6873850902,1,1808,12,0,0,0
7703.362970968471,TRANSFER,387099.3297645933,2,731,11,0,0,0
24668.49985075385,CASH_OUT,148156.06922352198,4,86,5,0,0,0
151518.67706575032,PAYMENT,340777.0365717268,5,669,21,0,0,0
19262.602468690337,PAYMENT,351936.76654747484,5,1132,13,0,0,0
101284.86341931131,CASH_OUT,281255.7080523831,1,612,5,0,0,0
106537.02882814675,TRANSFER,300299.1911358351,3,87,11,0,0,0
21553.495889210466,CASH_OUT,287227.3191453979,6,1486,17,0,1,0
4346.441277161915,CASH_IN,40932.20199742281,1,1559,22,0,0,0
64468.89345336491,TRANSFER,335132.6723568925,5,1850,19,0,0,0
18662.89122323049,PAYMENT,234887.50491934564,7,1470,10,1,0,0
76375.29896761742,TRANSFER,219228.64027070676,3,587,1,0,0,0
29228.528447804296,PAYMENT,429999.60939090035,4,784,11,0,0,0
33205.32293976353,TRANSFER,11613.356730558855,4,1619,14,0,0,0
75233.49513208136,TRANSFER,125657.45897937758,1,749,22,1,0,0
24092.74543765256,PAYMENT,60701.74992137317,3,895,5,0,0,0
29270.934617233936,TRANSFER,17670.52230486288,1,114,4,0,0,0
23595.50978101458,CASH_OUT,137838.49883797378,3,548,14,0,0,0
22891.147020281413,CASH_OUT,494238.1363973388,4,521,10,0,0,0
37321.76283395331,TRANSFER,135114.58660378688,3,1338,14,0,0,0
82721.61865201735,TRANSFER,331852.9098978857,4,1702,18,0,0,0
22452.69570513162,PAYMENT,59149.445020360734,2,1102,0,0,0,0
37143.6347581243,CASH_IN,300923.81502361497,1,868,4,0,0,0
55543.453671670475,CASH_OUT,492240.74156915664,5,875,3,0,0,0
15697.157886712881,CASH_OUT,145918.76173023265,1,379,8,0,0,0
16253.471168622178,CASH_OUT,424037.80818779144,7,885,5,0,0,0
135462.39116586559,TRANSFER,498785.69018326775,2,1488,22,0,1,0
64283.47525049536,TRANSFER,294277.044360372,3,511,10,1,0,0
43041.225614634066,PAYMENT,154700.55021401768,2,1957,2,0,0,0
52166.45597630094,CASH_OUT,336765.6299495781,4,1364,22,0,0,0
1486.862227897426,TRANSFER,422424.1031343094,5,1433,8,0,0,0
48130.21250320643,CASH_IN,85675.12148098915,5,734,10,0,0,0
35617.404515091,CASH_IN,226257.88192072665,3,511,8,0,0,0
39455.34333813251,CASH_IN,159593.85506192048,2,625,0,0,0,0
22269.361852603593,PAYMENT,141679.49848118995,5,1148,12,0,0,0
4249.247817263856,CASH_IN,430410.6303700863,1,1004,0,0,0,0
10742.60314606855,CASH_OUT,210827.00341091925,4,556,17,0,0,0
150536.92855948012,CASH_OUT,169538.1709019564,1,1744,10,1,0,1
26271.55179365433,CASH_OUT,301755.27071300684,2,1087,14,0,0,0
31431.97885415952,PAYMENT,109700.78981869064,3,610,15,0,0,0
2707.4890317307063,CASH_IN,114946.74528403947,6,1811,23,0,0,0
1914.5012551766308,CASH_OUT,260144.36543575232,2,1267,23,0,0,0
63147.48713046646,PAYMENT,204636.36432309207,1,1044,0,0,0,0
38619.76547952298,PAYMENT,147491.19196116223,6,1065,10,0,1,0
35535.62601263522,CASH_IN,26975.5661370511,3,1738,5,0,0,0
13927.827212950537,PAYMENT,260387.1193192608,1,700,11,0,0,0
68275.73441341479,CASH_IN,408304.60280053754,3,1875,18,0,0,0
9210.361424301902,TRANSFER,425688.60264302895,5,1786,0,0,0,0
10532.023558962539,TRANSFER,117719.98986304011,1,179,20,0,0,0
30875.29228416583,TRANSFER,299820.60197374417,1,1293,1,0,1,0
16863.217861131674,TRANSFER,427940.6547314702,3,1125,21,0,0,0
14215.254459727676,CASH_OUT,204362.96413813237,2,221,19,0,0,0
51815.35674730899,PAYMENT,466068.4086537642,5,857,11,0,1,0
52630.120039877445,PAYMENT,451489.26456477644,5,258,23,0,0,0
87010.67523119545,PAYMENT,104066.94870940469,2,313,0,1,0,0
27039.21062742338,TRANSFER,129482.41645010188,1,1970,6,0,0,0
3794.6754729564755,TRANSFER,90220.99932298444,2,1512,9,1,0,0
15987.292240250068,TRANSFER,98027.17572735115,5,1384,21,0,0,0
195614.81012919685,CASH_OUT,453931.043586749,4,1524,15,0,0,0
45349.03218186328,TRANSFER,465568.9545963115,3,263,14,0,0,0
61848.40812922564,CASH_OUT,25948.620592565476,6,362,8,0,0,0
369.2515984712801,CASH_OUT,296801.6778361024,5,72,13,1,0,1
36511.90431518456,PAYMENT,282115.7814287858,3,1464,3,0,0,0
1912.5493661235043,CASH_OUT,195273.82336222992,5,820,5,0,0,0
42109.07331810655,CASH_IN,315848.7964115535,1,784,14,0,0,0
126770.54938643576,TRANSFER,473683.91275542503,2,126,22,0,0,0
172760.18686488483,CASH_IN,85127.44136107308,5,402,7,0,0,0
38886.54900386941,CASH_OUT,60205.454858227815,1,631,9,0,0,0
30643.36092110908,TRANSFER,16695.285414487837,1,264,6,0,0,0
145036.64732887366,TRANSFER,181916.65392007172,3,1473,22,0,0,0
55983.08894423861,PAYMENT,168814.23853893302,7,126,21,0,0,0
3355.051653813988,TRANSFER,215409.84407932195,3,1938,21,0,0,0
31342.283626199995,CASH_OUT,251655.01544047447,3,1347,16,0,0,0
13737.964519882678,CASH_IN,378911.99701522733,4,1837,12,1,0,0
31725.456788074367,TRANSFER,196056.69522875917,4,1639,7,0,0,0
30391.205498475694,CASH_OUT,165306.55468061677,1,968,10,0,0,0
43631.01623455592,TRANSFER,413439.4101298134,3,281,0,0,0,0
22062.684136883756,PAYMENT,424898.3353268282,4,397,5,0,0,0
8972.511118503558,CASH_OUT,116382.98214667659,5,70,5,0,0,0
35030.69280558311,TRANSFER,157335.91135565416,2,1353,8,0,0,0
88657.54959866621,CASH_OUT,412558.18545504415,1,814,1,0,0,0
54534.02563697583,TRANSFER,39704.122148882416,3,337,16,0,0,0
20652.278310305275,PAYMENT,162923.39019536893,3,1352,1,1,0,0
137072.35304485774,TRANSFER,224175.0535204306,2,1844,21,0,0,0
121639.000748287,TRANSFER,93535.80760028551,4,30,6,0,0,0
11744.893129222686,CASH_OUT,89957.09830534909,2,122,22,0,0,0
2010.7748155596694,CASH_OUT,212431.02900676435,0,310,18,0,0,0
67605.99261616706,CASH_OUT,377260.86236742785,4,1571,19,0,0,0
87899.87215553503,TRANSFER,420116.4897738137,4,487,2,0,0,0
171889.79966063867,TRANSFER,489617.5462680867,2,517,10,0,0,1
110289.43458471647,CASH_IN,36992.025045859526,3,851,12,0,1,0
45881.42734328713,CASH_OUT,108341.10057299634,3,875,15,0,0,0
37756.69752526815,TRANSFER,378314.9211920989,3,436,8,0,0,0
1411.7980191618058,TRANSFER,270299.35302783095,3,1328,18,0,1,0
14161.695467034186,TRANSFER,163839.8869812091,0,956,11,1,0,0
30773.64855360139,CASH_IN,102794.83062362178,6,516,15,0,1,0
49510.845654276716,CASH_OUT,140238.77582122403,4,1156,21,0,0,0
40737.7071540406,CASH_OUT,214644.47515047598,2,835,5,0,0,0
67863.19068245166,PAYMENT,88575.60975301637,3,1456,4,0,0,0
16409.020612627184,TRANSFER,482112.9779383753,1,1160,4,0,0,0
41615.01529512491,CASH_OUT,53794.22229993719,1,1438,10,0,0,0
4613.563485121594,CASH_OUT,492788.71724460955,3,259,13,0,0,0
26693.243668458865,TRANSFER,420946.6430003363,1,1258,23,0,0,0
69346.89499825025,PAYMENT,211575.80875686955,2,1430,13,0,0,0
59110.70480371037,CASH_OUT,369908.1671941051,5,207,8,0,0,0
233580.12320922938,TRANSFER,335757.621848193,5,127,7,0,0,1
16278.967821346489,TRANSFER,106643.45897446548,3,599,23,0,0,0
34476.61601973612,TRANSFER,169535.0430594732,5,366,10,0,0,0
19988.846856554836,CASH_IN,256561.28140272893,3,957,9,0,0,0
29044.80325070695,CASH_OUT,318922.08994386345,10,206,18,0,0,0
97228.09836732678,CASH_IN,271447.49067831074,2,639,21,0,0,0
57633.74573562422,TRANSFER,236493.7305032369,1,766,20,0,0,0
107040.82857181696,PAYMENT,221576.13672745007,1,777,19,0,0,0
11377.104807988882,TRANSFER,249132.24964750896,4,1145,15,0,0,0
103320.78451853109,TRANSFER,217175.75992298516,2,969,4,0,0,0
3081.126794081224,CASH_IN,270665.038772858,8,280,5,0,1,0
109731.0746119146,CASH_IN,443992.6495233334,2,1978,10,0,0,0
19954.805127140993,CASH_OUT,316414.65652730584,2,1555,10,0,0,0
18886.731341513114,CASH_OUT,361310.43749427004,2,1410,15,0,0,0
35881.069961613284,TRANSFER,298741.5668653883,4,245,22,1,0,0
141249.02591279568,CASH_IN,321508.8412070011,0,461,7,0,0,0
2448.0305805123703,TRANSFER,289174.9142240901,2,1901,18,0,0,0
21711.054459059058,PAYMENT,13433.261097911598,1,1770,0,0,1,0
97096.10164780502,PAYMENT,499799.19110000995,5,567,20,0,1,0
25213.56397723325,PAYMENT,16804.620106448343,3,1188,8,0,0,0
11104.511412505432,TRANSFER,197574.00411682687,3,1097,13,0,0,0
27651.36783607048,TRANSFER,52557.83914946671,4,1707,19,1,0,0
24351.589568338706,CASH_IN,48464.22522046623,1,81,2,0,0,0
123500.62687041654,PAYMENT,396763.4758372418,2,701,4,0,0,0
71760.44555729651,PAYMENT,212962.8896790385,3,1926,1,0,0,0
35171.54948068405,TRANSFER,400569.35414938245,4,744,17,0,1,0
222710.80214613583,PAYMENT,136393.23534041576,2,1981,21,0,0,0
31300.370836597096,CASH_OUT,128231.39590311739,3,104,20,0,0,0
3000.125530714296,CASH_OUT,125615.69090723107,2,881,12,0,0,0
15209.161662963503,PAYMENT,308072.8132039596,4,1238,3,0,1,0
28641.300011035226,TRANSFER,407499.6949228,1,81,16,0,0,0
8533.64082776158,PAYMENT,226130.50503762029,3,959,13,0,0,0
147409.16904268408,CASH_OUT,189624.44532054118,4,268,11,0,0,0
72803.42641932587,TRANSFER,486789.77710082463,6,655,9,0,0,0
15618.359616075611,TRANSFER,58377.0180058194,2,1754,21,0,0,0
44678.116197216346,TRANSFER,243316.34102244626,2,1115,23,0,1,0
63907.73382633057,CASH_OUT,204243.87659071718,1,787,14,0,0,0
141747.83270770955,PAYMENT,49063.29829344519,3,755,6,0,0,0
106699.25791670325,PAYMENT,134100.1810441096,4,1012,2,0,0,0
36200.14045810705,CASH_OUT,14220.606289556015,4,1018,19,0,0,0
74505.60776767798,TRANSFER,438477.1444914785,6,361,10,0,0,0
41293.345570989084,PAYMENT,303924.76449520054,4,1924,12,0,1,0
40226.7232653576,PAYMENT,407509.24893512536,3,188,20,0,0,0
6093.805198699483,PAYMENT,260777.2262014949,2,442,2,0,0,0
6741.62095912738,PAYMENT,299754.9147109472,3,316,12,0,0,0
37701.538391388014,TRANSFER,350427.23890458245,5,553,7,0,0,0
15657.62161068664,TRANSFER,454005.81373210746,3,1856,8,0,0,0
1063.0665598636335,CASH_OUT,45875.94391292288,3,1031,6,0,0,0
64157.87249398727,CASH_OUT,165474.19736786344,3,1044,7,0,0,0
1651.3000311971314,PAYMENT,354513.09535000025,4,342,13,0,0,0
45227.600194484774,CASH_OUT,479175.2815006964,1,1734,17,0,0,0
38738.88510427442,CASH_IN,490403.7142450027,1,56,9,0,0,0
173390.40734524745,PAYMENT,319051.5045686312,0,1964,2,0,0,1
33103.08297924546,CASH_IN,96799.23887743363,2,1531,15,0,0,0
3285.703865134671,CASH_IN,59604.45570697836,3,868,14,1,0,0
40113.289428950215,TRANSFER,473021.8221402127,5,1985,12,1,0,0
91972.80531987877,PAYMENT,216963.84473125375,2,1419,3,0,0,0
288006.2819856048,CASH_OUT,97408.01663134241,2,437,15,0,0,0
28136.057928376802,CASH_OUT,466946.2578888006,2,367,17,0,0,0
19305.095227277267,PAYMENT,52262.135782155936,4,437,18,1,1,0
118571.73638984961,CASH_OUT,364785.54842853756,5,1129,23,0,0,0
10612.785050278499,CASH_IN,312631.5137716671,2,1721,15,0,0,0
47781.331537333295,PAYMENT,43867.332190445915,3,104,11,0,0,0
26019.76538894778,PAYMENT,169374.39781972108,2,288,22,0,0,0
2097.5047040365157,CASH_OUT,74965.34477000532,1,386,21,0,0,0
21331.000750506188,PAYMENT,302249.29626658064,1,1568,21,0,0,0
15409.787154150285,CASH_OUT,238556.5158387144,2,314,1,0,0,0
57932.63172009636,PAYMENT,2137.562330245479,4,1469,7,0,0,0
148591.50861010037,CASH_OUT,487855.28314195405,2,1107,10,0,0,0
15601.961536535675,PAYMENT,174792.3249447702,2,1475,11,0,0,0
83423.82971308798,CASH_OUT,129102.196418525,3,1276,5,0,0,0
2847.5591330182046,CASH_OUT,111221.47789705133,2,1493,15,0,0,0
38622.61743511176,TRANSFER,79407.94808678392,2,862,4,0,0,0
3658.1167087393583,CASH_OUT,499568.5381082549,0,770,9,0,0,0
135930.02637729622,PAYMENT,147554.73394080243,1,1714,4,0,0,0
72696.82452578882,CASH_OUT,202756.74861214083,4,1803,17,0,0,0
53639.90470887109,TRANSFER,435677.9580890445,2,1606,1,0,0,0
86834.13582074433,TRANSFER,320943.7517714391,2,775,13,0,0,0
52138.04079762832,CASH_OUT,184347.20587263626,1,1585,22,0,0,0
173598.8020804256,TRANSFER,449164.21796192654,1,275,20,0,0,0
62580.82217665366,PAYMENT,374862.1011068001,3,1625,6,0,0,0
129286.28108244573,CASH_OUT,113950.25377084983,1,1768,7,0,0,0
36400.58654822599,CASH_OUT,321869.49729996023,2,984,3,0,1,0
6225.151446166627,TRANSFER,461199.2491462008,1,487,4,0,0,0
37557.64463699044,TRANSFER,248230.43922520627,3,212,16,0,0,0
6783.703071497275,TRANSFER,366806.2014158336,3,288,5,0,1,0
44884.91722040794,TRANSFER,485551.8719945796,3,1689,0,0,0,0
32936.61721620701,PAYMENT,345207.07044760644,3,915,2,0,0,0
48719.22297999921,CASH_OUT,51219.34488304031,3,299,9,0,0,0
504.8896295247788,TRANSFER,122279.77546564466,6,842,12,0,0,0
10835.743709006498,TRANSFER,297548.2186713245,7,650,18,0,0,0
33797.832592429084,PAYMENT,137777.90768595305,3,380,13,0,0,0
150292.72816458822,CASH_IN,478770.8526945699,2,1792,22,0,0,1
24193.692101066907,TRANSFER,202676.0170110869,4,1241,10,0,0,0
27614.68527604996,CASH_IN,228615.20286618255,3,531,17,0,0,0
62710.01562513528,TRANSFER,350801.04673505866,7,1230,10,0,0,0
46290.89322179009,CASH_OUT,262124.86567093706,3,1446,14,0,0,0
17757.102406798174,CASH_OUT,191072.98344438418,4,1491,3,0,0,0
26450.871080473175,TRANSFER,38318.93757728938,1,867,10,0,0,0
12275.836158697908,TRANSFER,298222.7947539319,2,1051,5,1,0,0
169101.30522570154,CASH_OUT,433790.01539701736,4,1402,21,0,0,0
6999.575375709134,TRANSFER,342881.2208800281,3,1873,17,0,0,0
23247.76245470658,TRANSFER,190747.5050234761,0,1547,11,0,0,0
1308.9331370830132,CASH_OUT,63863.032311564704,4,1116,15,0,0,0
12537.268278546948,CASH_OUT,408169.09345212195,2,1810,19,0,0,0
75813.57835465926,CASH_IN,470874.1811156024,1,209,15,0,0,0
11230.683588651735,TRANSFER,194136.4953981324,3,1587,17,0,0,0
4172.526355310365,PAYMENT,364321.09459203074,3,1364,13,1,0,0
32165.79981195808,PAYMENT,205381.71994537784,2,654,16,0,0,0
500.96301553061164,TRANSFER,251133.4694260997,4,1163,14,0,1,0
4428.783871291157,CASH_OUT,418238.19030820485,4,544,9,0,0,0
82415.66034893646,TRANSFER,41712.17110557679,1,287,6,0,0,0
73805.12113790427,TRANSFER,265167.6743933525,4,1752,4,0,0,0
123336.92694100975,TRANSFER,107310.13733561123,5,569,10,0,0,0
96384.26433660356,CASH_OUT,169902.9727478812,9,450,20,0,0,0
57470.374288938256,CASH_OUT,322214.41232113715,3,277,2,0,0,0
2687.5976839290593,CASH_IN,13614.206168424182,4,1506,16,0,0,0
76358.02778478907,TRANSFER,296912.54948658135,4,1062,18,0,0,0
93381.55790853141,PAYMENT,141721.11972687484,5,1755,8,0,0,0
80242.95699451612,TRANSFER,334742.1804040361,6,1341,3,0,0,0
35512.53428969825,CASH_IN,70790.6759565271,6,494,14,0,0,0
13257.025245172646,TRANSFER,367905.8019080893,6,1128,20,0,0,0
93323.06533752658,TRANSFER,322819.8598814891,3,131,21,0,1,0
64944.00171862972,CASH_IN,485620.91644017556,4,540,8,0,0,0
197541.24372645633,PAYMENT,455617.68162907404,6,320,20,0,0,0
8461.931501505029,CASH_OUT,141651.43159985117,3,1612,15,0,0,0
12787.50720168829,CASH_OUT,13658.286362718485,4,1967,22,0,0,0
11900.053347681456,PAYMENT,327684.2805558789,0,1601,16,0,0,0
78640.78044329923,PAYMENT,301443.69450233626,3,1712,17,0,0,0
10345.507471411735,TRANSFER,13714.384383223032,1,152,4,0,0,0
3449.2773162232806,TRANSFER,61338.76460129634,5,1718,4,0,0,0
327183.62256168976,PAYMENT,292350.8522679928,2,459,8,0,0,0
1256.5175057370789,TRANSFER,455913.63202174596,5,1369,22,0,0,0
90164.50262927484,PAYMENT,453250.13825670345,3,1174,9,0,0,0
22735.407512681304,CASH_OUT,75742.52730603742,1,261,22,1,0,0
92136.47019230538,CASH_IN,192286.97320262477,3,1660,21,0,0,0
40441.426576434955,PAYMENT,21601.43217608701,1,1076,21,1,1,0
115951.59490631033,PAYMENT,234635.92318146455,4,1943,12,0,0,0
130315.0758429547,TRANSFER,376541.7298366028,3,1680,16,0,0,0
456.9911248703786,CASH_OUT,394986.3556828057,5,491,12,0,0,0
3920.3618222421183,TRANSFER,249494.73329828648,1,1720,6,0,1,0
14408.024648555154,PAYMENT,47934.83735410919,7,1728,19,0,1,0
55329.51387243615,PAYMENT,190681.9875907832,3,618,2,0,0,0
109584.48458592435,TRANSFER,466050.9799871822,3,980,0,0,0,0
30803.93237987488,PAYMENT,114806.27825985734,4,1345,22,0,0,0
46693.86315128416,PAYMENT,159877.22495636326,2,757,9,0,1,0
10443.53553147773,CASH_OUT,373413.58773153543,4,638,14,0,1,0
81729.28261113909,TRANSFER,366790.39444296906,2,910,12,0,0,0
171062.01226144657,PAYMENT,456101.1440124662,1,228,16,0,0,0
15639.6657152553,TRANSFER,194059.3453601877,2,166,17,0,0,0
34142.61293945499,PAYMENT,257299.3619371456,2,1423,9,0,0,0
4502.587558132413,TRANSFER,233696.2306102388,3,50,19,0,1,0
40951.01650792105,CASH_IN,463876.08551122656,1,189,8,1,0,0
34936.48085488875,CASH_OUT,384665.2944123174,5,351,23,0,1,0
7799.747214277022,TRANSFER,415720.8899169241,1,329,0,0,0,0
29175.749257179283,CASH_OUT,66549.13441470545,2,662,11,0,0,0
20331.13780269486,CASH_OUT,395923.3464340799,5,1526,10,0,0,0
36889.539585806,TRANSFER,216489.38302874847,3,734,10,0,0,0
44052.73574731803,CASH_OUT,11669.341415323554,4,488,14,0,0,0
426.5935867707807,CASH_IN,30044.176371642305,2,1389,19,0,0,0
71565.83803128508,CASH_IN,338953.96986742225,5,756,13,0,0,0
62416.143094505875,TRANSFER,186006.22057298492,2,684,8,1,0,0
22807.9069928789,PAYMENT,434057.7866117402,3,696,1,0,0,0
2719.426910483822,TRANSFER,367136.5669379332,0,45,1,0,0,0
70311.08792612709,PAYMENT,10840.005833480882,5,331,21,1,0,0
155249.6419800347,PAYMENT,343444.15591800096,4,1534,15,0,0,0
13731.816702412805,CASH_OUT,96176.23636617811,2,1412,5,0,0,0
19542.960798780616,PAYMENT,211291.28435195604,1,1765,12,1,0,0
10155.58240990604,PAYMENT,312367.60106148134,3,973,5,0,0,0
43011.60513477376,TRANSFER,436358.9206478464,4,1630,0,0,0,0
8411.548529804211,CASH_IN,228048.9441959696,6,48,12,0,1,0
22017.887633851242,CASH_IN,404245.2270955672,3,631,1,0,0,0
59703.27123366266,TRANSFER,391482.83140031644,3,1602,22,0,0,0
41062.209228317115,PAYMENT,207269.25642562917,3,1751,0,0,1,0
24425.699842621965,CASH_IN,250490.08171645142,3,1492,0,0,0,0
27257.88080059808,CASH_OUT,350242.50502490654,1,338,10,0,0,0
41289.47786646454,TRANSFER,15574.217323469864,2,76,15,0,0,0
294.0996470037823,CASH_OUT,445405.706899623,3,160,8,0,0,0
4088.1605524545957,CASH_IN,384908.0797188467,4,117,6,0,0,0
106540.13887161444,PAYMENT,124707.9407011652,3,371,13,1,0,0
4053.9407881878137,CASH_OUT,490589.9765944878,1,91,4,0,0,0
61345.62872142879,CASH_IN,89695.17629480938,3,158,18,1,1,1
126310.2904748308,PAYMENT,457043.3368522009,4,68,23,0,0,0
15782.381391324318,CASH_IN,162236.72916155556,5,1894,16,0,0,0
23140.791141269092,CASH_OUT,381573.3550820679,6,1214,7,0,0,0
42073.24262370907,TRANSFER,228188.29662397256,1,820,3,0,0,0
106730.36659965561,PAYMENT,368233.69372500107,2,1727,1,0,0,0
142284.2893010418,TRANSFER,77891.52396968313,2,1102,22,0,0,0
67269.76211605292,PAYMENT,134753.2291932414,2,666,19,0,0,0
4530.150642920264,PAYMENT,49928.91223601281,7,974,12,0,1,0
55305.13693904129,TRANSFER,432571.99071890156,4,768,19,0,0,0
26407.382873178314,PAYMENT,148146.49388474965,2,1358,5,0,1,0
31810.089422309273,CASH_OUT,347238.1147083317,3,423,17,0,1,0
2519.863236322508,CASH_OUT,410110.5988707641,2,381,4,0,0,0
10601.658747167692,CASH_OUT,450709.11818967294,3,863,11,0,0,0
78154.82470786788,TRANSFER,53148.55765585891,2,100,18,0,1,0
30253.045436561355,TRANSFER,446507.46675630624,1,1013,19,0,0,0
17952.61993738553,PAYMENT,98626.38886535974,1,1888,18,0,0,0
24226.964007842354,PAYMENT,368451.0057954808,5,1812,14,0,0,0
96344.44003408663,TRANSFER,364424.5096823056,3,1513,6,1,0,0
69114.92125683642,PAYMENT,4251.570870477117,6,68,18,0,0,0
15894.378127310054,CASH_OUT,110311.95415512712,1,967,22,0,0,0
6249.928770167233,CASH_OUT,245954.25733243366,3,1153,20,0,0,0
14517.496176464922,PAYMENT,210017.35333164106,4,1528,2,0,0,0
126761.46354297877,PAYMENT,459286.7399423048,4,542,0,0,0,0
43564.53442039596,PAYMENT,179870.43475126158,2,1739,20,0,0,0
38122.74173051322,TRANSFER,468491.85741798114,1,705,9,0,0,0
45365.75662909962,PAYMENT,229714.65919626554,3,1016,3,0,0,0
22787.545436758384,PAYMENT,482176.4483200829,3,1945,15,0,0,0
82280.98766509944,CASH_IN,368677.40501243056,4,713,11,0,0,0
37041.953579135254,CASH_OUT,414667.29581607797,2,1596,9,0,0,0
6207.230914884593,TRANSFER,52438.444174500495,6,1150,2,1,0,1
6909.403755384238,PAYMENT,293070.7166211839,4,651,7,1,0,0
38486.20259721895,CASH_IN,71350.1799146754,5,727,4,0,0,0
137891.089065929,CASH_OUT,148810.50102548703,3,1021,21,0,0,0
18433.91496117978,TRANSFER,311782.703083634,1,1441,15,0,1,0
101834.87860880782,TRANSFER,363112.8523469454,1,541,3,0,0,0
72216.42919395397,TRANSFER,19591.891005625417,3,1106,15,0,0,0
14238.478755100381,CASH_OUT,265471.86553618236,3,502,21,0,0,0
1850.87601075609,CASH_OUT,282656.9931449432,6,1668,2,0,0,0
5370.757089104838,TRANSFER,39413.99855510058,1,1914,22,0,0,0
65188.539837719974,TRANSFER,250344.01710038178,3,214,3,0,0,0
11136.540452741227,CASH_OUT,356921.14002491324,6,230,15,0,0,0
23202.741564568234,TRANSFER,26613.642437765484,5,107,4,1,1,1
34827.56500092622,CASH_OUT,380133.888161981,2,277,21,0,0,0
64634.40314127132,CASH_IN,288213.25245206844,4,1487,20,0,0,0
6008.5505383638665,TRANSFER,416613.60413589544,2,802,17,0,0,0
26074.649692370684,PAYMENT,109031.28642703497,2,849,19,0,0,0
33186.49797457035,TRANSFER,416636.8421065592,1,942,7,0,0,0
38916.418646694925,CASH_IN,47280.48763373399,3,61,7,0,0,0
85286.60519464122,TRANSFER,201914.84822233568,2,1699,6,0,0,0
9417.677338678563,TRANSFER,99742.39576232425,6,482,9,0,0,0
82469.12184870448,TRANSFER,438010.41614543705,5,1658,1,0,0,0
59025.5804397267,PAYMENT,352459.9081508869,3,1559,19,0,1,0
40581.98999294619,TRANSFER,12680.888580364091,4,410,5,0,0,0
60120.01380360441,CASH_OUT,4761.677806978059,5,1913,14,1,0,0
26552.924991185595,CASH_OUT,145624.62724083484,4,986,13,0,0,0
7448.067567136398,PAYMENT,71641.55714028269,4,1447,7,0,0,0
54795.58297241574,TRANSFER,315152.2387800979,1,436,8,0,0,0
37187.54160719611,CASH_OUT,331898.4669412799,4,910,4,0,0,0
50995.80443161509,TRANSFER,470975.45183068374,2,1234,4,0,0,0
20624.394085006614,TRANSFER,476019.9622729204,5,346,8,0,0,0
118686.10808496915,PAYMENT,329448.3527056728,2,688,21,0,0,0
44260.182641891166,CASH_OUT,2837.5564263543597,5,1697,6,0,0,0
4463.559201065018,TRANSFER,179498.95828480716,6,971,7,0,0,0
29874.03418533391,PAYMENT,256570.7566236331,3,701,23,0,0,0
70602.3680085109,PAYMENT,249589.87825423296,3,1905,14,0,0,0
79026.62679606205,CASH_OUT,301670.31475111336,2,1355,2,0,0,0
34119.962627634064,PAYMENT,480275.7414023802,5,603,20,0,0,0
112569.68633491735,TRANSFER,442596.3459775769,2,889,16,0,0,0
15576.095646060923,TRANSFER,54454.01672524414,1,1363,18,0,0,0
26432.39991812347,CASH_IN,132990.1956966966,4,1945,17,0,1,0
114432.58602637754,CASH_IN,416554.70870981814,4,1921,9,0,0,0
113291.79295211617,TRANSFER,412153.4544096035,5,756,1,0,0,0
57872.3981117883,CASH_OUT,137685.36206083547,3,1888,1,0,0,0
97942.87172239418,TRANSFER,365294.0153430598,1,821,16,0,0,0
4648.176449809846,CASH_OUT,336018.68935892865,1,1631,14,0,0,0
100122.16439801866,CASH_OUT,236761.98248498075,7,559,15,0,0,0
19328.726193829578,TRANSFER,100727.47633951467,1,782,5,0,0,0
9820.913253210378,CASH_IN,444321.5904470431,1,1661,19,0,0,0
13680.401327971162,CASH_IN,338925.5921534174,4,589,1,0,0,0
27061.536138640728,TRANSFER,84496.46243918735,2,1995,14,0,0,0
14463.633813210225,TRANSFER,352401.1724204304,6,589,20,0,1,0
19324.87573370595,CASH_OUT,370716.85978848994,5,859,17,0,0,0
7250.045038303667,CASH_OUT,443440.1425605203,1,1293,7,0,0,0
17561.40208967916,CASH_OUT,111419.62762096747,2,251,3,0,1,0
42464.77107245864,PAYMENT,494377.0527067033,1,771,4,0,0,0
29156.708954102705,CASH_OUT,76696.71126346062,6,1720,7,0,1,0
21287.377759519633,CASH_IN,300344.44592979155,3,1627,21,0,0,0
68610.13164893696,PAYMENT,328588.2526367392,2,1155,16,0,0,0
111985.19631611566,CASH_OUT,209476.44763293027,7,410,5,0,0,0
70691.34080741263,CASH_OUT,237518.85438519326,1,387,14,0,0,0
20173.407826020688,PAYMENT,445455.0483610687,2,1387,0,0,0,0
68215.32729895246,CASH_IN,322637.11483273096,6,862,10,0,0,0
8242.563686965275,PAYMENT,248500.47911734314,2,1361,5,0,0,0
6981.381884971,TRANSFER,64174.78121676234,2,30,22,0,0,0
21203.89051557105,TRANSFER,3668.812611567318,1,975,5,0,0,0
82435.54729925831,TRANSFER,62484.30907591673,2,581,19,0,0,0
14141.244201820313,CASH_IN,478092.2837382527,3,613,19,0,1,0
3267.1240192404584,PAYMENT,382043.39149566536,5,174,17,0,0,0
7061.449172058737,PAYMENT,483558.1637551239,2,1054,17,0,0,0
97859.41442802397,TRANSFER,17854.35485408593,4,619,6,1,0,0
50226.500131837995,PAYMENT,340110.20192931965,2,520,23,0,0,0
14597.971256119665,TRANSFER,22146.763201708996,4,521,15,1,0,0
40517.29969479178,CASH_OUT,391028.23443441157,2,746,21,0,0,0
37494.30296588934,TRANSFER,190475.08636759713,5,955,21,1,0,0
53273.76833625832,CASH_IN,47882.680053247415,6,1770,22,0,0,0
13275.651870097747,PAYMENT,284023.3208937576,1,864,18,0,0,0
99903.39665878519,CASH_OUT,140060.09830069405,3,1556,11,0,0,0
18507.448622218664,CASH_IN,329786.97093590925,4,1587,17,0,0,0
59230.025568135134,CASH_OUT,329087.3797568952,3,1856,3,0,0,0
812.8031548049275,CASH_OUT,352503.7370603764,5,853,1,0,0,0
23313.102276943955,CASH_OUT,496232.5393888795,6,411,22,0,0,0
21670.84355378382,TRANSFER,193348.8549737027,5,939,8,0,0,0
39206.623454319815,TRANSFER,232657.73724255044,4,1285,6,0,0,0
3775.8623314290094,TRANSFER,402305.8505126704,4,1610,11,0,1,0
78063.67665995838,PAYMENT,289185.01151094266,3,1907,4,0,0,0
12281.013653489013,TRANSFER,18628.605343899817,2,318,11,0,1,0
56511.001827564054,PAYMENT,421539.26012992824,2,1449,15,0,0,0
81281.44490557615,CASH_OUT,25749.340969020486,5,949,18,0,0,0
41262.77431169043,PAYMENT,85410.06824589215,5,1762,11,0,0,0
67523.81898139078,PAYMENT,51039.983487093596,3,982,0,0,0,0
54214.809570216625,PAYMENT,38963.56644056009,1,934,0,0,0,0
21966.33453230412,TRANSFER,12842.437652355098,4,1183,18,1,0,0
82737.07458684541,PAYMENT,27513.856986183695,6,1368,19,0,0,0
17456.698852171503,CASH_OUT,221219.594589405,4,1563,11,0,0,0
42339.7397516337,CASH_IN,126426.13499130694,4,892,4,0,0,0
68402.63564285862,CASH_OUT,63268.44170940937,2,1803,8,0,0,0
23817.660043866596,CASH_OUT,329352.771363263,5,826,11,0,0,0
18031.82528702926,TRANSFER,113055.95531712925,2,1786,1,0,0,0
30748.788996596453,PAYMENT,9474.577672404726,1,531,12,0,0,0
85177.40157598822,CASH_OUT,209209.89188366383,2,852,3,0,0,0
132907.14958562574,CASH_IN,155216.49598915255,4,891,18,0,0,0
39382.0600902027,CASH_IN,159302.21567324636,2,179,7,0,0,0
54156.567752540854,PAYMENT,222635.01409078072,5,1940,12,0,0,0
116793.45671958498,TRANSFER,334456.96361713886,9,1778,0,0,0,0
5187.360409862849,PAYMENT,308239.560018997,2,646,16,0,1,0
13203.393299944837,TRANSFER,468630.8048944378,3,718,16,0,0,0
61704.42248531405,TRANSFER,258858.3331512607,0,425,3,0,0,0
86791.02080046131,CASH_IN,236284.95486253608,2,1764,7,0,0,0
97255.68323236474,CASH_IN,106707.21760844848,6,246,19,0,0,0
26816.33284170006,CASH_IN,377690.6444240784,4,1957,4,0,0,0
4679.278016841355,CASH_OUT,70387.88810714235,1,510,15,0,0,0
28793.23371178421,CASH_OUT,245566.44491024205,1,1581,1,0,0,0
13115.961637530196,CASH_OUT,210661.0991937222,2,197,8,0,0,0
17208.843914408746,TRANSFER,329150.4392022016,6,1226,12,0,0,0
73979.19170066617,TRANSFER,458810.7349783294,0,605,18,0,0,0
3926.5763305536184,TRANSFER,473297.7957491112,3,1756,23,0,0,0
87891.44896795797,PAYMENT,83899.6335815792,1,1744,8,0,1,0
27901.896679742382,PAYMENT,130908.6091335891,2,266,2,0,0,0
45324.9329420799,PAYMENT,405817.65998235333,2,1063,0,0,0,0
4696.429449991383,PAYMENT,259139.8812245964,4,105,17,0,0,0
20576.10159140955,CASH_OUT,226517.28417786592,4,1267,14,0,0,0
4699.103652250053,CASH_OUT,355312.7261903529,3,1174,23,0,0,0
162911.6671143804,PAYMENT,300962.47630348586,1,996,0,0,0,1
82321.08529276958,TRANSFER,485357.0272106673,1,1226,14,0,0,0
30775.314302571383,TRANSFER,291987.32614413346,1,882,22,0,0,0
12654.535496152683,CASH_OUT,232986.91317362664,1,1621,17,0,1,0
135493.92250395668,CASH_OUT,271408.6810390878,7,1283,18,0,0,0
21125.2174269768,PAYMENT,404269.90834848664,2,1011,19,0,0,0
8776.300844567413,CASH_IN,306337.52839261043,0,1638,18,1,0,0
41409.91648049674,CASH_IN,323524.0456933589,1,1777,19,0,0,0
143918.90679956556,TRANSFER,485719.44001829595,3,42,12,0,0,0
191.8822424257106,TRANSFER,309197.74221272866,2,93,4,0,0,0
13598.628650472949,PAYMENT,190142.6241672699,4,1680,21,0,1,0
139393.35454718184,TRANSFER,345663.0135063983,5,757,4,0,0,0
9381.941434491006,TRANSFER,329729.6984886557,0,699,10,0,0,0
6009.240034054828,CASH_IN,6923.817753190953,5,1030,9,0,1,0
42220.27753416456,PAYMENT,233664.64839291657,3,1873,5,1,0,0
98968.5259238518,CASH_IN,371451.80144119967,1,1679,5,0,0,0
32419.190671779084,CASH_OUT,249520.72886056447,4,595,22,0,0,0
260737.95015917617,TRANSFER,389810.5679676947,1,854,12,0,0,0
56842.45942415068,PAYMENT,225441.84821380718,7,559,5,0,0,0
3848.0970461908346,CASH_OUT,491660.7988186178,4,1590,6,0,0,0
246907.34871447747,PAYMENT,146445.79460194433,2,722,7,0,1,1
26203.50029836781,CASH_OUT,46061.30407303677,2,817,9,0,0,0
16941.92907960142,PAYMENT,215005.90057704865,3,1576,10,0,0,0
40808.60469667863,PAYMENT,270854.51243695954,2,1733,4,1,0,0
18142.38293021708,CASH_OUT,174546.86584123076,1,511,7,0,0,0
4521.269384171655,TRANSFER,121140.58005897948,6,1972,0,0,0,0
71.46820667728734,PAYMENT,336029.34569274454,4,1655,6,0,0,0
29853.987369967585,PAYMENT,188562.54992812604,4,116,17,0,0,0
90658.37642838179,TRANSFER,315684.2645503185,2,1550,11,0,0,0
42468.438485531085,CASH_IN,389535.72429938795,3,1479,18,0,0,0
357003.2192630376,TRANSFER,380501.31388001185,3,716,7,0,0,0
16902.939922558355,TRANSFER,187654.65531784564,3,1109,2,0,0,0
16456.81505894676,CASH_OUT,283949.1144750874,2,830,9,1,1,1
8702.758499483862,CASH_IN,224829.1122213712,3,758,22,0,1,0
8960.13656543395,CASH_OUT,435402.6263548301,5,639,21,0,0,0
16786.687189412496,TRANSFER,439379.2398999996,4,823,13,0,0,0
78713.20279851195,PAYMENT,171870.7914440184,4,1924,18,0,0,0
118093.82522213827,CASH_OUT,45868.723939365365,1,1378,18,0,0,0
184618.61677175135,TRANSFER,83791.24166200974,0,1594,8,0,0,0
13217.138537312952,CASH_OUT,183500.8710654419,1,1531,4,1,0,0
106556.7650180588,PAYMENT,282124.97738149535,1,906,6,0,0,0
19893.83038315568,TRANSFER,328393.5054822146,4,345,12,0,1,0
5986.527170030216,CASH_IN,165685.52314300011,3,962,17,0,0,0
102020.62908402603,CASH_IN,333749.55981199286,6,1554,12,0,0,0
50544.582926396055,PAYMENT,468869.991836878,3,1718,6,0,0,0
9000.066295496525,PAYMENT,326007.06358447525,3,136,7,0,1,0
28091.146125685023,TRANSFER,79282.61472217563,5,999,3,0,0,0
16931.767364350635,TRANSFER,289834.4564888138,3,1737,16,0,0,0
66741.02220721653,PAYMENT,270947.75838349137,3,447,9,1,0,0
30203.384985828812,CASH_IN,435350.05544921034,2,150,3,0,0,0
226781.9501339773,TRANSFER,175151.52760648716,6,41,4,0,0,1
2815.0263925654835,TRANSFER,211472.80502834,1,378,4,0,0,0
21926.43154473778,TRANSFER,299329.5277432468,4,580,17,0,0,0
32879.36638526566,TRANSFER,262212.6558710127,4,1200,23,0,0,0
34971.70054126467,CASH_OUT,359508.29620258714,3,1712,1,0,0,0
18985.17694197366,TRANSFER,20194.495456247907,4,58,10,0,0,0
65326.1689668063,TRANSFER,281758.00960347994,0,1759,0,0,0,0
103871.00869663208,TRANSFER,60835.94650193763,5,631,20,0,0,0
139614.5181457003,TRANSFER,157604.49625986067,1,522,6,0,0,0
81761.73452442142,PAYMENT,330813.4307661952,6,1410,11,0,0,0
95049.77334592756,CASH_IN,78707.10029608884,4,909,7,0,0,0
39986.010508567335,CASH_IN,154420.91775231442,5,784,11,0,0,0
87402.8904572959,TRANSFER,351503.241417656,0,1279,14,0,0,0
18084.654916895055,CASH_OUT,325402.62126341695,1,1787,13,0,0,0
25414.67179883082,CASH_IN,45519.83460486902,2,1385,19,0,0,0
19056.653427178593,PAYMENT,288634.24674616195,2,1585,0,0,0,0
31498.041357705995,TRANSFER,73627.23095931973,6,894,20,0,0,0
16814.18585631103,CASH_OUT,126135.68935724635,4,1830,2,0,0,0
162999.79195840794,CASH_OUT,229605.63931788935,1,543,0,0,0,0
18759.7426110966,CASH_OUT,54673.41164909456,1,1209,10,0,1,0
5159.506860086345,CASH_OUT,496823.4839592834,1,575,22,0,0,0
37413.67120291716,CASH_IN,82684.78052700056,3,306,8,0,0,0
2939.703457438875,TRANSFER,390656.31421430217,3,1392,3,0,0,0
5857.21508937265,PAYMENT,414919.42251161253,2,747,7,0,0,0
12383.941559485625,PAYMENT,497231.9849480007,4,366,16,0,0,0
31213.739138816178,PAYMENT,214326.6089261342,2,469,13,0,0,0
28391.931730258213,CASH_IN,437047.26006967004,1,1442,19,0,0,0
80394.92040466107,CASH_IN,478769.7195084255,2,1394,15,0,0,0
67252.75622860965,TRANSFER,86447.07244733357,2,819,19,0,0,0
27784.027780636832,CASH_IN,239718.0445297663,2,728,1,0,0,0
20301.07871350946,PAYMENT,30005.409428043862,4,965,23,0,0,0
19024.147656949368,CASH_OUT,310362.0060121008,1,1137,7,0,0,0
74359.9271154491,PAYMENT,290703.0784282832,2,1017,22,0,0,0
2673.8578757295513,PAYMENT,102063.14233159857,1,1244,14,0,0,0
645.2278144436408,CASH_IN,398951.379447063,1,957,3,0,0,0
79370.22012497476,TRANSFER,18634.361381769937,2,330,20,0,0,0
32422.686584919302,TRANSFER,403113.6620637785,1,1392,14,0,0,0
7013.7691750054655,CASH_OUT,13322.64558193369,2,761,20,0,0,0
13430.975135715875,TRANSFER,328414.4060681751,6,500,0,0,0,0
134784.3123612141,CASH_OUT,39384.75695745064,4,1086,12,0,0,0
98128.44846287539,TRANSFER,125612.75965616148,2,495,21,0,0,0
61856.67122174916,PAYMENT,360956.6746559179,6,320,6,0,0,0
32910.746943995284,CASH_OUT,140202.3998126934,3,331,15,0,1,0
36732.181185080095,TRANSFER,255586.92435886737,2,668,3,0,0,0
184935.4508865844,CASH_OUT,457624.1347600572,5,514,2,0,0,1
168733.2897110837,CASH_OUT,24817.17701828917,2,903,11,1,0,1
12120.717671570603,TRANSFER,405539.89686783677,2,705,23,0,0,0
83328.08389512327,CASH_OUT,32635.999284244765,3,393,17,1,0,0
10985.140508381346,TRANSFER,63397.42216833832,5,731,13,0,0,0
12010.510454636378,CASH_OUT,59659.551944605424,1,1136,0,0,0,0
56364.94734531829,CASH_OUT,497051.14160536305,5,1783,6,0,0,0
25959.78599019197,TRANSFER,90093.1596657667,1,897,18,0,1,0
134078.5011432452,TRANSFER,448380.9231281341,5,392,2,0,0,0
4661.15338621994,CASH_OUT,495466.08147327707,3,55,21,0,1,1
35823.414886985964,TRANSFER,191892.385206149,2,676,14,0,0,0
125370.82354262397,PAYMENT,315524.27176434273,4,372,18,0,0,0
117229.58761403835,PAYMENT,389545.6268818063,4,1698,8,0,0,0
8511.500558260672,CASH_OUT,196322.54091810415,3,402,17,0,0,0
22835.633342589994,TRANSFER,80907.07024890365,2,756,0,0,0,0
48263.72949618066,PAYMENT,216881.3718962806,7,957,6,0,0,0
8681.663560918025,CASH_OUT,385943.8225014723,4,876,14,0,0,0
172135.6246380777,CASH_IN,390381.3813742015,2,504,6,0,0,0
123107.9644343585,CASH_IN,115269.39608545667,4,1134,8,1,0,0
9133.091476075817,CASH_IN,87482.81994537327,1,369,20,0,0,0
6457.362922081376,PAYMENT,460280.35105017485,4,982,15,0,0,0
4463.887134224664,PAYMENT,21999.51527915528,0,1773,18,0,0,0
120089.15625571179,PAYMENT,367369.2378825434,0,1677,11,0,0,0
10760.245406848628,PAYMENT,23210.692723377004,2,1543,17,1,0,0
26917.115327734544,PAYMENT,418950.02543049393,6,1176,23,0,0,0
29787.53761993111,PAYMENT,452707.406668051,3,475,15,0,0,0
45691.069686728326,TRANSFER,148709.5621145495,2,953,4,0,0,0
3721.9198463754933,TRANSFER,36967.821758348786,6,922,1,0,0,0
12858.200593514191,CASH_IN,240342.26817371428,4,764,15,0,0,0
134039.06033051407,CASH_OUT,149231.5183727384,3,151,5,0,0,0
119521.71773750187,PAYMENT,208568.07140518952,5,109,7,0,0,0
76000.57938611065,CASH_IN,332492.7267443401,2,1693,18,0,0,0
979.5960013547653,PAYMENT,104913.01797435847,2,363,0,0,0,0
19801.000329436465,CASH_IN,178475.78475704318,3,1036,20,0,0,0
49437.52521816599,PAYMENT,391281.24514633685,2,103,23,0,0,0
16092.300980850547,CASH_OUT,321880.97497641086,4,1503,4,0,0,0
120168.19219025286,PAYMENT,163137.74557561934,4,766,18,0,1,0
50240.99871637139,CASH_OUT,332150.8001299643,1,1350,6,0,0,0
3731.1515557303005,TRANSFER,382656.4614459833,2,115,9,0,0,0
119847.85950641349,TRANSFER,296242.7904763937,7,863,15,1,0,0
158227.26396433057,CASH_OUT,119748.41625050425,4,1757,12,1,0,1
4044.9096710755903,TRANSFER,122.64525599653409,1,804,6,0,0,0
38002.85060351948,TRANSFER,401424.5534941407,3,529,4,0,0,0
18074.632395452103,PAYMENT,411316.7776580822,4,1990,17,0,0,0
24948.070508906385,PAYMENT,348802.25069718104,6,152,9,0,0,0
9901.284260001821,CASH_OUT,38290.4656838069,6,668,23,0,0,0
43146.04186966546,CASH_OUT,292611.14375402307,1,1482,22,0,0,0
158479.7096088541,PAYMENT,410510.33563580364,6,1993,22,0,1,1
34965.567028052144,PAYMENT,194834.16005408284,2,1595,23,0,0,0
4327.733050166285,CASH_IN,99000.36711012706,2,1987,7,0,0,0
48379.37677094687,CASH_OUT,293813.64862073533,3,196,3,0,0,0
20792.668571670765,CASH_IN,413153.31365043897,2,1712,0,0,0,0
96871.12987905662,TRANSFER,24434.97935353278,3,1819,12,0,1,0
28518.003051334883,PAYMENT,298475.6085803679,3,460,9,0,0,0
10711.644034926407,CASH_OUT,321586.897669671,3,67,11,0,0,0
10604.346500803507,TRANSFER,301183.5196741398,2,430,19,0,0,0
73215.86132536628,CASH_OUT,325016.84211852425,5,1666,1,0,0,0
15434.227649102688,CASH_OUT,315687.6538020772,4,999,5,0,0,0
72885.95095576512,TRANSFER,65201.94249017452,0,620,23,0,0,0
11526.495090944534,PAYMENT,117468.38847445768,2,994,9,0,0,0
19407.275748193697,PAYMENT,309497.00264450506,3,783,9,0,0,0
31319.95877276107,TRANSFER,8846.580568385387,2,131,2,0,0,0
143407.29435735743,TRANSFER,317372.2593616222,4,1544,5,0,0,0
134215.28585840284,TRANSFER,332693.311892516,4,1920,14,0,0,0
11588.525047167866,CASH_IN,119587.37993082924,1,801,11,0,1,0
22175.410962307258,TRANSFER,299066.4148765698,2,1728,8,0,0,0
8090.628860210618,CASH_OUT,267045.03036188224,4,1950,3,1,0,1
35665.9718980225,CASH_OUT,130345.7740765569,5,494,5,0,0,0
30863.275966374353,PAYMENT,231487.0059373773,4,1650,17,0,0,0
115510.78785540034,TRANSFER,454812.2647060908,2,1675,5,0,0,0
132966.8432735383,CASH_OUT,213301.39022994143,3,1495,0,0,0,0
24190.313730556987,PAYMENT,314922.08843975083,2,1459,11,0,0,0
33837.90521074734,PAYMENT,17675.4105203471,2,1442,22,0,0,0
113281.9295151618,PAYMENT,38900.0566610494,3,1241,2,0,0,0
82177.6142717993,CASH_OUT,40654.03665165923,4,779,11,0,0,0
183.1505994527427,TRANSFER,389120.3818132227,1,1089,2,0,0,0
19287.50395181092,CASH_IN,175128.44740172633,2,899,9,0,0,0
27389.54508412922,CASH_IN,113805.84418290667,1,1958,5,0,0,0
13049.818462554318,CASH_OUT,373662.28422586137,2,241,20,0,0,0
11130.410725122878,CASH_OUT,84980.03127808723,2,1419,16,0,0,0
1925.8423892073117,TRANSFER,123246.26253514031,5,342,0,0,0,0
51552.78391529383,TRANSFER,215465.72163501044,5,903,1,1,1,1
15225.157203151086,PAYMENT,165719.03450730664,4,532,18,0,0,0
2688.3532888359096,CASH_IN,292696.10551832215,5,906,19,0,0,0
13131.870272678842,TRANSFER,168920.30953742383,4,1003,5,0,0,0
80952.68805275633,CASH_OUT,196475.81792944597,4,625,9,0,0,0
95354.87362639362,CASH_IN,431443.304124743,0,119,9,0,0,0
32992.02732598623,CASH_OUT,442265.7198140012,1,1697,17,0,0,0
26898.76572250531,CASH_IN,413855.59540670377,2,336,22,0,0,0
190504.22729556725,PAYMENT,432415.4663523163,3,1988,7,0,0,0
11192.481250533612,CASH_IN,284864.3346695585,2,625,19,0,0,0
12126.467556732954,CASH_OUT,323116.607375692,9,135,6,0,0,0
17256.17999138687,CASH_OUT,278586.58327747026,2,1745,9,0,0,0
9482.858936821207,TRANSFER,392794.04202646,3,232,0,0,0,0
23850.654769086614,TRANSFER,275500.2428807221,6,356,21,0,0,0
120862.90118397024,TRANSFER,55538.48227539026,7,1364,14,0,0,0
47770.79176162458,CASH_IN,404790.06022842997,3,1673,9,0,0,0
26546.871574718145,PAYMENT,380292.5853387682,4,1084,21,0,0,0
136217.2073981314,PAYMENT,410150.29764131265,5,79,2,0,0,0
2483.9001140343266,CASH_OUT,95214.73169488093,1,933,22,0,0,0
11803.5993461767,PAYMENT,135808.52635748353,1,116,8,0,0,0
41722.705377173326,PAYMENT,147875.848631765,3,1933,12,0,0,0
47797.418038174146,TRANSFER,254040.2680928368,1,1708,5,1,0,0
2018.0585026108793,CASH_IN,66938.54208172989,3,1118,18,0,0,0
25795.15444072381,CASH_OUT,192690.87663743368,3,780,1,0,0,0
52370.389899573966,CASH_OUT,91079.0805395148,3,807,11,0,0,0
59878.09431288189,CASH_OUT,132381.35651636822,1,1990,10,0,0,0
50824.88064474814,PAYMENT,353193.8172792137,4,629,12,0,0,0
19324.554756851976,PAYMENT,427405.57815864054,3,364,21,0,0,0
4909.322412956544,TRANSFER,11452.933298591928,2,1934,2,0,0,0
27853.29115474062,CASH_OUT,282948.4816775002,0,1229,16,0,0,0
6891.570501287272,CASH_OUT,18029.881031133566,2,690,8,0,0,0
147465.01440486425,CASH_OUT,42624.62250577514,2,499,22,0,0,0
32234.126422726888,TRANSFER,352542.01730705454,3,1077,14,0,0,0
19081.997803880997,CASH_OUT,367804.0532510583,1,999,14,0,0,0
72686.72289333832,CASH_OUT,406990.33658639935,2,1716,3,1,0,1
34452.63796594251,CASH_IN,237120.75588515247,4,1378,13,0,0,0
18555.649638479455,TRANSFER,429903.7410080941,2,830,13,0,1,0
83557.08739216108,PAYMENT,83419.14582081216,2,65,13,1,0,0
100927.5399054457,CASH_OUT,124858.20681750131,5,950,17,0,0,0
55891.00408782959,TRANSFER,67251.07380098566,3,261,2,0,0,0
2405.1521909374483,TRANSFER,398768.6302909383,4,727,5,0,0,0
41772.74926386391,CASH_OUT,114337.55919330945,1,1655,7,0,0,0
72047.0133558868,CASH_OUT,77755.62137914782,7,1375,18,0,0,0
7338.243481399348,CASH_IN,311555.3437940281,4,1279,1,0,0,0
12981.997778458232,CASH_IN,38541.013180337206,1,1852,4,0,0,0
107063.76436355259,CASH_OUT,22450.13861008627,6,389,23,1,0,0
1016.3460502122277,TRANSFER,53358.824276229454,4,969,8,0,0,0
69863.14234669493,CASH_IN,120.44199358379748,3,1244,10,0,0,0
32101.15781375869,CASH_OUT,348495.07711089624,4,1226,15,0,0,0
29599.267649035395,PAYMENT,281117.66085723933,4,1648,19,1,0,0
356.0916324120354,CASH_IN,104937.55451886194,5,1686,1,0,0,0
85573.04213671698,CASH_IN,116502.47398879792,3,495,6,0,0,0
22300.677364636376,TRANSFER,405484.29923501983,2,1941,4,0,0,0
38909.72960243622,CASH_OUT,250910.0579301502,3,1743,0,0,0,0
56551.71533900455,CASH_OUT,349264.17854086985,4,1888,20,0,0,0
60638.83499640904,CASH_IN,226377.72563745777,2,228,3,0,0,0
156155.62696167358,CASH_IN,118859.01301039614,7,884,8,0,0,1
37893.88101754113,PAYMENT,485201.40034145344,2,770,14,0,0,0
25517.915896387654,PAYMENT,282823.78168769873,4,158,17,0,0,0
153634.58234562006,PAYMENT,65490.95188395621,3,1807,9,0,0,1
51376.51295319739,PAYMENT,203045.0210919534,0,1892,10,0,0,0
17701.804031342937,PAYMENT,164668.70597345036,4,1045,16,0,1,0
6760.310883985427,PAYMENT,107043.73429426068,2,371,17,0,0,0
92433.79608256195,TRANSFER,466719.99462012976,2,1136,11,1,0,0
22485.084001704272,CASH_OUT,440459.99772987625,1,891,22,1,0,0
54009.60749969444,PAYMENT,99573.5582600582,2,1190,12,0,0,0
31820.993699559578,TRANSFER,176073.94452775837,3,1664,17,0,0,0
11090.333504103952,CASH_OUT,381157.6958354108,1,1555,21,0,0,0
46025.808401009635,PAYMENT,104253.02407010783,1,192,16,0,0,0
3130.1168483260517,PAYMENT,295782.43130212225,4,170,9,0,0,0
26665.701816883873,CASH_IN,349896.9710624083,3,695,14,0,0,0
39550.67458732003,CASH_OUT,326986.1628553832,4,202,19,0,1,0
28639.215919847953,PAYMENT,353204.3201377503,2,208,22,0,0,0
69049.8558663371,CASH_OUT,353349.7945143815,2,1913,23,0,1,0
87991.22932707446,CASH_IN,482402.9599244642,4,1206,7,0,0,0
73754.76489171357,CASH_OUT,173249.4447601598,1,1621,20,0,0,0
1979.3122838214467,PAYMENT,439295.21218791977,4,1860,10,0,0,0
10791.56570302864,PAYMENT,10903.53125755339,3,1696,17,0,0,0
38459.043591383146,TRANSFER,144101.4816616416,3,488,3,0,0,0
136531.6955407868,CASH_IN,24327.89099956578,1,1531,18,0,0,0
90077.39350042165,CASH_IN,325601.9799779201,3,594,22,0,0,0
92427.44726844311,CASH_OUT,50395.18536580978,2,958,21,1,0,0
18063.430631997813,CASH_OUT,422853.43182602315,2,1627,1,0,0,0
28057.539266454245,CASH_OUT,323295.8418951299,4,767,19,0,0,0
31810.556818619967,CASH_OUT,14407.700526802846,4,134,2,0,0,0
8561.460252366316,CASH_IN,357388.6827173115,4,736,15,0,0,0
1578.0489706512146,CASH_IN,431017.4736284805,3,1890,0,0,0,0
146781.64780006482,CASH_OUT,330560.5038310747,4,929,16,0,0,0
13768.744912532657,TRANSFER,15262.107967516093,6,1253,11,0,1,0
13718.480800956784,TRANSFER,428959.77423020324,2,344,18,0,1,0
4353.062753608371,CASH_OUT,366231.95646701753,2,1966,9,0,0,0
131908.31269770116,TRANSFER,189225.6562419921,4,435,19,0,0,0
43343.742334944116,TRANSFER,164315.1291577513,4,707,12,0,0,0
54986.1738592762,TRANSFER,239910.09070372005,1,757,13,0,0,0
121281.09436059852,PAYMENT,433550.87546893547,1,316,15,0,0,0
21203.36573079881,PAYMENT,126029.67593477876,3,846,23,0,0,0
48577.9261187979,CASH_OUT,50481.90562060056,2,910,0,0,0,0
1978.6103919171967,PAYMENT,432318.18648052495,8,395,23,0,0,0
10337.220774773361,PAYMENT,13144.924440361472,3,1270,17,0,0,0
88965.6045406102,CASH_IN,455498.51112203224,3,579,2,0,1,1
72786.15702397285,TRANSFER,152872.59715070034,3,1044,13,1,1,1
21588.608066106386,CASH_IN,254111.35084413382,2,1818,16,0,1,0
23645.241906199226,CASH_IN,66147.76237611403,5,334,23,0,0,0
38130.69752526385,TRANSFER,451127.4846883426,2,759,13,0,0,0
12.051686571531688,TRANSFER,374918.11169220234,3,1153,20,0,1,0
13803.773588850981,CASH_IN,462077.7933040171,7,440,7,0,0,0
11674.330882286578,PAYMENT,341614.52555908123,4,564,11,0,0,0
14416.310443139371,CASH_IN,92346.88837116306,2,369,13,0,0,0
81970.59449480867,PAYMENT,154133.50149312467,1,1035,1,0,0,0
16402.55962581628,PAYMENT,243424.28755173666,1,312,5,0,0,0
10630.048633456534,CASH_OUT,303629.10268010345,4,622,11,0,1,0
35085.53321660842,CASH_OUT,463229.71866813686,1,1707,3,0,0,0
100363.49995539973,CASH_IN,191975.7328945695,1,160,3,0,0,0
13810.717531501154,TRANSFER,351536.0109535729,5,133,15,1,0,0
4089.591643018043,CASH_OUT,480504.4244554109,5,1592,19,0,0,0
22034.261113261393,PAYMENT,76187.0317077265,3,731,15,0,1,0
68847.27482585706,PAYMENT,431354.7943897741,3,281,23,1,0,0
40002.17093010911,CASH_OUT,210353.03519659932,2,811,7,0,0,0
84857.03175586346,CASH_OUT,366210.8879646684,6,1785,2,0,0,0
160436.55733968035,TRANSFER,146769.16936854183,5,713,7,0,0,1
78670.36332608857,CASH_OUT,166992.10913300078,1,54,23,0,0,0
46292.19578405649,PAYMENT,13566.612434033064,3,1242,12,0,0,0
33995.91230756449,TRANSFER,485702.0765834798,4,1029,6,0,0,0
2044.6981027983609,CASH_IN,406726.2876153922,3,232,1,0,0,0
207774.7735949415,PAYMENT,46958.97896311024,3,1561,4,0,0,1
24183.316826514885,PAYMENT,499754.39783188724,3,81,13,0,1,0
8257.18997972769,TRANSFER,302512.2986014707,0,681,4,0,1,0
54936.9431433828,TRANSFER,426864.3189821915,3,1559,3,0,0,0
16723.891575178848,TRANSFER,33330.38163893448,1,497,16,0,0,0
44067.693553300254,TRANSFER,194725.58924596183,0,787,19,1,0,0
44187.29386935727,PAYMENT,334825.5611518049,4,1471,0,0,0,0
29505.151160749487,TRANSFER,53216.85934985076,4,820,15,0,0,0
90430.61891795907,PAYMENT,244451.41932700033,3,944,10,0,0,0
15391.998328157275,CASH_OUT,221338.93727207076,2,149,22,0,1,0
29767.69445859275,CASH_OUT,108020.11223678986,3,1793,10,0,0,0
38576.21107536396,CASH_IN,150134.9179259011,1,1545,16,0,0,0
54476.39199060925,TRANSFER,483559.1772474912,1,286,3,0,0,0
76617.32790278646,TRANSFER,144324.24300496798,3,1511,15,0,0,0
25110.416548875735,TRANSFER,106713.06698420552,3,1246,11,0,0,0
51929.549254213314,CASH_OUT,268104.5855341667,3,1691,22,0,0,0
8161.897812573554,PAYMENT,335479.0170351489,0,162,4,0,0,0
134891.20868695865,CASH_OUT,362546.5555347824,3,214,12,0,0,0
24149.078493189878,TRANSFER,377123.59224845807,3,1203,12,0,1,0
65378.118891476755,TRANSFER,18416.24575737655,1,1480,2,0,0,0
1027.5405317682844,CASH_IN,196880.20018978164,2,287,8,0,0,0
11482.42959594831,TRANSFER,386979.0398915451,3,1510,17,0,0,0
33382.017593608565,CASH_OUT,452426.0509000647,0,777,17,0,0,0
105290.2893036848,TRANSFER,301100.0616663916,2,1444,14,0,0,0
37459.97325528037,CASH_OUT,26153.426754842836,5,1933,23,0,0,0
132870.57467988454,CASH_OUT,198322.9029275656,2,306,20,0,1,0
33062.74898357599,CASH_OUT,37113.55793422733,5,1380,14,0,0,0
33711.276151945225,TRANSFER,374268.9313422923,1,1624,6,0,1,0
6377.283627944627,CASH_OUT,31752.734640832612,5,1830,8,0,0,0
81140.40586824078,TRANSFER,92865.53336758862,2,149,15,0,0,0
14182.20596292309,CASH_IN,208479.21198238712,2,1989,1,0,0,0
114935.8737800473,PAYMENT,231324.18355743602,4,614,22,0,0,0
120857.29023171723,CASH_OUT,203240.85015750615,1,280,22,0,0,0
143507.97120424904,CASH_OUT,231698.323303,2,144,19,0,0,0
36722.47380188391,PAYMENT,356619.5760100999,3,974,12,0,0,0
56519.66766440407,CASH_IN,184634.41147777077,6,1449,22,0,0,0
75370.21926738403,CASH_OUT,273875.22957530955,4,1545,3,0,0,0
7021.448812041351,PAYMENT,151684.62876436612,2,1665,13,0,0,0
45934.32935692051,TRANSFER,176813.74754524132,1,1638,8,0,0,0
1744.9939386423966,TRANSFER,306899.4795210404,3,167,13,0,0,0
34414.55784641494,CASH_IN,245247.32581851,2,654,10,1,0,0
8411.624667806249,PAYMENT,361518.1474296406,4,615,19,0,0,0
10101.092535198279,CASH_IN,280269.2940258749,3,1801,12,0,1,0
22710.259553626413,TRANSFER,401787.0426919364,4,1838,16,0,0,0
28320.190815661943,TRANSFER,221704.10649735827,6,771,21,0,0,0
48798.37778283534,PAYMENT,245516.80993340074,0,289,4,0,0,0
3867.1903147481557,TRANSFER,334985.6744504698,4,605,3,0,1,0
35027.90480793469,TRANSFER,110621.97220602444,4,1709,12,0,0,0
10082.872622804327,CASH_OUT,192964.76846563042,6,1358,11,0,0,0
42662.88299186439,CASH_OUT,312420.6220058539,3,1549,2,0,0,0
50723.38503562277,TRANSFER,14438.134632868194,5,641,3,0,0,0
40676.47092308345,PAYMENT,218485.71681697082,4,1208,16,0,0,0
67026.96571854116,CASH_IN,299424.96815305843,2,1059,20,1,0,0
20444.24075038079,TRANSFER,483687.76598909893,5,645,17,0,0,0
72431.1724577362,PAYMENT,438508.2808088356,3,1574,14,0,0,0
28349.26344838265,CASH_OUT,140370.97647132908,2,855,6,1,0,0
33100.306616365924,CASH_IN,253605.05201446236,2,793,8,0,0,0
52220.71398727679,TRANSFER,28207.186330045653,4,573,13,0,0,0
926.4495197656997,PAYMENT,120377.20740890356,2,1475,21,0,0,0
53064.99014831631,PAYMENT,387427.9340340451,4,1083,21,0,0,0
48193.382432012746,CASH_OUT,61657.00613767227,4,1354,9,1,0,0
18542.106800551966,TRANSFER,128845.2624169783,0,399,9,0,0,0
4484.983081338704,CASH_IN,472021.250867904,3,954,18,0,0,0
4766.958756451524,CASH_OUT,411927.900246229,7,1785,23,0,1,0
128342.99460896148,PAYMENT,390913.85632445605,2,1203,12,0,0,0
58443.04546806069,CASH_IN,432278.7451510784,5,1852,2,0,1,0
6796.863579916186,TRANSFER,374802.84329117695,5,1774,15,0,0,0
22059.005877486008,CASH_IN,60293.108059117476,2,669,10,0,0,0
44883.630720759415,CASH_IN,258280.66324261567,4,1582,3,0,0,0
90264.0350507553,PAYMENT,222121.960401161,5,1934,2,0,0,0
2232.1375867669726,CASH_OUT,155575.78913519005,4,154,1,0,0,0
13500.826974746391,TRANSFER,417020.20485980273,5,1107,14,0,0,0
110249.78031892852,CASH_OUT,232069.60118711684,4,1644,0,0,0,0
460.3906136992443,PAYMENT,30148.800678774845,1,1868,0,1,1,1
11244.698043996372,PAYMENT,137482.79186013414,1,189,0,0,0,0
159738.65220358124,PAYMENT,114310.52901472255,4,1209,20,0,0,0
47518.474426559435,TRANSFER,443739.4424056418,6,424,9,0,0,0
15168.312542013224,CASH_OUT,323719.0503194999,4,1476,0,0,0,0
3467.0266526319388,PAYMENT,280188.13294103753,1,942,15,0,0,0
1429.8173105807198,PAYMENT,253324.62083935254,1,873,4,0,0,0
14034.997192832,CASH_IN,325056.51377073274,2,1936,19,0,1,0
106636.13298249892,PAYMENT,377437.7733885624,2,400,17,0,0,0
26885.32274263409,PAYMENT,277192.35291575495,0,1220,2,0,0,0
63707.849465468236,PAYMENT,469142.70757630526,3,1809,7,0,0,0
125225.9064202468,PAYMENT,488417.0853251923,3,1766,14,0,0,0
26215.849686798487,TRANSFER,497671.1583044115,2,694,2,0,0,0
10614.963868587824,CASH_IN,334695.55504432233,3,1847,18,0,0,0
36399.140920355545,PAYMENT,466310.2333779392,2,353,1,0,0,0
119343.83789316722,TRANSFER,202239.84765397734,4,219,11,0,1,0
81577.63614344741,CASH_OUT,429796.19562369265,1,1712,20,0,0,0
3404.8338396393833,CASH_OUT,454587.14936984045,4,1578,17,0,0,0
58975.84839923133,TRANSFER,452070.2361661378,1,541,9,0,0,0
42419.63392764252,CASH_OUT,415423.1414541908,0,314,9,0,0,0
119007.43100649076,CASH_OUT,203299.5808206252,2,1875,12,0,0,0
6532.857324388752,TRANSFER,79453.74099036717,1,268,11,0,0,0
38182.35720034023,CASH_OUT,166978.17817222292,3,614,6,0,0,0
105789.79882775675,PAYMENT,383644.2846490465,2,711,23,0,0,0
26383.652970326653,TRANSFER,116442.75566498764,3,475,15,0,0,0
32888.51127221367,TRANSFER,239136.0324129862,2,1797,21,1,0,0
3653.3083946197066,CASH_OUT,282699.758992336,0,1252,8,0,0,0
16296.455393613433,TRANSFER,301929.28121893766,1,1252,4,0,0,0
19615.598247981852,TRANSFER,467862.7741893993,4,50,21,1,0,0
145132.54582735075,PAYMENT,330746.5102071588,1,294,3,0,1,0
16610.780683309717,PAYMENT,393149.4080386511,0,1551,8,0,0,0
30889.810195007478,CASH_OUT,290939.1739458167,0,714,17,0,0,0
55631.16280790813,PAYMENT,416790.1594309816,2,1464,13,0,0,0
8847.801196704153,CASH_OUT,131831.8065348814,2,1869,0,0,0,0
33319.65297469868,CASH_IN,104938.83583439462,5,370,21,0,0,0
67073.51485804723,CASH_IN,463160.0243789849,1,1250,5,0,0,0
100815.90595124973,TRANSFER,346740.4381786892,3,1186,5,0,0,0
49209.64848677237,PAYMENT,335762.78852911055,2,869,13,0,0,0
55289.929718551415,PAYMENT,233647.61931422495,4,300,15,0,0,0
6749.964763879689,PAYMENT,188348.62964675526,5,618,5,0,0,0
145732.04171928597,PAYMENT,277845.5972393194,5,1662,19,0,0,0
7111.258136008386,CASH_IN,60283.174710833555,0,1737,10,0,0,0
74510.11598621776,TRANSFER,227356.2805415539,1,408,13,0,0,0
15381.745432363306,PAYMENT,227683.85223274046,2,972,8,0,0,0
135597.74851595837,PAYMENT,269168.25647213263,5,1597,6,0,0,0
63641.059200023665,PAYMENT,317342.80718360114,3,1089,23,1,0,1
70083.3382657077,PAYMENT,478659.18299268105,1,1742,7,0,0,0
12362.79488872579,CASH_OUT,326084.56354587845,4,1490,11,0,0,0
29263.090648417496,TRANSFER,441862.57597670576,3,436,9,0,0,0
48092.28852534038,CASH_OUT,278151.9307345819,4,1983,10,0,0,0
73478.06365936591,TRANSFER,313463.9413137449,2,1199,19,0,0,0
5488.476382575579,TRANSFER,34918.47655478481,1,425,5,0,0,0
163991.46095238783,CASH_IN,66631.86144220778,3,884,11,0,1,1
110464.15120229458,PAYMENT,289835.2175987698,6,1435,22,0,0,0
15759.4190058049,PAYMENT,197856.43497901462,2,1183,21,0,0,0
86512.59519282752,TRANSFER,399405.2599327509,5,1289,12,0,0,0
36524.171517650735,PAYMENT,271588.937437088,1,1720,21,0,1,0
30976.854189896512,PAYMENT,441145.51947566896,4,207,6,1,0,0
18875.53294342793,PAYMENT,486165.8392311456,3,444,8,1,0,0
43490.469481532054,CASH_OUT,73817.5925607425,2,461,23,0,0,0
65446.136455793516,TRANSFER,197413.8758278133,5,1907,2,0,1,0
26460.75941712026,PAYMENT,332490.5126190154,2,98,2,1,0,0
49607.210385481216,TRANSFER,152744.37770017484,2,1198,15,0,0,0
60084.25800823276,CASH_IN,133516.16886074757,4,1096,17,0,0,0
62087.50959472737,CASH_IN,406869.2803144183,5,1508,12,0,0,0
2668.250795077073,CASH_IN,490189.2345293715,1,1199,21,1,0,0
98215.65444812257,PAYMENT,386901.6656237407,0,1820,22,0,0,0
30647.837860465144,CASH_IN,261838.31140205677,3,223,8,0,0,0
15218.770485545774,PAYMENT,221255.61597265737,6,828,5,0,0,0
13838.063272071475,CASH_OUT,269823.86026518245,0,1116,14,0,0,0
32986.985120839854,TRANSFER,231419.8510938679,7,313,8,0,0,0
108943.8884625498,CASH_OUT,251444.02839283404,2,1760,17,0,0,0
23768.707771586993,CASH_OUT,101726.52526461384,3,422,19,0,0,0
69259.89747664887,CASH_OUT,451870.9746546638,3,1662,12,0,0,0
5091.600241648196,CASH_OUT,377267.5007616341,5,57,0,0,0,0
32318.590536409607,PAYMENT,340488.71134661004,2,537,5,0,0,0
239491.56622993835,TRANSFER,474962.4854872366,4,1017,18,0,0,1
73579.06372002525,TRANSFER,142197.16595641902,1,1813,21,0,0,0
11819.576504639685,PAYMENT,40579.705446807115,4,1967,0,0,0,0
34801.71458265079,PAYMENT,413069.33017766586,1,1708,23,0,0,0
13304.16822487637,CASH_IN,499208.48182462744,3,488,21,0,1,0
26344.44138873776,PAYMENT,289216.2190100997,4,1014,11,0,0,0
75725.48658250668,TRANSFER,29404.693956340932,4,802,22,0,0,0
73750.77418978073,TRANSFER,390234.0200774706,5,838,15,0,1,0
12945.038030036332,CASH_OUT,36874.524422920775,3,1675,3,0,0,0
127695.6805968356,CASH_OUT,270006.9931296406,2,1784,3,0,0,0
44894.08399845018,TRANSFER,138766.23710526354,5,1129,9,0,0,0
23895.684852319726,CASH_IN,457513.3902961977,3,1255,13,0,0,0
34851.29272307533,CASH_OUT,225665.6066297425,1,1254,19,0,0,0
46452.49594014763,CASH_OUT,449231.6742392767,3,1821,17,0,0,0
41036.589587683244,CASH_OUT,149540.54262728378,2,402,2,0,0,0
33316.01655236597,PAYMENT,193681.29191067562,0,1375,5,0,0,0
35153.0888156104,TRANSFER,473559.5941235403,2,358,17,0,0,0
9704.238267797637,TRANSFER,100657.22546581768,5,396,8,0,0,0
83760.96809894398,CASH_OUT,289250.57582557254,7,1685,12,0,0,0
39018.14564227286,TRANSFER,194255.16428005567,0,1232,18,0,0,0
7025.202931786678,CASH_OUT,387083.44253436365,4,156,9,0,0,0
72655.2881691225,TRANSFER,64648.18558567869,5,173,15,0,0,0
134739.90376782548,CASH_OUT,218607.48450233424,4,222,18,0,0,0
147163.53736586758,PAYMENT,349466.3134226316,3,498,5,0,0,0
23023.875945686148,TRANSFER,203508.1175030799,5,1295,1,0,0,0
7281.174616908806,PAYMENT,29265.869637688345,3,1110,15,0,0,0
36532.03048621286,TRANSFER,352556.13066767197,4,1474,19,0,0,0
5973.4920265010405,TRANSFER,251599.16384249154,5,1732,13,0,0,0
135895.49632631626,CASH_OUT,5654.343340050272,4,606,0,0,0,0
10141.294705686756,TRANSFER,306327.9476141865,6,462,3,1,0,1
14568.83512338864,TRANSFER,459940.5112643932,4,76,20,0,0,0
26097.406413468903,TRANSFER,55512.97410584449,2,1477,4,0,0,0
24157.642614739412,PAYMENT,295335.6175045845,1,1451,9,0,0,0
79155.11115532734,PAYMENT,364334.44088131515,5,325,17,0,1,0
30469.429625011173,PAYMENT,35386.83507015272,3,333,8,0,0,0
9362.781064946928,CASH_OUT,11307.729082093154,1,265,6,0,0,0
15544.798468944298,PAYMENT,232097.93332247363,5,445,3,0,0,0
35577.105245876955,CASH_OUT,395593.3436171819,3,1013,20,0,0,0
7976.400774015362,PAYMENT,80359.70504966416,8,1860,14,0,0,0
47293.14494967477,TRANSFER,418318.63610746147,2,1666,16,1,0,0
41706.43356748471,CASH_OUT,328288.62771179806,3,1726,4,0,0,0
62711.10699531276,CASH_IN,166086.64389424282,4,443,10,0,0,0
138793.39695344694,PAYMENT,257912.89924622473,0,1173,5,0,0,0
121665.76981739159,TRANSFER,482787.4898633692,6,695,4,0,0,0
146008.62742053214,CASH_OUT,108218.4853161694,6,584,21,0,0,0
14033.045399007467,TRANSFER,249767.69887202012,2,1492,22,0,0,0
7053.144543853471,CASH_IN,312243.27805381035,2,585,12,0,0,0
17996.633693196036,TRANSFER,69007.30273783312,3,1131,5,0,0,0
112730.32136016856,CASH_IN,21761.04431165482,1,1385,14,1,0,0
178873.12013985869,CASH_OUT,6729.976465735643,1,137,12,0,0,0
98065.13329216212,TRANSFER,162346.42830000812,2,416,12,0,0,0
5827.686391672407,PAYMENT,36973.647242432686,2,36,9,0,0,0
147278.57917283344,TRANSFER,401884.9762705573,4,882,1,0,0,0
27526.68515354463,CASH_OUT,498659.76358087297,4,1623,1,0,0,0
467.69512109741464,TRANSFER,30651.910867232014,3,1912,8,0,0,0
29205.10971274205,PAYMENT,216363.1379667198,1,1447,21,0,0,0
2358.2057531683668,PAYMENT,12866.061491287384,4,551,19,0,0,0
39249.739427277535,PAYMENT,66995.44537863162,4,1281,9,0,0,0
20666.34864463626,PAYMENT,161461.28045533702,1,1223,20,0,0,0
32069.01860632801,PAYMENT,196849.10652882492,4,63,10,0,0,0
47488.544575558386,CASH_OUT,469891.4732143201,5,1775,20,0,0,0
101552.03773885002,TRANSFER,197918.40437844794,1,183,7,0,0,0
54220.91160088954,PAYMENT,248138.82952870108,3,857,20,0,0,0
28462.377228696467,CASH_IN,122791.6841369332,3,1183,17,0,0,0
85581.2439205886,CASH_OUT,62.56937828774678,4,742,1,0,0,0
118001.25015535235,TRANSFER,449667.2283665676,3,586,20,0,1,0
6378.032164282526,TRANSFER,40857.37851815241,1,34,3,0,0,0
37957.18914804157,CASH_OUT,482124.4205181145,3,55,17,0,0,0
16739.519767443704,TRANSFER,65422.05205013013,3,529,21,0,0,0
2410.229671012376,PAYMENT,302439.24037522014,2,774,15,0,0,0
55213.41696751427,CASH_OUT,499705.2939283185,3,1388,23,0,0,0
99305.12970451453,PAYMENT,69232.29803483794,2,1462,1,0,0,0
8890.74561804636,PAYMENT,211971.54246991212,5,1847,6,0,1,0
83675.80234466767,CASH_IN,390211.83448573825,1,1145,3,1,0,0
96000.91936018439,CASH_OUT,16095.074924984132,2,756,4,0,0,0
122868.72372617295,TRANSFER,344891.37557002227,4,1650,17,0,0,0
15413.636566016354,TRANSFER,40186.66894539974,3,1587,9,0,0,0
117145.9151358534,TRANSFER,118260.07113661319,2,1456,8,0,0,0
19331.879770000196,TRANSFER,80038.08124668022,4,1551,15,1,1,0
40185.841283077985,PAYMENT,453668.2158234681,3,1831,18,0,0,0
2591.3808467938366,CASH_OUT,90228.35839084043,2,71,16,0,0,0
2243.649455716463,CASH_IN,20217.0477575786,4,1537,3,0,0,0
63714.97337663681,PAYMENT,293812.8392238811,5,1212,0,0,0,0
29392.531365384693,PAYMENT,173090.462704851,2,1724,5,0,1,0
14805.364951589689,PAYMENT,202853.11032068322,1,1408,15,0,0,0
10561.58252895623,TRANSFER,59531.372431273485,5,529,12,0,0,0
55426.08488310096,PAYMENT,374117.24571659724,4,279,3,0,0,0
20.081233286492477,TRANSFER,300776.824821759,1,360,19,0,0,0
81966.81468449358,CASH_IN,182108.52237413998,2,1902,8,0,0,0
4128.314794306878,CASH_OUT,85787.471881568,5,1790,22,0,0,0
10628.08775797769,CASH_OUT,296725.8695852802,3,1267,3,0,0,0
24407.27168001427,TRANSFER,389298.63975368865,4,1416,4,0,1,0
33165.70620580659,TRANSFER,156198.64193359745,2,1527,3,0,0,0
21924.86949167747,TRANSFER,12930.19176929855,2,1473,20,0,0,0
19335.516553142257,TRANSFER,107171.992376492,3,269,10,0,0,0
166095.3029886723,CASH_IN,341198.9094464146,2,1503,16,0,0,0
51302.44532645336,TRANSFER,494548.18872846133,3,829,6,0,0,0
1185.5936462175007,TRANSFER,6688.119704388262,4,1120,8,0,0,0
28121.378854481132,CASH_OUT,153076.78106605037,3,1941,16,0,0,0
103975.55710268237,TRANSFER,31010.43522441943,1,899,18,0,0,0
17937.868849955365,TRANSFER,158174.6438815161,4,1244,12,0,0,0
4966.511431773256,PAYMENT,202957.17156371064,10,399,22,0,0,0
71020.43917045971,CASH_OUT,460431.04597312753,1,308,3,0,0,0
46571.973836860154,CASH_OUT,40280.39970248937,0,79,8,0,0,0
42234.854845077774,TRANSFER,388567.026532885,5,1374,10,0,0,0
2753.259933485091,TRANSFER,197767.19803148168,2,1762,12,0,0,0
7570.165104476357,TRANSFER,405631.42483346385,3,201,23,0,0,0
48715.77848752243,PAYMENT,256701.09266281067,3,1051,15,0,0,0
11648.57447497231,TRANSFER,19641.01942170504,5,727,9,0,1,0
35066.032602746374,TRANSFER,473102.9423574194,3,1750,3,0,0,0
39359.89315643405,PAYMENT,41367.031717260914,3,1730,2,1,1,1
16669.35335171212,CASH_OUT,298841.75126687804,4,1502,20,1,0,0
148236.0617930272,PAYMENT,438833.8814667579,4,47,22,0,0,0
92405.09767863399,TRANSFER,39884.898875096944,5,1425,21,0,0,0
64073.93106517775,TRANSFER,276946.69420800643,7,1442,6,0,0,0
4060.170148164949,PAYMENT,412144.9377622261,1,1519,20,0,0,0
5609.747492704401,CASH_OUT,493162.3543228979,3,640,11,0,0,0
33940.654893900864,CASH_IN,362163.7004070106,3,1683,17,0,0,0
8760.148658408212,TRANSFER,139167.18773164682,5,1299,4,0,0,0
191442.63705883088,PAYMENT,349785.16492270475,3,125,22,0,0,1
8629.66554151978,CASH_IN,352883.38465381967,3,951,16,0,0,0
33419.59049343049,PAYMENT,349983.0060523087,4,318,4,0,0,0
22637.353735245746,PAYMENT,427130.2185465529,5,839,19,0,0,0
50997.415674892334,PAYMENT,43690.03125974547,2,245,11,0,0,0
6907.755212705289,TRANSFER,54209.92270771669,3,1720,22,0,0,0
28133.710460778257,TRANSFER,320308.562112779,2,1264,15,0,0,0
16058.842778425977,CASH_OUT,476940.5480490939,5,111,15,0,1,0
109352.01676366475,CASH_OUT,232919.31945962296,3,620,21,0,0,0
2071.6148762113357,PAYMENT,480281.3508128376,5,1656,6,0,0,0
122512.21590268986,CASH_OUT,469042.629758077,4,662,19,0,0,0
89486.31843481459,CASH_OUT,451454.86911715975,4,488,12,0,0,0
17660.527340694247,PAYMENT,454925.48743204266,4,1845,4,0,0,0
77863.78027318163,CASH_OUT,449159.396663993,1,1435,23,0,0,0
1585.5541943907829,CASH_OUT,409944.69176959107,4,288,18,0,0,0
170359.08805984925,TRANSFER,347489.47930266516,8,708,19,0,0,0
37390.1949397265,TRANSFER,12204.08929630412,4,868,15,0,0,0
18068.65716536037,PAYMENT,66126.79607802624,4,1449,9,0,0,0
22516.5770014779,TRANSFER,67116.02726573357,4,1086,11,0,0,0
3435.6466119209013,TRANSFER,11770.142139794936,5,819,5,0,0,0
227107.48790061192,PAYMENT,58350.88421181833,3,1984,22,0,0,0
2004.2354623577905,TRANSFER,459873.2167835531,2,1323,20,0,0,0
53197.084495687275,PAYMENT,331902.143455393,4,1975,18,0,0,0
29235.80269643063,CASH_IN,156036.50914771121,2,496,20,0,0,0
148714.4106766233,TRANSFER,396680.00611833995,4,1522,1,1,0,1
14118.128327677212,TRANSFER,244184.74347742548,2,1946,7,0,0,0
37973.62607553751,CASH_OUT,71063.51845793829,4,1875,19,0,0,0
32923.396731342,PAYMENT,442251.0406132463,4,454,8,0,0,0
60678.67789618473,CASH_OUT,169330.97311823626,4,458,2,1,0,0
3521.672142326575,TRANSFER,349429.6152649471,0,572,6,0,0,0
10770.497270611857,PAYMENT,145297.0802498037,6,610,2,0,0,0
12075.86727485776,TRANSFER,250035.6253369,3,1152,10,0,0,0
66999.31704931812,CASH_OUT,408126.3557652077,1,1966,11,0,0,0
10482.912919534661,PAYMENT,78388.67321218384,2,1497,12,0,0,0
42606.18006565019,CASH_OUT,488625.6976196392,0,1661,3,0,0,0
12119.110440498689,PAYMENT,35107.9614303631,3,1424,1,0,0,0
98889.37636116723,PAYMENT,267004.45487025206,3,1185,5,0,1,0
142525.74412672836,CASH_OUT,458012.75967597397,3,295,20,0,0,0
36541.72289534815,CASH_IN,472846.9424412627,1,251,11,0,0,0
21717.068471847102,CASH_OUT,116054.481439888,4,660,9,0,0,0
13332.426819546541,CASH_IN,71992.49060740431,3,1410,19,0,0,0
2553.13981208519,CASH_OUT,362201.5001589455,5,1552,3,0,0,0
15632.908134402713,CASH_OUT,20986.784138118554,1,166,16,0,0,0
53099.90905711034,CASH_OUT,242619.48451515715,1,730,11,0,0,0
38137.3973362871,CASH_OUT,398177.613396591,4,759,18,0,1,0
144157.04861035736,PAYMENT,280127.36225841695,3,1971,20,0,1,0
25232.01151503205,PAYMENT,94006.6328870025,3,178,14,0,0,0
59186.18415124921,PAYMENT,243522.1497349816,3,156,1,1,0,0
33600.874403860136,CASH_OUT,460637.3582244465,5,1293,6,0,0,0
35931.067056201,TRANSFER,308606.4890221384,5,308,18,0,0,0
15583.324957863817,PAYMENT,360745.3137845099,4,1114,7,0,0,0
30343.958533809568,TRANSFER,168131.93983125745,4,937,17,1,0,0
31818.02484135376,PAYMENT,94241.88758380886,3,1660,13,0,0,0
61318.1675672958,PAYMENT,127821.1149498018,1,1431,7,0,0,0
141206.7333205996,CASH_OUT,266588.7968801475,4,1454,20,1,0,0
19973.253033573128,PAYMENT,140110.07680535186,3,1413,5,0,0,0
2155.839015020569,PAYMENT,270982.3937130506,1,468,2,1,0,0
34288.23744456471,PAYMENT,353895.96368808846,5,1930,11,0,0,0
39313.73374422168,CASH_OUT,367197.93808515073,2,1330,0,0,0,0
9222.624348605665,CASH_OUT,82342.46983054672,5,467,16,0,0,0
71452.70456607442,TRANSFER,375215.4244169316,3,588,4,0,0,0
209749.5053472576,CASH_OUT,336344.06979617954,5,1734,11,0,0,1
145730.40017219612,CASH_OUT,6002.566684353339,3,126,17,0,0,0
10976.631354238165,PAYMENT,29436.087544875423,2,172,12,0,0,0
104117.58456332773,PAYMENT,323124.75093019014,1,1277,8,0,0,0
60953.24536910101,TRANSFER,191851.9497818548,4,344,2,0,0,0
30242.766202346098,CASH_OUT,73051.99978783295,3,940,3,0,0,0
38892.89604674973,CASH_IN,22198.279584816628,1,58,9,0,0,0
94722.90154571345,CASH_OUT,79699.17033621544,5,1576,9,0,0,0
32709.300019349917,PAYMENT,478756.9821608083,4,1082,1,0,0,0
23356.97626391317,CASH_IN,363782.82078548486,3,774,17,0,0,0
33986.62732504573,PAYMENT,263852.71046714694,3,1424,2,0,0,0
43271.54079823671,CASH_IN,470770.2500272959,2,627,10,0,0,0
10479.149005129431,PAYMENT,309555.218840802,3,1015,21,0,0,0
115585.1922700519,CASH_OUT,362822.59414033365,5,751,22,0,0,0
56071.5762387781,CASH_OUT,141325.90925293602,1,1398,4,0,0,0
50156.32221525201,TRANSFER,294490.92179459793,4,1394,14,0,0,0
5240.046178525402,CASH_OUT,71738.62214892013,4,501,23,0,0,0
46339.02010152076,PAYMENT,202241.5725988877,2,655,16,0,0,0
6446.281472055322,CASH_OUT,16620.16249330506,3,792,1,0,0,0
4098.351973728986,PAYMENT,108314.04379134024,3,597,4,0,0,0
37465.869562634354,TRANSFER,37434.31471133735,4,761,16,0,0,0
25773.949532373532,TRANSFER,193889.40975361568,1,210,10,0,0,0
44435.02706069714,CASH_IN,421517.5823192451,1,1568,9,1,0,0
4672.814209709877,CASH_OUT,188967.05317252653,0,1578,22,0,0,0
28192.25393868956,PAYMENT,415819.81299732166,3,451,18,0,0,0
9605.66994209342,PAYMENT,328249.15628944366,1,867,5,0,0,0
217526.73142104625,CASH_OUT,254764.7233154139,5,808,9,0,1,1
41179.90470082657,TRANSFER,118445.84663066527,7,1429,10,0,0,0
58147.43926123981,TRANSFER,461078.0464220762,5,436,6,0,0,0
19683.122763645628,PAYMENT,27100.404421016632,5,1510,15,0,0,0
4976.594246574393,PAYMENT,344456.50884940766,2,526,20,0,0,0
186216.75778110503,TRANSFER,310619.94640468445,5,1109,12,0,0,1
16861.75885613864,PAYMENT,220520.7611282634,1,1966,22,0,0,0
27565.73309354759,CASH_OUT,120160.47764630266,2,1318,10,1,0,0
52471.67024622109,PAYMENT,215347.96842263342,3,1176,2,0,0,0
1250.3696128278355,CASH_IN,436386.36277671036,1,1431,7,0,1,0
83104.79912661584,CASH_IN,418383.0551274771,1,1392,22,0,0,0
38455.88014913356,PAYMENT,470690.6249885146,3,1280,3,0,0,0
16301.549922868167,TRANSFER,153896.603312624,5,1529,6,0,0,0
3179.374557764026,CASH_IN,193552.07918443644,2,1209,9,0,1,0
8866.606165694457,TRANSFER,9363.076329931664,5,779,11,0,0,0
112705.87230492732,PAYMENT,471474.9973600041,3,1132,10,0,0,0
57921.972117122925,CASH_OUT,164695.04590863443,2,304,4,0,0,0
14377.55216095028,CASH_IN,202081.9107664966,3,382,4,0,0,0
3392.574277843581,PAYMENT,453902.3057236973,7,1012,18,0,0,0
58658.49163258492,PAYMENT,263299.2150834066,4,1273,14,0,0,0
42479.25841036066,CASH_OUT,283087.270877739,5,1313,6,0,0,0
25919.333869398975,PAYMENT,88116.41907545841,2,1484,3,0,0,0
22597.298661834575,PAYMENT,249330.01040932722,3,844,6,1,0,0
12219.270781244993,PAYMENT,459104.3004543871,2,444,6,0,0,0
55374.265366958476,CASH_OUT,279359.044053963,5,1920,9,0,1,0
176453.85781562084,TRANSFER,127558.18231987904,3,418,3,0,0,0
9661.961666467987,CASH_OUT,15590.432067381422,3,153,17,0,0,0
45455.406930245575,TRANSFER,168150.886727034,3,1342,21,0,0,0
27598.447362181512,CASH_OUT,286295.457032229,1,1357,5,0,0,0
29591.727283436376,TRANSFER,21306.644185415058,4,1213,20,0,0,0
14661.35623571668,CASH_OUT,304896.2886455781,7,1435,0,0,1,0
87187.01601398675,CASH_OUT,261706.9135590564,2,141,1,0,0,0
33204.24101289092,CASH_OUT,391717.73458328546,3,876,22,0,0,0
39198.01809361776,CASH_IN,14444.086135980915,1,1666,2,0,0,0
18174.974110589155,TRANSFER,390423.6724093687,5,1279,6,0,0,0
10032.94101183558,TRANSFER,260438.52287905346,3,517,1,0,0,0
4491.333439608453,TRANSFER,185264.66638985573,3,1612,13,0,0,0
62609.00658074956,PAYMENT,482691.48817941203,5,1702,4,0,0,0
10922.372370056546,CASH_IN,80059.77361802652,2,390,4,0,0,0
58571.30445397887,CASH_OUT,270662.55954555323,3,1216,15,0,0,0
24745.68184908619,CASH_OUT,160490.73679623922,2,76,14,0,0,0
26873.437787020994,CASH_IN,263743.1893976679,5,629,15,1,0,0
31666.37906073686,TRANSFER,276137.7262902061,1,367,23,0,0,0
22920.238492397984,CASH_OUT,44724.12421242289,4,1326,8,0,0,0
5302.480830700874,CASH_OUT,330567.5734591749,2,926,7,0,0,0
18526.5107508898,CASH_OUT,317240.7479595059,1,84,21,0,0,0
54492.69191001469,CASH_IN,384733.637317232,0,296,1,0,0,0
54798.4494834845,CASH_OUT,45329.2468295855,0,574,9,0,0,0
16859.32608990672,CASH_IN,148629.2734518439,5,1373,17,0,0,0
30818.81033331773,CASH_IN,325055.29986405064,2,1018,17,1,0,0
10749.297510917195,TRANSFER,68365.41295780423,7,1111,18,0,0,0
11809.671687481605,CASH_OUT,338799.10539422114,1,649,4,0,0,0
1165.8412518501277,CASH_OUT,29513.355410211494,1,1969,0,0,0,0
113528.43163810814,TRANSFER,167465.77647981385,2,303,20,0,0,0
11830.862329469546,TRANSFER,423355.5611662596,3,363,22,0,0,0
12908.35624056351,PAYMENT,387145.6451905801,5,714,10,0,0,0
16397.532718119826,TRANSFER,322380.3576135439,0,1176,20,0,1,0
6814.36342510363,CASH_IN,435229.20831255056,4,1608,10,0,0,0
50980.289709015145,TRANSFER,354634.77208610025,2,177,2,0,0,0
3905.804869431593,PAYMENT,259687.5526054015,2,342,2,0,0,0
7205.2073193960305,CASH_IN,489858.7501928933,8,1263,15,0,0,0
51747.62234954642,CASH_OUT,347428.03989465977,0,786,19,0,0,0
20750.068236564308,CASH_OUT,300683.58840650157,4,952,14,0,0,0
61541.14084967971,CASH_OUT,204435.28047678233,0,303,12,0,1,0
40757.2380226058,CASH_OUT,451206.2492895252,5,174,9,1,0,0
14787.135148500289,TRANSFER,147854.5478024964,3,1881,18,0,0,0
52609.52498565512,TRANSFER,4609.797105451341,2,630,9,0,0,0
6180.392868491115,TRANSFER,98370.26121617998,2,802,15,0,0,0
38437.77822012223,CASH_IN,54758.74597117958,1,1955,5,0,0,0
28736.93747365042,CASH_OUT,159496.88708653604,0,403,4,0,0,0
15590.103943143422,TRANSFER,412939.3387292275,0,1029,14,0,0,0
46317.68441807948,CASH_OUT,325764.84268250375,2,1409,16,0,0,0
102526.61055974095,TRANSFER,84490.29461685625,1,766,3,0,0,0
340836.33821627835,TRANSFER,394410.8605461693,2,812,7,0,0,0
46794.42202316699,CASH_IN,252109.93304970136,2,1604,11,0,0,0
25934.9833359115,TRANSFER,256357.31205914848,1,1517,12,0,0,0
12757.9755712732,CASH_OUT,181056.09049043665,5,1027,8,0,0,0
14859.428443305536,TRANSFER,432308.1824110117,1,196,14,0,0,0
32643.944867853068,CASH_OUT,159163.65192789634,2,373,10,0,0,0
22886.182985122676,CASH_OUT,47069.880334844325,3,1202,14,0,1,0
122562.67957167901,PAYMENT,151364.49698597254,4,771,21,0,0,0
22966.675313330255,CASH_OUT,357676.77313394286,2,1834,14,0,0,0
23375.903332502094,TRANSFER,328790.94340166444,5,1338,3,0,0,0
24187.64695919813,PAYMENT,94008.57677678892,2,1407,15,0,0,0
90583.88953333057,TRANSFER,55892.14955247102,3,1314,9,0,0,0
52603.850506018454,CASH_OUT,330432.87920087314,1,1760,1,0,0,0
47617.77206398385,CASH_IN,338188.41782745614,1,1842,11,0,0,0
20334.01899137942,TRANSFER,183074.81860528534,1,1702,7,0,0,0
85161.11147688294,PAYMENT,421400.69176453986,2,1760,20,0,0,0
1955.9567061267455,TRANSFER,489102.6018999584,2,201,23,0,0,0
102318.5900972606,TRANSFER,102822.6117246977,5,219,21,0,0,0
35948.886746905475,TRANSFER,288534.3578530142,4,1787,16,0,0,0
25395.67963098382,TRANSFER,2673.1645019695825,2,864,23,1,1,1
34374.88651169417,CASH_OUT,356527.1980131437,5,142,4,0,0,0
55043.07038212704,TRANSFER,207141.0567816589,3,524,18,0,0,0
642.3802341811205,CASH_IN,96634.61345158242,6,731,10,0,0,0
102611.50041501145,PAYMENT,376110.9608821881,0,475,16,0,0,0
29596.31836093573,CASH_OUT,405324.3987780403,3,1753,23,0,1,0
21001.015121764955,TRANSFER,55583.25058796864,1,462,5,1,0,0
7439.246391498681,CASH_IN,20497.880919016996,3,1220,11,0,0,0
28943.21310163358,PAYMENT,167039.22083455863,3,710,6,0,0,0
34290.98176408933,CASH_OUT,312995.2328805178,4,335,15,0,0,0
25846.099653799738,CASH_IN,396709.76359431655,2,1023,2,0,0,0
56762.79091766756,TRANSFER,273031.24831522885,3,1582,11,0,0,0
27313.705528456412,TRANSFER,290374.3881534903,4,1618,7,0,0,0
162747.9245428336,TRANSFER,399929.11087644554,2,1431,2,0,0,1
45724.30778303321,CASH_IN,264421.6871093797,2,1236,14,0,0,0
82377.2255916292,CASH_IN,305577.2451131503,4,235,20,0,0,0
5790.518681615516,CASH_IN,258108.66998827964,3,1806,5,0,0,0
25316.063592551356,CASH_OUT,440229.116683852,3,1896,7,0,0,0
20537.530196738247,CASH_IN,117758.30929254444,4,469,11,0,0,0
42138.35228496669,CASH_OUT,131996.7922702547,1,798,12,0,1,0
98704.91853073453,CASH_OUT,63980.730800912876,3,222,20,0,0,0
4078.8476634400927,TRANSFER,409733.37574721087,4,989,16,0,0,0
3767.156627232697,TRANSFER,205888.64528117867,2,977,16,0,0,0
94962.01427597034,PAYMENT,173946.9704406219,1,1708,21,0,0,0
11966.828041257073,TRANSFER,490674.3585435781,4,1311,13,1,0,0
55244.586324206146,CASH_IN,463401.68321989273,3,41,15,0,0,0
39140.26274214992,CASH_OUT,485993.8410623807,4,970,10,0,0,0
89456.2256549711,CASH_OUT,71149.49837934642,1,1238,5,0,0,0
6681.65045144493,CASH_IN,445625.90657408314,5,1863,9,0,0,0
6950.631687899746,CASH_OUT,164354.79969372574,3,799,6,0,0,0
40688.778551394964,PAYMENT,6328.385105931256,3,244,22,0,0,0
146290.40159748975,PAYMENT,195649.16799153437,3,1755,8,0,0,0
26806.979995637874,TRANSFER,254598.17656902983,3,703,21,0,0,0
19796.19603634866,PAYMENT,54110.211783702674,4,814,9,0,0,0
46657.77266000575,CASH_OUT,268838.80843712814,2,838,11,0,0,0
133284.46196241752,CASH_IN,409731.79208836576,2,747,18,0,0,0
90678.12164363729,CASH_OUT,188825.475419597,4,488,11,0,0,0
270002.1219579844,TRANSFER,176322.4032671511,2,369,18,0,0,0
1141.3575713968773,CASH_OUT,169405.2101153387,3,1417,14,0,0,0
5987.519120820736,TRANSFER,461547.22294184595,4,740,19,0,0,0
47012.23804557453,PAYMENT,24379.04939509955,3,350,5,0,0,0
85900.30038114676,CASH_IN,222538.07099647765,4,1685,14,1,0,0
16790.726609283694,PAYMENT,132299.72707485844,1,1820,19,0,0,0
13669.967101731514,TRANSFER,446903.5126937471,3,269,15,0,0,0
77317.47508990527,CASH_IN,48026.131791901964,6,44,1,0,0,0
2901.6850435897913,TRANSFER,205721.3833402054,3,906,22,0,0,0
23052.800746851462,TRANSFER,203408.07601554284,2,1219,17,1,0,0
35241.68236308364,TRANSFER,444197.20877351135,2,1407,20,0,0,0
41088.665396150616,TRANSFER,107746.72252048473,2,1510,4,0,0,0
65210.86899174731,PAYMENT,322447.7051508056,2,1374,7,0,0,0
21913.290115388438,CASH_OUT,67203.06344389454,3,1318,10,0,0,0
47425.7635787914,TRANSFER,476987.85704027134,1,199,14,0,1,0
44019.09007051201,PAYMENT,296507.47963614296,1,1564,4,0,0,0
39661.20623968988,CASH_IN,313128.36516033515,4,1503,13,0,0,0
51149.73152087163,CASH_IN,216886.70083023608,2,755,9,0,0,0
15018.050313172662,TRANSFER,171141.35633316112,4,1910,5,0,0,0
4422.370575215551,PAYMENT,106338.21474743815,5,720,13,0,0,0
6350.303420505165,TRANSFER,301993.87691612943,6,1945,19,0,0,0
12717.676683527605,TRANSFER,477280.872674119,2,107,3,0,1,1
34677.156499157194,CASH_IN,179895.4770462015,0,768,13,0,0,0
91767.62452057566,CASH_IN,441578.4443310271,3,237,2,0,0,0
60414.66321906896,CASH_IN,74388.15642362484,3,944,17,0,0,0
77804.4800500484,CASH_OUT,468063.0104409004,2,902,19,0,0,0
21614.250177373517,CASH_IN,175243.14194903828,5,60,10,1,0,0
25930.604794636325,CASH_IN,189863.60579667284,3,223,11,0,0,0
25017.52450181978,TRANSFER,231421.12851716412,1,189,15,1,0,0
10651.814139098733,TRANSFER,359122.13497382513,2,129,19,0,0,0
3158.527962202368,PAYMENT,359826.7168445176,1,1557,8,0,0,0
44691.749598423055,TRANSFER,239794.29235983262,6,232,20,0,1,0
226487.75501955228,CASH_IN,261576.44965696798,3,37,10,0,0,1
9125.861093771682,TRANSFER,15005.243887070585,5,1933,8,1,0,0
2390.485293501595,PAYMENT,152148.35077916284,5,738,8,0,0,0
75600.06380798195,PAYMENT,173008.53711530473,6,1535,6,0,0,0
14556.801972355082,TRANSFER,279363.6343628797,5,1597,8,0,0,0
88493.18856517205,CASH_IN,279149.8836856522,1,332,0,0,0,0
60859.094241180166,TRANSFER,354949.8988639366,1,37,3,0,0,0
145637.19118133106,TRANSFER,358513.64810904046,2,1727,5,1,0,0
26290.80743038325,CASH_OUT,117605.3621060415,4,1825,21,0,0,0
54231.0077542759,TRANSFER,385093.57555241237,3,833,10,0,0,0
31260.85655932412,PAYMENT,9801.784023141025,5,1225,16,0,0,0
49792.23071264422,CASH_IN,358080.94230336027,2,182,0,0,0,0
29855.400236684367,CASH_OUT,51030.551759711554,1,1335,13,0,0,0
10451.693535511436,TRANSFER,364824.1042106095,4,1854,16,0,0,0
35453.40400828051,CASH_OUT,263559.04528420215,0,1446,23,1,0,0
37600.73874540689,PAYMENT,218627.25034154605,3,1356,16,0,0,0
83195.72083000225,CASH_IN,345333.1948807145,3,1253,8,0,0,0
66499.61567607515,PAYMENT,18185.416873616356,2,1198,9,0,0,0
54501.2072200989,PAYMENT,111735.16283778918,4,1068,17,0,0,0
6017.340089733548,TRANSFER,308220.071233827,6,1735,8,0,0,0
63758.45698710735,CASH_OUT,423607.70331540896,2,1363,12,0,0,0
34687.88397927939,PAYMENT,190553.8184725585,4,426,10,0,0,0
112262.78229474225,PAYMENT,129380.73631677854,2,1805,1,0,0,0
126205.83104740754,PAYMENT,259368.21789449715,5,1559,3,0,0,0
2836.803477969453,CASH_IN,311157.62619342067,1,1548,10,1,0,0
85918.45096319592,PAYMENT,210051.51570287324,2,719,8,0,0,0
1921.3157405395968,PAYMENT,438355.3413298775,4,1097,23,0,0,0
22877.643191540552,CASH_IN,261719.3544300067,3,1312,11,0,0,0
39077.06390292841,CASH_IN,17911.793785292506,0,1234,20,0,0,0
8014.353369979813,TRANSFER,111526.9773530952,3,1365,16,1,0,0
68582.86291783986,CASH_OUT,225323.51545890726,2,1107,1,0,0,0
419.4900164208162,TRANSFER,348862.7595084667,4,1750,13,0,0,0
9232.15538148896,PAYMENT,109876.12189629443,1,681,19,0,0,0
43469.97918157327,CASH_OUT,488128.71985871054,3,378,8,0,0,0
62655.97495877008,CASH_OUT,159279.12909404174,4,1437,3,0,0,0
124231.19610431188,CASH_OUT,266240.1034302942,1,1240,4,0,0,0
61123.24536560376,PAYMENT,9483.192365520588,1,350,16,0,1,0
55703.44701958334,TRANSFER,442445.3607154022,6,1405,12,0,0,0
25071.919960039348,TRANSFER,394417.3267625917,3,1858,20,1,0,0
64.26255541380144,CASH_OUT,97729.00214779635,2,1713,13,0,0,0
6400.718186196079,PAYMENT,466618.34561992146,6,485,17,0,0,0
38238.01818434825,TRANSFER,157919.88189870233,2,322,8,0,0,0
56216.491264265314,CASH_OUT,346093.1441900585,1,188,9,0,0,0
27016.86572364474,PAYMENT,409488.15900829993,1,1532,11,0,0,0
65592.56725311193,TRANSFER,370457.23061859043,3,54,8,0,0,0
36892.82514500478,TRANSFER,458791.3920149206,3,847,20,0,0,0
3853.5669230255885,PAYMENT,432137.38017035427,2,261,23,0,0,0
10660.666662369875,CASH_OUT,497305.75704580505,4,1674,11,0,0,0
91628.51795423051,PAYMENT,91305.70628807278,4,590,9,0,0,0
64533.34733188847,CASH_OUT,152380.90061335004,2,1573,5,0,0,0
112576.53518803808,CASH_OUT,318112.933715815,4,507,23,0,0,0
6253.06819020371,PAYMENT,366523.59294579184,3,1659,8,0,0,0
231383.74958097315,PAYMENT,267302.52727785456,3,1686,19,0,0,0
11748.581018831248,CASH_OUT,36964.18244330746,3,888,13,0,0,0
592.490438458542,CASH_OUT,420797.613400191,2,448,13,0,0,0
298055.2848718984,PAYMENT,480437.178010636,1,399,12,0,0,0
16499.83439696683,PAYMENT,202758.42191319738,0,1545,3,0,0,0
55133.94518437611,TRANSFER,112406.24084942302,4,1066,6,0,0,0
9720.6571640629,PAYMENT,9656.877481043768,4,1842,4,0,0,0
43402.242003886684,CASH_OUT,118649.51804679264,4,1126,3,0,0,0
117188.57980872519,TRANSFER,349959.3874192111,2,181,17,0,0,0
19296.446949884725,CASH_OUT,455794.69383636524,4,461,1,0,0,0
55471.62726056704,TRANSFER,46756.53321588291,2,1598,19,0,0,0
10406.810643089422,CASH_OUT,276629.59358096495,4,286,9,0,0,0
49014.18991912105,TRANSFER,347765.62425591616,3,357,23,0,0,0
20507.58001519964,TRANSFER,138190.4105531343,3,283,7,0,0,0
11862.64727804161,TRANSFER,284948.519585151,3,800,22,0,0,0
18784.300781151414,CASH_OUT,357624.21300288645,3,1963,19,0,1,0
9851.930272406105,TRANSFER,418859.6215676884,2,683,22,0,0,0
116096.6062018183,PAYMENT,226249.92540999045,3,1742,8,0,0,0
25307.402892492515,TRANSFER,373928.6094594803,4,151,23,0,0,0
14070.376927066494,PAYMENT,150891.48586992486,2,62,20,0,0,0
29747.31741018936,TRANSFER,106523.37338607931,4,1313,2,0,0,0
19322.56362120477,TRANSFER,93656.8730453337,3,579,17,0,0,0
68210.84436121039,TRANSFER,179436.3659128631,1,1206,19,0,1,0
177403.57579350032,CASH_IN,17939.84089442452,1,1868,12,1,0,1
28815.66591220633,CASH_OUT,141495.91883262485,5,1298,10,1,0,0
98676.08311476017,CASH_OUT,326111.4122216141,1,1194,19,0,0,0
41719.76479652152,PAYMENT,323959.5235800684,3,660,9,0,0,0
8553.395766753325,CASH_IN,36776.90324574562,3,518,20,0,0,0
58659.69236814392,CASH_IN,143707.80854031007,0,914,12,0,0,0
36019.18726812375,TRANSFER,284778.83233896084,1,964,2,1,1,1
52577.82756625534,TRANSFER,159276.06875155141,2,1846,21,1,0,0
110221.86196516779,PAYMENT,208994.01209443674,1,259,23,0,0,0
29029.740777011364,TRANSFER,356405.37855788204,0,230,2,1,0,0
115721.56071090116,PAYMENT,4633.414728315021,1,899,19,0,0,0
69448.70026441154,CASH_IN,138196.77204421526,1,584,19,0,0,0
33530.64241572734,PAYMENT,71186.12189250834,3,1219,16,0,0,0
46218.934527791,TRANSFER,63804.59138224587,1,1088,20,0,0,0
19695.194799698722,TRANSFER,479520.10822362354,4,1042,11,0,0,0
205515.46538152877,PAYMENT,188280.16578120887,6,1658,12,0,0,0
55033.39445594969,TRANSFER,263544.2924548199,3,980,15,0,0,0
2241.8591313766897,TRANSFER,366910.94353481627,3,847,18,0,0,0
19772.41514263001,CASH_OUT,23723.737430025092,3,875,6,1,0,0
48817.22406708588,CASH_OUT,120511.31927884917,3,259,6,0,0,0
2899.111184453993,TRANSFER,416073.89367185626,4,319,20,0,0,0
1208.7021586429014,PAYMENT,430995.30658894056,5,950,20,0,0,0
29894.053679777287,CASH_OUT,186475.46032040103,6,455,16,0,0,0
20225.042135026193,TRANSFER,187430.7998258841,8,1657,14,0,0,0
28839.245065733045,TRANSFER,378448.4385544409,6,1744,3,0,0,0
15237.56701089296,CASH_OUT,147535.1133749346,3,1915,12,0,0,0
8999.279181827365,CASH_IN,58547.040569999044,2,788,16,0,0,0
58421.171399799074,CASH_IN,128767.72512029173,4,1028,0,0,0,0
36136.12412246386,CASH_OUT,193672.36581788745,2,1730,7,0,0,0
11166.816697864899,PAYMENT,26102.35479754913,2,1804,17,0,0,0
19252.943905249467,TRANSFER,239340.12710008738,3,1799,15,0,0,0
44800.87004128492,CASH_IN,370003.7563863892,2,1817,15,0,0,0
3748.535963784158,TRANSFER,256872.5722402308,3,95,8,0,0,0
7976.347512409319,CASH_OUT,35947.670257253485,6,882,16,0,0,0
3803.3346810050557,TRANSFER,220074.81567297925,2,1087,8,0,1,0
83650.13411483332,PAYMENT,354452.30402141635,3,261,16,0,0,0
69798.90148535593,CASH_OUT,29048.326995094965,3,1987,9,0,0,0
69981.73381372962,PAYMENT,29923.594863444257,1,956,14,0,0,0
62996.363655702946,CASH_OUT,185300.70159049134,1,695,7,0,1,0
55340.100201720554,CASH_IN,97481.98206185455,4,1385,16,1,0,0
32407.917843438245,CASH_OUT,467390.3956542102,1,1019,7,0,0,0
51399.97938168065,CASH_IN,290671.80186987156,3,1975,16,0,0,0
1955.8367769317235,TRANSFER,143662.6997029481,3,1741,12,0,0,0
48572.26074495917,TRANSFER,352388.36455747543,4,1180,7,0,0,0
75226.3586413153,CASH_IN,187464.52567966442,3,154,1,0,0,0
34693.207914792285,CASH_IN,66057.82218950501,2,1916,20,0,0,0
22120.460353088343,PAYMENT,118616.1149217902,2,397,14,0,0,0
16246.822950847467,CASH_OUT,321373.64222968783,6,1132,22,0,0,0
51473.25847658848,TRANSFER,25938.05299849583,4,39,23,0,0,0
59013.00897531497,TRANSFER,136344.52002403187,2,1601,5,0,0,0
102384.58711502833,TRANSFER,104155.7388210873,5,1221,7,1,0,0
20952.91003485983,TRANSFER,100567.555338266,1,951,2,0,0,0
73434.3245932616,CASH_OUT,341381.20598798554,3,166,15,1,0,0
41203.33640138615,PAYMENT,412908.45837718225,1,210,22,0,0,0
107209.24021142206,PAYMENT,357933.30403212935,3,1774,22,0,0,0
37518.91484813996,CASH_OUT,322863.9079002561,2,1507,1,0,0,0
36452.173440501996,TRANSFER,458225.88590893196,6,1046,9,0,0,0
43122.93655762136,TRANSFER,29196.19021214842,2,115,2,0,0,0
69177.97623830127,PAYMENT,83741.54298812036,1,749,23,0,0,0
167180.13149189326,CASH_OUT,207203.42783526608,2,243,10,0,0,1
3820.480787604074,PAYMENT,186225.82175193387,2,1362,14,0,0,0
2745.7608286933937,CASH_OUT,209025.80148151124,5,1220,1,0,0,0
138669.72226324168,TRANSFER,103227.45252135301,1,1370,8,0,0,0
37737.8996364228,PAYMENT,74751.65779011417,2,81,18,0,0,0
47713.003310132655,PAYMENT,254596.623728964,2,225,16,1,0,0
32929.90674850874,CASH_OUT,464026.2620343968,4,1761,0,0,0,0
4916.8978383277845,TRANSFER,195984.73117495852,3,742,22,0,0,0
73070.16166744828,CASH_IN,21676.607059764043,4,235,7,0,0,0
68762.70549725399,CASH_OUT,353083.67144476227,1,711,0,0,1,0
18676.765761821785,CASH_IN,145552.45276358747,3,1296,10,0,0,0
18281.40558340882,PAYMENT,122547.50365244604,2,1271,15,0,0,0
90959.01462861123,PAYMENT,162129.00034898103,3,1760,22,0,0,0
3755.4298166293515,CASH_OUT,361907.76195393817,2,1405,6,0,0,0
106475.78880549404,CASH_OUT,409409.69343515206,1,616,14,1,0,0
14830.200400560254,CASH_IN,294028.0336694818,6,1232,6,0,0,0
44945.230971973935,TRANSFER,161239.3768597758,3,1440,5,0,0,0
137439.0623330612,CASH_OUT,155239.1165586391,2,1962,3,0,0,0
56679.21226890091,PAYMENT,62154.17495273151,3,393,3,0,0,0
26758.461344921823,CASH_OUT,466650.52411759726,5,1962,9,1,0,0
58484.077864329185,PAYMENT,319069.69948440976,5,661,21,1,0,0
21078.172415959598,PAYMENT,13487.309927932012,4,406,23,0,0,0
16235.177152515853,CASH_IN,331183.54759334034,1,1626,23,0,0,0
285438.9156753796,PAYMENT,223576.71209675394,3,309,18,0,0,0
69473.0146057002,CASH_OUT,486278.9815234597,0,1713,9,0,0,0
51742.45021676578,TRANSFER,409534.4124032035,5,1127,11,0,0,0
21947.706114921228,PAYMENT,85657.8769163991,1,756,21,0,1,0
2520.517328459823,TRANSFER,360055.5594374332,4,529,19,0,0,0
1577.4682206370342,CASH_IN,242783.0019176317,2,1543,8,0,0,0
40392.14059587283,PAYMENT,93522.58183496409,2,1150,6,0,1,0
71781.10490598615,CASH_OUT,349369.95366497454,3,1088,23,0,0,0
38542.377314394325,CASH_IN,273693.78934712266,4,619,0,1,0,0
91875.0120370623,CASH_OUT,15186.939385785248,4,1554,19,0,1,0
1699.8984934238972,CASH_OUT,323293.97526441293,3,877,5,0,1,0
22844.66345522247,PAYMENT,317493.54493122036,3,1339,21,0,0,0
13529.475387595325,CASH_IN,72042.58052573132,5,1136,15,0,0,0
29644.550631548627,TRANSFER,174493.86349834644,4,958,15,1,0,0
3756.461229332233,CASH_OUT,292949.48537551996,7,1094,1,0,1,0
154098.98792397993,TRANSFER,69391.50705336494,4,991,22,0,0,0
12632.184207681968,TRANSFER,426361.68891737825,6,527,2,0,0,0
127750.0048594868,TRANSFER,13743.023143851895,8,643,21,0,0,0
27746.987946679474,CASH_OUT,51418.70748467747,3,1742,18,0,0,0
211763.61892871626,PAYMENT,58053.45992744204,3,1829,5,0,0,0
40378.362007506854,CASH_IN,264053.5629875276,3,625,9,0,0,0
133561.47225010622,TRANSFER,310057.0060843126,6,1952,7,0,0,0
268.16728771513795,CASH_OUT,201870.39825074325,2,242,20,0,0,0
68963.71421718794,PAYMENT,144333.4138340831,3,1301,0,0,0,0
116678.3316902103,PAYMENT,404658.6878127787,2,1630,2,0,0,0
7524.901019642395,CASH_IN,34142.99186321007,4,626,0,0,0,0
5053.257239967308,CASH_OUT,140145.93056639584,3,150,7,0,0,0
27632.111121942653,CASH_OUT,19557.78940198538,1,911,6,0,0,0
135662.36372587614,TRANSFER,6945.067483134004,2,485,10,0,0,0
39086.52345673216,PAYMENT,176689.9434661006,2,927,9,0,0,0
37481.26980107636,TRANSFER,97411.83122246599,5,454,19,1,0,0
7606.659384152908,TRANSFER,134182.92741912312,3,466,10,0,0,0
39.49114606202677,CASH_OUT,410473.5787274841,5,744,19,0,0,0
83073.43992442352,TRANSFER,81490.0481246107,1,429,16,0,0,0
4582.445486289958,PAYMENT,390116.68357590045,1,1702,13,0,0,0
50235.58492096975,TRANSFER,337525.31157318177,2,270,3,0,0,0
123030.09362869489,PAYMENT,163222.76257041635,2,1661,0,0,0,0
11700.867439698928,TRANSFER,273278.0725881439,2,1932,20,0,0,0
54721.97577593878,TRANSFER,222217.8048872694,4,1860,4,1,0,1
4098.400899718165,TRANSFER,64197.65774883268,4,1501,1,0,0,0
46286.14675842824,TRANSFER,453592.66086708783,2,961,9,0,0,0
8952.249786579028,CASH_OUT,284808.98379288,1,1716,17,0,0,0
66581.51420830953,PAYMENT,440120.02289772744,3,460,8,0,0,0
17921.774267270634,PAYMENT,411913.25590664515,3,718,17,0,0,0
31124.279263467768,TRANSFER,39887.96265471162,0,724,4,0,0,0
45743.4049682441,CASH_OUT,103635.33300922623,3,148,11,0,0,0
9393.249302272168,CASH_IN,72630.5571874154,3,1915,15,0,0,0
67669.64373321207,CASH_OUT,415389.76639345934,5,1959,23,0,0,0
18022.699537258603,CASH_OUT,431223.3132276012,2,1628,1,1,0,0
54290.50831975156,TRANSFER,263985.754904183,1,793,1,1,0,1
8615.57429909675,PAYMENT,52089.03625400346,2,892,20,0,0,0
58256.463756922516,CASH_OUT,67808.3092715081,1,1673,15,0,0,0
6859.077908195383,TRANSFER,406774.4062191337,2,567,3,0,0,0
27700.271198662842,TRANSFER,464595.06826466514,2,717,2,0,0,0
14198.187947037399,CASH_OUT,99737.84255532836,4,1540,19,0,0,0
68990.81931460758,TRANSFER,5568.788236086531,3,519,1,0,0,0
15192.944354385421,PAYMENT,165476.45257538895,4,443,1,0,0,0
106733.89055687084,PAYMENT,15249.694823940674,6,1183,19,0,0,0
111198.03633761918,CASH_OUT,413987.45803901897,1,570,11,1,0,0
10935.253001724757,CASH_OUT,245756.1286131258,3,1491,12,0,0,0
47575.94414706974,PAYMENT,320930.3893815099,2,1213,18,1,0,0
4590.28667239046,PAYMENT,205742.4380682711,3,1161,22,0,0,0
24840.966867796527,TRANSFER,172753.77350624095,4,1296,0,0,0,0
62469.735036899554,TRANSFER,111100.20653804242,7,1304,6,0,0,0
53855.73828625083,CASH_OUT,385266.27351907286,1,1219,18,0,0,0
49001.56782500573,TRANSFER,347773.79220776464,6,1330,12,1,0,0
16601.964290493903,CASH_OUT,180364.49224804307,4,312,3,0,0,0
23742.7649339161,PAYMENT,160558.0671495915,1,1553,15,0,0,0
5431.968968627479,TRANSFER,621.4393243395011,3,757,17,1,1,1
63474.091222685056,PAYMENT,31776.06502273622,3,1087,14,0,0,0
35047.7588684342,PAYMENT,311627.7624463174,5,1844,10,0,0,0
61681.34744162452,PAYMENT,257303.65511773084,2,785,4,0,0,0
14313.721502060838,CASH_OUT,217401.60224251126,0,875,23,0,0,0
19610.534018342696,CASH_OUT,413751.12040082924,1,1220,13,1,0,0
20339.44949716506,CASH_IN,251949.10220142332,2,1122,10,0,0,0
1303.9771963020971,PAYMENT,192246.79070365996,2,1682,17,0,0,0
20855.219588895034,PAYMENT,80628.17376249249,4,102,7,0,0,0
81304.9402546496,CASH_OUT,410344.00410730956,2,1354,8,0,1,0
113796.425756108,TRANSFER,288124.1250605939,2,860,11,0,0,0
36513.21022712423,PAYMENT,46229.98296137865,4,1061,20,0,0,0
30394.522498211758,CASH_OUT,324449.1989985379,4,1956,23,0,0,0
1565.4845707071581,TRANSFER,212535.37274420497,10,1851,17,0,0,0
105682.74506449318,TRANSFER,405693.11179399793,5,1577,10,0,0,0
654.7793775704173,CASH_OUT,459457.2984979981,5,817,4,0,0,0
144794.41951769337,CASH_OUT,300232.906588123,1,1757,8,0,0,0
33590.44828019839,CASH_OUT,365806.4096566832,4,954,7,0,0,0
20922.53993870864,CASH_OUT,28295.423801082852,3,1429,17,1,0,0
128995.01098208295,PAYMENT,280127.7275005786,2,212,21,0,0,0
1234.669026425776,CASH_OUT,377669.98917773704,4,1321,16,0,0,0
43544.94712378506,CASH_OUT,248381.07473905187,0,113,12,0,0,0
39806.91687934356,CASH_IN,296775.0447521686,3,563,22,0,0,0
12379.522907239858,TRANSFER,449474.09279052215,2,1803,5,1,0,0
28008.4472880938,TRANSFER,99049.78601559972,6,948,23,0,0,0
52815.586244418635,PAYMENT,49123.25377595594,7,205,6,1,0,0
64938.2086984632,CASH_IN,345321.8065697505,6,330,1,0,0,0
35.85578863215434,CASH_OUT,411424.452761222,4,1079,1,0,0,0
138114.8374112407,TRANSFER,425245.09429128177,1,1162,11,0,0,0
8987.764966129975,PAYMENT,320822.2485456102,6,1420,1,0,0,0
13301.276159600697,TRANSFER,416606.70908540173,5,136,21,0,0,0
15290.499450139669,PAYMENT,350332.1028616451,3,825,23,0,0,0
1927.693877584315,CASH_IN,43688.45795339537,3,468,0,0,0,0
6565.386117233288,CASH_IN,381021.75394249405,2,773,1,0,0,0
214700.5056125383,CASH_OUT,89679.84477516483,1,1638,4,0,0,1
18932.644785842876,CASH_OUT,118304.67129548639,3,1250,10,0,0,0
6125.395346642848,CASH_IN,197325.3134993324,3,31,13,1,0,0
5657.945611742245,TRANSFER,157283.53316316847,4,647,7,1,1,0
63551.94232242425,CASH_OUT,160825.86915145602,3,569,16,0,0,0
96402.5610754463,PAYMENT,84629.76210202288,3,362,12,0,0,0
14849.751823554469,CASH_OUT,146935.5235547722,5,1516,7,0,0,0
1056.560602806278,CASH_OUT,9831.294987940886,3,210,14,0,0,0
12621.539459054631,CASH_IN,236455.473344163,1,683,6,0,0,0
2908.7772363518066,CASH_OUT,384295.4793849034,5,648,14,0,0,0
5456.989998793781,CASH_OUT,431123.68461241986,4,203,8,0,0,0
28238.41244134781,CASH_OUT,410214.27947971923,5,1796,13,0,0,0
13062.937894262945,PAYMENT,208228.8594975566,4,410,14,0,0,0
36277.92786442844,CASH_OUT,365213.2405819281,2,363,10,0,0,0
14617.564699831586,TRANSFER,143945.38704760623,2,352,3,0,0,0
141120.3036156794,PAYMENT,27781.23635880897,1,530,13,0,0,0
118193.22942049781,PAYMENT,337985.7626956333,4,1539,21,0,0,0
41828.4928388275,CASH_OUT,324398.082368203,3,1251,14,0,0,0
21880.616251350573,PAYMENT,400814.6977314378,1,1969,3,0,0,0
23994.366184364564,CASH_OUT,308053.10335143993,2,576,13,0,0,0
26538.857174587145,PAYMENT,78445.8124869582,3,973,3,0,0,0
65020.38988286688,TRANSFER,426581.1960250991,3,968,8,0,0,0
30041.07208123303,CASH_OUT,313626.3940093504,3,305,0,0,0,0
97151.19718486375,PAYMENT,403804.849517502,4,1678,22,1,0,0
144204.88141110828,CASH_OUT,387053.5601880204,5,85,7,0,0,0
20469.601924241717,CASH_OUT,148932.2436125442,5,1161,14,1,0,0
41128.0082882905,TRANSFER,37276.487426026186,4,32,5,1,0,0
4994.140443591887,PAYMENT,88252.20454479243,5,865,0,0,0,0
11186.501648445397,CASH_OUT,46431.16715662537,2,1960,5,0,0,0
26676.21219056836,CASH_OUT,121706.2160400682,2,91,19,0,0,0
11546.358001602224,CASH_OUT,229766.13651299648,2,1926,13,0,0,0
104600.20234322372,TRANSFER,453405.3024906414,5,1626,7,1,0,0
8615.764705493479,TRANSFER,436009.3779603173,1,1532,6,0,0,0
30409.136831154527,CASH_OUT,359299.907547864,2,1751,23,0,0,0
46532.065590016195,CASH_OUT,12056.179773912989,3,918,15,0,0,0
58860.68684889091,TRANSFER,170694.60066027674,1,1082,0,0,0,0
24149.93460363014,PAYMENT,341174.21324225987,3,451,9,0,0,0
101665.72458446052,PAYMENT,64514.44841953419,1,1393,11,0,0,0
42003.436970528914,CASH_IN,400543.9250079543,2,1564,8,0,1,0
28946.995891431314,CASH_OUT,457286.83999379684,3,1816,9,0,0,0
3480.401285563678,CASH_IN,177052.22331891273,1,1909,9,0,0,0
31245.413382966257,TRANSFER,352921.53093191667,2,1652,2,0,0,0
85944.74056784749,CASH_IN,74102.06633435667,1,1843,1,0,0,0
47666.02471446215,CASH_OUT,345408.2245565135,2,1523,8,0,0,0
89237.93769473855,TRANSFER,10727.706143521642,3,1862,16,0,0,0
34062.08371930823,TRANSFER,75385.75340555048,3,241,21,0,0,0
6304.341760005751,TRANSFER,354940.723304335,3,139,4,0,1,0
686.686157932912,PAYMENT,355925.1114381531,1,860,11,0,0,0
18064.245297964288,PAYMENT,320581.3529225885,5,666,3,0,0,0
59864.835538659354,CASH_IN,238682.01219210163,3,451,9,0,0,0
78094.30762942224,PAYMENT,337454.04558597255,5,1421,16,0,0,0
17531.294862687377,TRANSFER,386900.3991443941,5,1743,1,0,0,0
34224.62908215306,CASH_OUT,483240.8295183719,2,1414,19,0,0,0
27332.90921078203,CASH_IN,444320.5157743025,4,420,21,0,0,0
26425.96050254687,TRANSFER,397267.1012830623,5,1973,5,0,0,0
13155.893776058861,PAYMENT,347378.75835718645,2,1052,4,0,0,0
7330.606107905774,TRANSFER,287077.7727161836,1,1295,7,0,0,0
10950.639622354132,TRANSFER,60304.41167595812,1,1417,15,0,1,0
2846.1072904372922,CASH_IN,82778.42104919648,2,1154,2,0,1,0
11040.485206746449,CASH_OUT,410139.78033544973,1,1483,8,0,0,0
462.1743663778181,CASH_OUT,401656.4561036103,3,1462,3,0,0,0
49343.493125434805,CASH_OUT,307229.4629866815,1,491,0,0,1,0
19017.317661905872,PAYMENT,219420.0663580767,3,1308,5,0,0,0
180864.6255041161,CASH_OUT,13016.324911802823,2,826,17,0,0,0
10766.027222649704,CASH_OUT,163588.47126427194,4,864,3,1,0,0
21219.29184823961,CASH_OUT,210319.82878265894,4,388,11,0,0,0
22145.979472418363,TRANSFER,242908.14308671028,6,250,13,0,0,0
424.3706231678861,TRANSFER,464662.2992806046,2,365,2,0,0,0
91382.16913305165,CASH_OUT,54354.69990007141,3,1522,18,0,0,0
1625.8734365268103,CASH_IN,259433.4598898852,4,1203,1,0,1,0
140820.62314915523,CASH_IN,183961.14847913987,2,882,23,0,0,0
111315.63624954376,CASH_OUT,495049.0596080258,3,1139,1,0,0,0
38342.04519712299,PAYMENT,430932.0081414527,3,1190,16,0,0,0
39218.79827021301,TRANSFER,219392.92711946045,2,372,4,0,0,0
53033.743432459065,CASH_OUT,499847.8046773802,3,1998,0,1,0,0
24473.59659561792,CASH_OUT,257031.62323574818,4,925,15,0,0,0
52095.85592014116,TRANSFER,83558.89829570035,3,742,5,0,0,0
2290.072148615139,TRANSFER,277937.3459133573,3,911,4,0,0,0
2778.1528616657365,CASH_OUT,113102.8829018233,2,1035,11,0,0,0
30553.519731613243,PAYMENT,318156.420038126,5,509,16,0,0,0
39883.435869174034,TRANSFER,468720.0874419628,1,1345,22,0,0,0
109381.47602493149,PAYMENT,393099.2884175141,2,1292,10,0,0,0
5527.622629333492,CASH_OUT,136581.8452095276,4,1314,18,0,0,0
86480.92050865038,TRANSFER,148429.31248300357,3,247,1,0,0,0
11789.11279696275,TRANSFER,34644.101545156016,2,33,15,0,0,0
25050.666814265383,TRANSFER,142933.91782313868,0,565,18,1,0,0
19033.925106088423,PAYMENT,46312.39983890861,3,1990,7,0,0,0
25554.222268320496,PAYMENT,249724.35966282143,4,392,3,0,0,0
8155.101919082237,TRANSFER,354173.5397491288,6,1835,5,0,1,0
35015.64711110506,PAYMENT,375590.58074957924,3,760,23,0,0,0
80884.23868321299,CASH_IN,29764.616124089538,4,1577,19,0,0,0
29128.077913034045,PAYMENT,169977.94911910102,2,1647,2,0,0,0
33727.418377699476,CASH_OUT,144085.88327371684,4,841,8,0,0,0
94446.87275766888,PAYMENT,52150.1614936673,3,166,22,0,0,0
61218.66000096772,CASH_OUT,181235.65546600285,4,1631,18,0,0,0
33711.79737676174,CASH_IN,149660.05456961805,3,1552,0,0,0,0
14899.79711359972,TRANSFER,317249.61466963834,3,195,2,0,0,0
108109.31847251226,TRANSFER,441651.33186685643,3,1149,22,0,0,0
43021.56660229775,CASH_OUT,227420.8604366079,1,618,0,0,0,0
12496.686886476627,TRANSFER,373332.5863834093,6,854,14,0,0,0
15675.282647530254,CASH_IN,73005.18355533713,6,204,4,0,0,0
81261.36784533081,CASH_OUT,447483.1893219323,0,980,15,0,0,0
2257.4819560733195,TRANSFER,76297.36910754614,1,1269,4,0,0,0
241995.20122688368,CASH_IN,96050.59029969465,4,927,18,0,1,0
6983.318930676549,TRANSFER,53231.901793838246,1,1434,11,0,0,0
79498.56251882193,TRANSFER,154839.75076026825,5,1558,12,0,1,0
25107.77563289325,TRANSFER,276205.223357763,3,397,7,0,1,0
33884.97398157522,TRANSFER,493997.0557031634,3,1923,16,0,0,0
106284.98823109442,CASH_OUT,396684.01732877194,4,267,11,0,0,0
26628.95875896607,CASH_OUT,190217.90144599098,3,368,13,0,0,0
38554.76082747358,PAYMENT,287923.02895178524,4,1292,10,1,0,0
2527.818426004869,CASH_IN,311654.0154696039,3,175,22,0,0,0
117.51167519305771,CASH_OUT,411363.61062367354,4,1417,0,0,0,0
14038.624799288638,CASH_OUT,368225.8927099003,2,95,1,0,0,0
57062.90553611481,TRANSFER,284645.5634855702,3,503,15,0,0,0
6463.589217349438,PAYMENT,334591.5135198284,4,214,1,0,0,0
6038.484747071202,CASH_OUT,372958.8054814498,4,1297,0,0,0,0
26463.110908556377,CASH_IN,66572.02956670216,3,1117,0,1,1,1
52183.062600845275,CASH_OUT,100227.73065268998,3,1781,9,0,0,0
62252.2401588881,CASH_IN,344292.1444537584,5,1549,17,0,0,0
9828.164980241954,TRANSFER,425212.78099381604,3,696,21,0,0,0
4146.7021605790715,PAYMENT,204631.14134988392,5,532,20,0,0,0
141002.49700673803,TRANSFER,489945.161235603,4,1362,20,0,0,0
15100.300773436506,PAYMENT,108035.86633668643,3,1496,1,0,0,0
95984.13005947029,CASH_OUT,208349.64102171944,3,1041,22,0,0,0
99568.40161732603,CASH_OUT,189261.5217316266,10,659,2,0,0,0
74035.21749864452,TRANSFER,465147.97036321455,4,1594,13,0,0,0
9246.263575109331,CASH_IN,142689.25878626975,4,1943,11,1,0,0
86242.84764176501,PAYMENT,235395.38902110778,3,908,23,0,0,0
73321.14145921434,TRANSFER,93616.91980766473,1,101,8,0,0,0
45406.579185108145,TRANSFER,260633.1192812219,5,786,12,0,0,0
20564.25319985681,CASH_OUT,428702.08473179553,5,252,9,1,0,0
15225.042881915677,PAYMENT,152019.7309452821,0,1279,5,0,0,0
6499.125558324793,PAYMENT,405396.0360814141,1,1835,4,0,0,0
35642.71144508582,PAYMENT,455655.79108781304,1,609,17,0,0,0
44005.27860497481,TRANSFER,36478.944857281815,2,1608,6,0,0,0
22262.740415425335,CASH_IN,378212.26815962547,2,1422,15,0,0,0
32252.059441142734,CASH_IN,127671.71807524542,4,1594,10,0,0,0
22589.678754925895,PAYMENT,87663.83126831456,4,598,20,0,0,0
51222.488169790915,TRANSFER,300561.196012518,4,659,9,1,0,0
115762.8561528927,PAYMENT,352801.30811434984,3,1028,7,0,0,0
8951.56450596143,TRANSFER,197380.4928676069,3,1598,4,0,0,0
24015.533025619006,TRANSFER,19586.853541095294,5,1330,0,0,0,0
7591.670236347356,TRANSFER,454352.2620983966,5,1478,2,0,0,0
49033.96593366631,TRANSFER,365373.4584237475,0,398,14,0,0,0
65257.9373729504,TRANSFER,135833.40334150734,3,158,9,1,0,0
134348.25262166065,TRANSFER,248431.92787236994,5,1464,0,1,0,0
16346.92619961044,CASH_OUT,13896.394983539007,3,1567,9,0,0,0
149998.26688249272,PAYMENT,169641.39090297092,4,861,15,0,1,0
3267.618441525057,TRANSFER,261267.61779255915,3,1744,11,0,0,0
46192.69596092495,CASH_OUT,258611.80755812506,6,1691,4,0,0,0
2941.487393455917,TRANSFER,104092.43900427056,1,1427,21,0,0,0
112109.40733089419,CASH_IN,388373.68309194536,5,776,22,0,0,0
37730.820261341854,PAYMENT,149431.0792633217,3,979,10,1,0,0
55334.493850499435,TRANSFER,290205.0115889863,2,103,20,0,0,0
89062.91774492635,CASH_IN,135761.1127689874,6,615,4,0,0,0
8144.221725151287,CASH_OUT,212583.9364933851,6,1467,5,0,0,0
1967.7973356293048,CASH_IN,103757.31262511511,2,158,1,0,0,0
105549.14751545612,CASH_OUT,316503.89626601915,4,508,21,0,0,0
18911.94836542284,CASH_OUT,212792.18007067536,0,1536,9,0,0,0
6904.454324767774,TRANSFER,8058.652243882136,2,269,22,0,0,0
31598.957634844908,TRANSFER,14082.497008383043,1,1210,3,0,0,0
45603.24313451276,TRANSFER,235567.1592357111,4,170,11,0,0,0
1573.0165263127858,PAYMENT,91612.93345267719,1,1797,4,0,0,0
16071.985741875233,PAYMENT,292521.0240723712,1,328,22,0,0,0
1667.4924847447962,TRANSFER,204095.89088601066,1,1094,15,0,0,0
27265.27999652429,TRANSFER,327209.91776986135,2,1000,23,0,0,0
112737.40203325947,CASH_OUT,476197.5870319758,3,1781,18,0,0,0
202715.08866166128,CASH_OUT,264368.0673976268,1,374,14,0,0,1
50674.172734306056,PAYMENT,393689.3017950498,6,1044,18,1,0,0
8815.246280784559,CASH_OUT,376520.49815796857,5,1751,11,0,0,0
118142.97724348775,PAYMENT,460895.55216193263,1,874,0,0,0,0
36309.126740171676,TRANSFER,107008.9336190031,1,1451,9,0,0,0
8346.982093953822,CASH_OUT,413663.48539247044,2,70,7,0,0,0
127377.41700142792,TRANSFER,452760.1892523434,3,1504,20,0,0,0
70831.2975431989,CASH_OUT,196381.49047378884,3,1491,2,0,0,0
65783.45870424484,TRANSFER,156908.09729948407,3,803,11,0,0,0
61752.65899670637,PAYMENT,476017.9548391439,2,587,6,1,0,0
11178.420896390073,TRANSFER,313816.41106943396,5,234,19,0,1,0
11849.871971192306,CASH_OUT,190338.24262073418,1,926,5,0,1,0
58284.581496212304,PAYMENT,395913.8604658151,1,1561,4,1,0,0
12405.298693948253,CASH_OUT,152236.95080785753,6,826,13,1,0,0
28872.466696934363,PAYMENT,88203.79303493103,1,1771,6,0,0,0
76163.42952561237,TRANSFER,271984.81789885275,4,1001,14,0,0,0
76612.85359172686,TRANSFER,283106.0224553017,2,920,15,0,0,0
30189.25757415311,CASH_IN,412873.24113366904,5,439,22,0,0,0
78556.53906273039,PAYMENT,228513.677510215,3,1239,18,1,0,1
91200.22884316284,CASH_OUT,407293.2697526708,3,884,20,0,0,0
53178.05384146779,CASH_OUT,155661.33967416923,4,1184,1,1,0,0
12966.125165900245,CASH_IN,287684.101088896,4,857,1,0,1,0
16011.07453576824,CASH_OUT,104236.3894503579,0,1963,20,1,1,1
18905.228884398362,TRANSFER,192722.9754582982,6,639,20,0,0,0
6210.412721850302,PAYMENT,428769.84891642554,2,308,8,0,1,0
15952.419294966105,PAYMENT,107994.09671787752,1,731,23,0,0,0
11755.69709046326,PAYMENT,405119.7314496339,3,1831,23,0,0,0
30378.643849081134,PAYMENT,141435.8289237031,3,33,9,0,1,0
119536.70013039552,PAYMENT,17244.859839726843,2,68,3,0,0,0
5517.553877433996,PAYMENT,54967.28502842313,3,654,0,0,0,0
63696.15025735596,PAYMENT,372939.7726603941,0,1511,21,0,0,0
58122.83324510086,TRANSFER,131035.46325107412,2,885,4,0,0,0
5032.702570786805,TRANSFER,327072.7961206361,1,575,18,0,0,0
127920.60180809035,PAYMENT,349599.4513786165,4,1269,0,0,0,0
42021.16745562906,CASH_IN,172559.23221734242,3,149,20,0,0,0
22606.261910020945,CASH_OUT,237459.4936055701,6,310,16,0,0,0
70639.84013970563,TRANSFER,201883.5452279053,3,977,21,0,0,0
14877.561195714274,CASH_IN,473674.49817726697,3,300,18,0,0,0
59128.48094443427,TRANSFER,159974.4311757937,1,1833,2,0,1,0
2026.060715679061,CASH_OUT,91661.52111248038,3,1182,2,0,0,0
91444.42630510808,PAYMENT,182796.42143778913,3,1927,11,0,0,0
29725.83930425745,CASH_IN,334757.8538010061,2,405,18,1,0,0
50625.34181943613,PAYMENT,348681.3451807326,1,934,10,0,0,0
12502.478415255555,PAYMENT,462028.65768000344,6,344,9,0,0,0
56516.55971843924,CASH_OUT,440877.2424379046,2,171,9,0,0,0
73973.20236732035,CASH_IN,144160.26020863774,2,1158,2,0,0,0
32047.967073859447,TRANSFER,227581.6244837982,5,1043,17,0,0,0
48081.00336441001,CASH_IN,373634.494091717,4,828,4,0,0,0
30470.2668173313,TRANSFER,458268.64030101255,3,757,5,0,0,0
112258.92653570045,CASH_OUT,168582.50642844592,2,533,21,0,0,0
34444.72983273892,TRANSFER,222220.71708849794,3,82,17,0,0,0
92197.51379574997,CASH_OUT,449739.1352268044,5,988,12,0,0,0
80811.05790325788,PAYMENT,179241.93657921132,4,273,0,0,0,0
26424.436887307056,CASH_IN,240256.4930958679,6,423,3,0,0,0
13073.724992009116,PAYMENT,452252.07060903945,1,647,9,0,0,0
26050.711974117825,CASH_IN,401121.6089949241,1,1224,15,1,0,0
87497.50234202317,TRANSFER,121715.4625049014,2,1199,15,0,0,0
12914.742616667565,PAYMENT,162397.53270596667,3,1632,23,1,0,1
37162.726907457036,PAYMENT,176479.36372966954,2,1368,16,0,0,0
82019.79725700103,PAYMENT,456369.23671552987,1,1385,10,0,0,0
21807.362006087973,TRANSFER,499466.8685522696,1,896,22,0,1,0
51390.40211595745,PAYMENT,387002.15107771993,3,393,20,1,0,0
14093.720086588948,PAYMENT,242163.15124675332,2,787,7,0,0,0
5786.226593451504,CASH_OUT,5086.909033739484,4,308,13,1,0,0
79087.30110711855,PAYMENT,348744.0282989787,3,115,17,0,0,0
5210.7598897236,CASH_IN,194680.58224889234,3,488,0,0,0,0
15830.242978489665,TRANSFER,316493.2351143027,0,1867,8,0,1,0
96588.8227953292,PAYMENT,303346.9817312144,4,1230,19,0,0,0
21268.28747189617,PAYMENT,240416.02828719365,4,692,10,0,0,0
180679.97183712342,PAYMENT,472193.6988631615,3,425,3,0,0,1
194941.35965414328,TRANSFER,11573.17267767083,4,826,1,0,0,1
15617.595662731284,CASH_IN,356066.24223629414,3,246,17,0,0,0
2092.074777258201,TRANSFER,204919.934149773,1,629,4,0,0,0
61049.72341928541,CASH_OUT,356895.22524580563,1,600,1,0,0,0
29981.612621741388,PAYMENT,337609.82376981596,7,1362,21,0,0,0
5309.867950099082,PAYMENT,5119.001287997693,2,1377,10,0,0,0
61468.43144767957,PAYMENT,142669.24758733562,6,386,22,0,0,0
1583.5594071890102,CASH_OUT,94545.76025189021,4,1756,1,0,0,0
102086.7489029543,CASH_OUT,83493.17647124616,6,1594,11,0,0,0
7462.864465715478,CASH_IN,364238.34206056636,2,32,23,0,0,0
6808.851819741167,CASH_OUT,119775.6745465623,3,1916,9,0,0,0
9659.356574647305,PAYMENT,237368.8074936504,1,118,18,0,0,0
161277.85284884623,PAYMENT,123494.49764283976,3,1420,3,0,0,1
59072.96728405438,PAYMENT,290116.911717665,3,1474,6,0,0,0
80815.9605838844,CASH_OUT,360286.884029984,2,92,13,0,0,0
25344.58407143039,PAYMENT,165537.36934908826,1,308,12,0,0,0
20497.21078037022,CASH_IN,301510.424143561,2,788,0,0,0,0
13360.258579604439,TRANSFER,412427.3872068695,3,462,19,0,0,0
32758.672643152582,TRANSFER,47112.14258224583,5,1139,0,0,0,0
40128.99142017238,TRANSFER,355335.29952063557,3,1786,1,0,0,0
49953.03450047908,CASH_OUT,161572.4722176901,2,1936,15,0,0,0
14860.937046330228,CASH_IN,61324.97826247213,1,106,1,0,0,0
148458.49090365856,CASH_IN,272827.1038071744,2,1696,11,0,1,0
9301.932724919809,CASH_IN,113131.15963386589,6,1675,18,0,0,0
168562.28443218642,TRANSFER,410680.8963345788,4,435,14,0,0,1
748.3789978357516,PAYMENT,21447.95476553807,0,398,15,0,0,0
32804.68029556903,CASH_OUT,49326.44813544873,5,274,15,0,0,0
20275.843331122865,PAYMENT,260498.06299290844,3,1601,10,1,0,0
29812.223832073414,PAYMENT,294470.8920384784,4,423,5,0,0,0
42275.83991876923,CASH_IN,364943.3322613734,5,1173,16,0,0,0
28598.64247151016,PAYMENT,129630.3641260969,0,806,6,0,0,0
26794.083582809773,CASH_IN,420880.2041066459,5,853,10,0,0,0
65973.5629712419,CASH_IN,476571.16988689156,2,944,12,0,1,0
57898.41711478136,CASH_IN,249519.65179743178,2,1893,15,0,1,0
89569.36153662442,CASH_OUT,380265.68248490064,4,62,12,0,0,0
14381.36911333219,PAYMENT,262424.1772718964,0,945,7,1,0,0
47020.01603503519,PAYMENT,34733.51470610531,4,832,8,0,0,0
43997.311566443226,TRANSFER,163055.75642131054,2,408,4,0,0,0
23080.96864773292,CASH_OUT,43743.3448135075,1,1084,13,1,0,0
33282.198451038006,PAYMENT,494439.55962750677,3,1520,20,0,1,0
18828.006315827548,TRANSFER,114512.9560366886,6,1487,10,1,0,0
7648.4920589101275,TRANSFER,317950.2097078594,5,1172,11,0,0,0
12027.280294355396,PAYMENT,142172.55097246866,3,1867,19,0,0,0
5575.28160241138,CASH_IN,326623.1076779629,1,1131,19,1,0,0
57453.650464458304,PAYMENT,105200.84543524122,2,807,9,0,0,0
54047.567231833294,TRANSFER,392635.03295503726,2,352,0,0,0,0
150396.6921228232,TRANSFER,55405.801418317744,3,916,15,0,0,1
65407.14840839523,CASH_OUT,447575.2000451401,3,191,6,0,0,0
2672.4565507223538,TRANSFER,420210.84627039725,2,1104,23,0,0,0
107814.04464833192,CASH_OUT,339403.67181919276,2,1017,15,0,0,0
99270.30431620803,CASH_IN,33707.313571423925,7,1520,13,0,0,0
29288.264332761475,TRANSFER,104284.51416446416,3,1860,3,0,0,0
44077.92820157113,CASH_OUT,429680.79784553795,3,247,2,0,1,0
186648.53198210918,TRANSFER,60987.21715129757,6,1761,18,0,0,0
37996.87723683861,TRANSFER,77966.04815401003,2,1449,22,0,0,0
117863.59028174376,TRANSFER,272001.6618777604,5,951,21,0,0,0
4334.503674848275,CASH_OUT,137088.71983717187,3,996,16,0,0,0
10601.023928785766,CASH_IN,111037.84997196475,4,864,11,0,0,0
29058.375903162316,CASH_OUT,287906.7159240903,4,119,16,0,0,0
43944.546318912166,CASH_OUT,186288.33822901454,1,918,0,0,0,0
84702.93070364204,CASH_OUT,70279.94838483437,0,159,20,0,0,0
222246.6823166207,TRANSFER,267426.8837727322,6,41,0,0,0,1
24620.764969093438,CASH_OUT,193506.20163931136,3,856,22,0,0,0
2428.830246096034,CASH_OUT,367258.3871368847,1,1434,10,0,0,0
80765.63257237441,TRANSFER,51377.7211602946,1,61,2,1,0,1
46365.14710028536,PAYMENT,310306.6219729869,3,80,3,0,0,0
11066.189084252519,CASH_OUT,218246.66347162385,5,409,6,0,0,0
34142.86087648706,TRANSFER,203030.93752620206,4,1411,17,0,0,0
67799.94598574826,TRANSFER,116143.8440041706,3,296,19,0,0,0
73573.39766307603,CASH_OUT,15213.01410135556,2,1853,6,0,0,0
34619.214781409595,TRANSFER,423844.59718232276,1,1561,10,1,1,1
18207.607875606307,CASH_OUT,163205.04301721294,3,1501,13,0,0,0
181990.33704277434,CASH_OUT,340545.51986492355,7,1994,7,0,0,1
54437.44624167853,TRANSFER,473793.6998883537,2,1516,19,0,1,0
26232.496985922015,CASH_OUT,282495.14904106583,5,83,15,0,0,0
16457.382048613475,CASH_OUT,198573.45125993315,3,547,17,0,0,0
65671.34045626735,TRANSFER,134136.78317435185,1,1847,11,0,0,0
13865.696764311988,CASH_IN,467021.8963237467,4,37,8,1,0,0
9419.59655295486,PAYMENT,341038.4090255714,1,1957,19,0,0,0
37733.46094893144,PAYMENT,332640.69662827975,3,1347,8,0,0,0
17123.627613259494,CASH_IN,213079.16257263848,2,677,20,0,0,0
49564.87874967038,CASH_IN,422524.3564337153,0,1582,12,0,0,0
6274.684788568367,PAYMENT,356836.09350474353,5,1924,5,0,0,0
53202.00825606211,PAYMENT,141591.63589050804,2,1392,21,0,0,0
16654.654578247548,TRANSFER,299789.330012524,2,410,4,0,0,0
12.148197393121848,CASH_OUT,215096.97730063283,6,1440,9,0,0,0
6787.324073264737,PAYMENT,3295.0814148565155,4,1478,22,0,0,0
135614.49216118886,CASH_IN,403811.7157508987,0,1934,10,0,0,0
101003.80858048507,TRANSFER,61415.174459850394,2,1766,13,1,0,0
13303.141870544838,PAYMENT,254977.25300130708,2,1874,22,0,0,0
75337.7273801741,TRANSFER,168113.09654240782,1,651,15,0,0,0
46897.63245864377,TRANSFER,171044.52060033876,1,918,6,0,0,0
176858.95117032976,TRANSFER,238682.441706904,11,1406,21,0,0,1
23388.758468120915,TRANSFER,498511.5520098725,3,637,17,0,0,0
57200.457302484676,TRANSFER,204189.84031573788,5,1277,7,1,0,0
3282.1951215972263,PAYMENT,91164.6149082862,3,483,13,0,0,0
25229.53397590112,CASH_IN,306803.16902468447,5,782,9,0,0,0
165959.20786641,CASH_IN,118143.85401976063,3,347,13,0,0,1
38715.78748765201,CASH_OUT,52774.5683564752,4,1362,19,0,0,0
16975.407249992244,CASH_IN,25087.086032964555,5,984,21,0,0,0
6407.066578543061,TRANSFER,11440.637009841936,4,1402,12,0,0,0
60790.18237562055,TRANSFER,215582.32415553185,2,1819,22,0,0,0
51761.60301193583,PAYMENT,213362.88993669683,4,1666,16,0,0,0
23415.35055413361,TRANSFER,92772.70003897647,7,1774,5,0,0,0
150736.93979444273,CASH_OUT,392009.52688560466,3,1807,14,0,0,0
1122.6502847869674,TRANSFER,64635.313959939376,3,923,7,0,0,0
18100.44662206467,PAYMENT,457658.59631965123,3,1392,4,0,0,0
126959.36934896046,TRANSFER,293787.9888216362,1,380,7,0,0,0
19351.95362335322,PAYMENT,13808.18805246481,1,1904,21,0,0,0
14534.518566117546,PAYMENT,481486.3128713583,10,692,22,0,0,0
38202.136971658234,PAYMENT,153970.6297729268,1,972,8,0,1,0
86807.27484869858,CASH_IN,224987.4797889267,2,1728,6,0,0,0
5443.1521664382835,TRANSFER,142134.34649727607,4,1323,17,0,0,0
143253.37021425267,CASH_OUT,364210.64901688875,3,1630,13,0,0,0
79255.0440506059,TRANSFER,242840.1103597693,1,1422,7,0,0,0
9998.84020783785,TRANSFER,66186.4797012513,2,1022,0,0,0,0
62241.12211387216,PAYMENT,52101.976179726895,3,78,16,1,1,0
24303.29478827,CASH_OUT,362687.7066622874,6,1729,5,0,0,0
25732.87095933742,TRANSFER,118540.70246563575,3,670,13,0,0,0
76459.78256567997,PAYMENT,68896.68731923625,7,1905,23,0,0,0
164551.91067279177,PAYMENT,249713.7984989214,6,563,16,0,0,0
6771.280581810302,PAYMENT,401382.64376815205,1,960,16,0,0,0
27290.719077220587,PAYMENT,139391.37293656523,3,1056,11,1,0,0
32786.94468183851,PAYMENT,138215.80585040388,4,1449,20,0,0,0
23605.237108317033,PAYMENT,416940.6301301884,3,776,15,0,0,0
22564.12825032316,TRANSFER,73916.89728439132,4,450,2,0,0,0
2684.2110747314246,CASH_IN,308363.7958932736,3,1879,16,0,0,0
57844.70051316598,TRANSFER,477506.7414912927,3,874,1,0,0,0
28654.063598325563,CASH_OUT,420651.57478865376,3,1833,12,0,0,0
10832.84442896811,CASH_OUT,30907.6168898646,3,1823,13,0,0,0
84650.0807839973,PAYMENT,159955.4382808127,5,1947,3,1,0,0
81116.21637664847,CASH_IN,71187.23279630818,4,1393,23,0,0,0
33314.711314463166,CASH_OUT,474620.31884356984,4,1758,5,0,0,0
17723.202427630593,CASH_OUT,492970.7831110406,4,1495,19,0,0,0
50818.36242885043,CASH_IN,117496.51027001895,2,345,22,0,0,0
16994.55321231684,CASH_IN,334849.52241437626,2,1094,8,0,0,0
13459.893493717393,CASH_OUT,420815.8660235592,1,960,13,0,0,0
65562.06324886139,TRANSFER,116840.14220723826,3,1269,21,0,0,0
2058.0421649504533,PAYMENT,93840.31716048875,7,273,16,1,0,0
4978.226744548748,TRANSFER,5605.511623640147,1,1155,7,0,0,0
340.56592376928563,CASH_IN,205981.22847076296,5,503,18,0,0,0
8299.375519972731,CASH_OUT,449718.7311973582,0,1832,20,1,0,0
3574.263499005983,CASH_OUT,451489.8245281744,1,209,1,1,0,0
273661.7334893543,CASH_OUT,63871.56375450814,1,209,16,0,0,0
17040.78066881644,CASH_OUT,102176.24026419748,5,904,6,0,1,0
8082.906925953148,CASH_OUT,204023.6654672668,7,1371,2,1,0,1
13787.42857110021,CASH_OUT,390312.272581851,4,732,3,0,0,0
137541.80891445288,PAYMENT,305925.7417658643,3,1836,17,0,0,0
36715.15143853168,CASH_OUT,256924.8717601082,2,99,13,1,0,0
22692.192930234167,CASH_IN,295965.9421113016,3,581,19,0,0,0
103332.76492386647,TRANSFER,48099.846901148325,2,1062,12,0,0,0
25125.536967173444,PAYMENT,238831.8211274535,2,1679,16,0,0,0
20399.05627818764,CASH_OUT,496031.6447695642,2,1507,11,1,0,0
11614.419569062113,CASH_OUT,44223.0734695439,2,174,6,0,0,0
23724.429495900917,TRANSFER,259623.3388174432,1,1716,2,0,0,0
19039.91913534507,TRANSFER,147824.6308286873,3,855,4,0,0,0
56552.22246420455,PAYMENT,269956.6484309795,3,1788,20,0,0,0
17095.137084892038,PAYMENT,286909.3800168733,7,109,19,0,0,0
43042.771261440554,PAYMENT,288736.44905973796,3,1616,0,0,0,0
3408.1696209910924,TRANSFER,426104.3926554433,5,854,13,0,0,0
10615.692532815416,CASH_IN,194873.70733683047,4,627,8,0,0,0
26162.22698075969,PAYMENT,258177.08133324797,5,1709,20,1,0,0
138190.7691656816,CASH_IN,5464.199483874277,5,202,14,0,0,0
23680.665673454525,PAYMENT,394775.30078988336,6,218,1,0,0,0
54543.23710817296,CASH_OUT,129743.85368792646,1,809,17,0,0,0
14724.407226616775,TRANSFER,408277.5120202582,2,1254,3,0,0,0
6792.90921662971,TRANSFER,132819.3331901586,3,35,1,0,0,0
3015.990293129577,PAYMENT,5394.248131246115,3,1953,12,0,0,0
18221.928620472216,TRANSFER,77415.65909672338,0,643,20,0,0,0
8578.638237625113,PAYMENT,492841.45128608396,1,1518,17,1,0,0
9558.65772355449,CASH_OUT,159900.62297399426,5,1943,19,0,1,0
71514.25779672395,CASH_OUT,54411.95100637358,3,1813,3,0,0,0
798.2416710420038,CASH_OUT,59379.401812875265,5,1255,2,0,1,0
40800.79546816666,TRANSFER,155171.3570286119,3,1797,6,0,0,0
23858.371855087687,PAYMENT,18822.52055838152,2,192,1,0,0,0
35316.68710893937,TRANSFER,255744.29406097688,6,1100,13,1,0,0
41371.68430647967,PAYMENT,106870.45774466009,5,626,4,0,0,0
18797.817379522523,CASH_OUT,259655.32069843612,0,146,1,0,0,0
17485.594985074178,CASH_OUT,70382.1093496101,2,1328,8,0,0,0
66100.64040008347,PAYMENT,214928.61450874616,4,312,15,0,0,0
102504.61889429511,TRANSFER,298958.42920062225,0,168,21,0,0,0
10695.666091172403,PAYMENT,30999.96916905401,3,355,7,0,0,0
5135.909402728504,PAYMENT,199374.65462552928,1,1240,5,0,1,0
114039.1284354126,CASH_IN,151261.91049484388,1,582,2,0,0,0
21531.105193279265,CASH_OUT,120179.90824431702,1,712,6,0,0,0
40071.97623179462,TRANSFER,302267.31304224825,2,57,17,0,1,0
22278.67603005749,PAYMENT,294270.99288270366,6,604,15,0,0,0
6722.438455487219,PAYMENT,315349.90333884675,4,1888,3,0,0,0
44498.46561183244,PAYMENT,79441.33521626068,1,518,20,0,0,0
37236.85244812736,CASH_OUT,142854.62243116388,3,1482,3,1,0,1
11344.625945431872,CASH_OUT,104839.38899753937,3,1333,15,0,0,0
30062.052548508982,TRANSFER,270251.80249892094,6,1410,17,0,0,0
79714.53662318263,PAYMENT,230532.84460480817,0,746,1,0,0,0
44631.89677891616,TRANSFER,165146.86879637503,3,477,21,0,0,0
5097.058806013267,CASH_OUT,393007.40443421656,1,1388,11,0,0,0
39706.03302611897,PAYMENT,46986.8722041914,3,486,8,0,0,0
60657.11904943016,CASH_OUT,487448.3443778211,2,1348,6,0,0,0
78680.23444559924,CASH_OUT,58272.038907659364,6,1175,7,0,0,0
49593.50950740395,CASH_OUT,386535.4062841847,3,1610,5,0,0,0
8282.554098549757,TRANSFER,184115.09458041593,2,1882,11,0,0,0
61923.60027795475,TRANSFER,432631.1145659028,4,495,7,0,0,0
56558.0931602866,TRANSFER,37084.97439208103,6,1224,9,0,1,0
1236.5084154863878,CASH_OUT,187360.8550961689,2,1554,3,0,0,0
26529.964319253206,CASH_OUT,167721.70325011815,2,1760,9,0,1,0
20244.532179403388,CASH_OUT,496578.51911276765,2,1913,6,0,0,0
55344.12931281769,PAYMENT,492774.4974448128,3,1005,18,0,0,0
12175.975181309797,CASH_OUT,94901.979333194,5,1479,2,0,0,0
44686.35125986725,TRANSFER,314973.48034916946,4,1862,11,1,0,0
122210.86720848968,CASH_OUT,267759.7099554701,0,588,18,0,0,0
79925.48522278611,CASH_OUT,77186.74562036937,1,968,9,0,0,0
127205.92034643583,CASH_OUT,83889.85305221153,5,151,20,0,0,0
191998.9957060303,CASH_OUT,494625.8642397773,1,692,5,0,0,0
536.3730508415553,PAYMENT,226364.99681046634,3,1341,19,0,0,0
48741.20286768171,TRANSFER,62900.64600003675,4,1127,14,0,0,0
26622.844910440985,PAYMENT,107395.01936962715,1,407,20,0,1,0
98253.7020689442,CASH_OUT,134174.03362427483,2,387,18,0,0,0
14505.230354980322,CASH_OUT,255458.63165930964,4,1750,10,1,1,0
198243.47820973487,TRANSFER,167774.06475315464,5,1731,7,0,0,0
47558.08199875369,PAYMENT,227505.89294496048,2,1130,9,0,0,0
78881.80037904566,TRANSFER,83249.77555068136,4,812,21,0,0,0
4474.333873134423,TRANSFER,163364.3452937531,1,1977,13,0,0,0
10133.839384611738,TRANSFER,35158.296358877014,2,1578,19,0,0,0
71024.35079965912,CASH_OUT,444855.13673792436,3,1344,13,0,0,0
1111.5913948196478,CASH_IN,99376.23858428912,3,159,14,0,0,0
84880.13022828795,TRANSFER,378450.0677143694,1,1114,11,0,0,0
702.3610267775612,PAYMENT,174775.89410167298,3,1886,16,0,0,0
53518.56807085196,PAYMENT,237198.65946989667,2,454,9,0,0,0
22713.909845272894,TRANSFER,145630.51973061342,3,637,11,0,0,0
47272.443007408656,CASH_OUT,348220.63555368496,6,507,18,0,0,0
59541.544768860265,PAYMENT,422273.2096373537,4,627,7,0,0,0
20963.64130949795,CASH_OUT,143135.09236979406,4,1569,15,0,0,0
5712.352437889626,TRANSFER,121108.82183179622,5,978,17,0,1,0
3609.49889742447,PAYMENT,340720.13273194846,2,651,19,0,0,0
44450.3206867631,PAYMENT,97576.53028386043,3,501,9,0,0,0
36766.771412928305,PAYMENT,319919.88280488615,1,1067,20,0,0,0
67778.75514206575,PAYMENT,47214.03984681777,2,686,10,0,0,0
35640.51290008453,CASH_OUT,310068.5799803436,4,1195,5,0,1,0
27447.64854576543,TRANSFER,256703.36700521657,4,773,17,0,0,0
25382.13292529121,CASH_OUT,56952.85778815418,6,1540,12,0,0,0
1340.145643556021,PAYMENT,324551.8174322999,4,1094,10,1,0,0
20440.324342331664,CASH_IN,223278.5785170379,4,859,13,0,0,0
186527.084919955,CASH_OUT,108557.52540854286,2,849,13,0,0,1
103397.62025576105,CASH_OUT,176692.07785108866,2,312,22,0,0,0
19977.486950220762,TRANSFER,246051.05281946482,2,370,3,0,0,0
44311.77316238579,CASH_IN,45777.113632191,3,69,9,0,0,0
93962.93770925091,TRANSFER,478804.74156417715,7,64,19,0,0,0
29104.83448538783,CASH_OUT,332781.0781060606,3,1527,17,0,0,0
906.0531471742378,CASH_IN,51267.490643848,3,124,8,0,0,0
3871.622549821492,PAYMENT,411431.0921642297,4,1752,20,0,0,0
35707.58406840959,CASH_OUT,161277.4654730727,2,1742,12,0,0,0
174402.14427191266,CASH_IN,298399.7683565919,1,1756,22,0,0,1
59079.51561905151,TRANSFER,138571.4207897866,2,40,18,0,0,0
3677.8165250287016,TRANSFER,366702.9724573036,6,792,7,0,0,0
10496.615010677706,TRANSFER,361504.48750005115,1,279,10,0,0,0
73772.26888628266,PAYMENT,276021.72843620897,1,621,22,0,0,0
92081.03472515239,PAYMENT,120462.79623578904,0,1443,7,0,0,0
48076.773861009606,CASH_OUT,126851.90375607274,3,895,17,0,0,0
51700.69669522324,CASH_IN,191431.39834747146,1,410,23,0,0,0
1437.3352987942012,CASH_OUT,72506.08369814265,4,1862,16,0,0,0
88167.423432607,PAYMENT,168827.85659546178,2,1725,9,0,0,0
77623.3999694114,PAYMENT,342177.30062415625,2,1074,21,0,0,0
14990.10413752651,CASH_OUT,415422.64002971066,2,890,21,0,0,0
61666.08502404392,CASH_OUT,166291.1452466807,5,1896,9,0,0,0
12094.318180231829,CASH_IN,116795.12912718198,3,854,22,0,0,0
2058.298571776215,TRANSFER,416321.28916756716,5,1301,3,0,0,0
11228.261983616321,PAYMENT,445352.0136929606,4,1045,7,0,0,0
9839.01168050161,TRANSFER,205010.76165603215,1,930,1,0,0,0
20605.456294829502,PAYMENT,13452.076924816925,3,441,13,0,0,0
27102.873078462104,TRANSFER,347480.810447076,0,508,7,1,0,0
35518.623535004765,CASH_OUT,392016.61809156474,2,655,22,0,0,0
32385.16621463899,TRANSFER,9012.126582220115,4,488,21,0,0,0
15781.764493021721,CASH_IN,297515.4266707566,2,280,13,0,0,0
1480.229596058624,TRANSFER,294184.3791220875,2,362,7,0,0,0
46456.340933372936,CASH_OUT,189353.95437395704,5,392,17,0,0,0
25187.93515606484,CASH_IN,374883.6629254189,3,1891,7,0,0,0
17738.9911398968,PAYMENT,214089.51905718033,2,952,9,0,0,0
100848.14809972025,CASH_OUT,338387.97589568206,0,891,3,0,0,0
68667.58554618743,CASH_IN,258558.65231757596,4,1746,10,0,1,0
97513.92575475923,PAYMENT,124232.30235142197,2,589,13,0,0,0
34158.13902054137,CASH_OUT,303250.4315050659,7,1520,22,0,0,0
7016.652268461356,CASH_OUT,368454.24742292083,4,491,15,0,0,0
59572.81256438961,PAYMENT,486952.8367185018,3,87,9,0,0,0
11538.237194386791,PAYMENT,190054.47340120675,2,1190,14,0,0,0
29100.837365164654,CASH_OUT,32236.27233317555,1,1364,7,0,0,0
3360.479674470436,CASH_OUT,493985.61061067594,3,330,14,1,0,0
87236.65796475988,TRANSFER,311903.32971276814,5,1209,18,0,0,0
6730.349460559665,TRANSFER,473225.2290803846,1,185,7,0,0,0
116702.50166855218,CASH_OUT,51913.54300555967,6,203,16,0,1,0
99839.87186377353,CASH_OUT,171016.91993522883,1,950,17,0,0,0
31235.447824067982,PAYMENT,66968.34943636216,0,311,1,0,1,0
68200.85839542853,PAYMENT,417755.07729102974,6,792,4,0,0,0
48306.23797260611,TRANSFER,440171.37071465806,4,1371,15,0,0,0
81246.77976187879,TRANSFER,250655.8499375102,2,1249,23,0,0,0
28264.5393349141,TRANSFER,93303.10883101523,5,224,16,0,0,0
77044.23653684194,TRANSFER,63559.48451985427,3,1471,14,0,0,0
31037.309093176053,CASH_IN,294082.0550401034,3,1970,18,0,0,0
141481.90680315363,PAYMENT,253188.1622926503,2,1006,23,0,0,0
33312.81036291987,CASH_OUT,347394.5511838338,1,1795,22,0,1,0
31052.42224380521,TRANSFER,152603.6313099956,3,959,21,0,0,0
76872.57732776739,TRANSFER,201183.99751218114,4,585,14,0,0,0
86180.10102351033,PAYMENT,10680.536925578688,4,1385,12,0,0,0
40426.67988124749,TRANSFER,305071.5225377645,6,1782,16,0,0,0
9910.220010425552,PAYMENT,211571.7606732389,1,1330,19,0,0,0
31532.87198928827,PAYMENT,459882.31690672395,2,1455,11,0,0,0
172214.3831363893,TRANSFER,320893.14885240246,2,65,2,0,0,1
69915.55226448245,CASH_IN,199347.2457248469,6,611,9,0,0,0
83343.44861052255,PAYMENT,131794.59043667518,3,497,9,0,0,0
1668.8171786272133,PAYMENT,452642.4713038194,4,722,22,0,0,0
31542.382827290377,CASH_IN,8132.537058721634,3,796,12,0,0,0
52010.72609199273,CASH_OUT,163456.2336261961,3,177,23,0,0,0
88607.45585256425,CASH_OUT,471752.7918940175,5,1533,6,1,0,0
2526.450567511094,CASH_IN,327016.50349078706,2,1276,4,0,0,0
95675.64271918921,PAYMENT,266359.53564164956,4,1521,8,1,0,0
39748.02604911397,CASH_IN,101767.35896021372,3,1680,3,0,0,0
10989.581923801032,CASH_OUT,416687.38712719356,4,156,2,0,0,0
19081.707950429525,PAYMENT,102099.53129638804,2,1659,10,0,0,0
16559.379870472247,CASH_OUT,124126.76576062498,3,1312,23,1,0,0
37842.59945739209,TRANSFER,95925.57143592762,0,753,16,0,0,0
2653.4635203115317,CASH_OUT,79074.73028476097,5,549,1,0,0,0
8630.611768858824,CASH_OUT,476656.24798940145,3,285,20,0,0,0
83750.32643041393,CASH_OUT,301015.7980706542,3,845,8,0,0,0
7112.982420315834,PAYMENT,318918.566005047,2,436,5,0,1,0
13289.262985009007,TRANSFER,477162.73283939174,1,1683,22,1,0,0
30199.211506982305,CASH_OUT,115287.52756278132,6,1566,11,0,0,0
36399.447130262204,TRANSFER,2958.7692988460312,2,31,18,0,0,0
72113.71622209645,CASH_OUT,299441.8247851456,5,1639,20,0,0,0
29649.929571236284,CASH_IN,253922.42661207932,5,322,3,0,0,0
78000.1647117127,TRANSFER,238825.18869914705,1,791,10,0,0,0
48162.08222492486,TRANSFER,30940.105623099567,7,1147,4,1,0,0
6001.1374397091895,PAYMENT,227217.43328739225,4,80,19,0,0,0
8499.778051520458,PAYMENT,143779.78254534944,3,1225,5,0,0,0
28726.777787232528,PAYMENT,137282.33861215654,6,1205,19,0,0,0
25282.733568136107,PAYMENT,111190.79008954641,5,189,21,0,0,0
68039.96102227103,CASH_IN,166264.17987728538,3,213,15,0,0,0
43462.860222180265,CASH_OUT,176566.5375717062,2,1871,10,1,0,0
24562.0236367057,CASH_IN,154387.88818099874,1,1245,23,1,0,0
9362.300106838193,PAYMENT,489376.35785975447,3,1211,8,0,0,0
12863.275910884153,TRANSFER,466365.54275474354,1,195,21,0,0,0
42842.28362270056,PAYMENT,287255.0497624311,2,1172,22,0,0,0
27533.689777829197,PAYMENT,490527.41920515493,2,1691,1,0,0,0
36172.84664734839,CASH_OUT,495599.00515959505,2,875,3,0,0,0
9357.304928233349,CASH_OUT,177969.85500865127,2,1748,15,0,0,0
54369.71021808341,CASH_IN,222593.77286987225,0,928,3,1,0,0
95709.48937858718,TRANSFER,479530.8884923328,3,1462,8,0,0,0
14916.225594827381,TRANSFER,304313.0996493433,7,74,21,0,0,0
33815.901997765766,PAYMENT,106464.54141863626,1,1243,7,0,0,0
185509.91271361557,TRANSFER,344690.3341682502,8,164,6,0,0,0
20266.3864185642,CASH_OUT,102873.09102304376,3,1902,17,0,0,0
45199.1325166975,PAYMENT,169678.8718359229,5,1208,20,0,0,0
4726.2878882011455,PAYMENT,113780.08154767577,0,1795,8,0,0,0
46572.12238840786,CASH_OUT,122490.10796692112,7,1283,9,0,0,0
4695.305829881879,CASH_IN,2327.790783391126,4,52,21,0,0,0
159997.1043893296,CASH_OUT,440354.41609972593,4,1213,10,0,1,1
62879.695046730165,TRANSFER,147995.2476378969,3,543,1,0,0,0
77596.15030596574,CASH_OUT,43187.18976139724,2,1256,18,0,0,0
60887.422850000105,PAYMENT,43493.70284054427,3,703,9,0,0,0
44546.8724977729,TRANSFER,278009.13823047606,1,977,14,0,0,0
29883.921674176956,TRANSFER,496460.2752669686,2,1242,17,0,0,0
97728.05596769319,PAYMENT,72511.23363509582,5,1164,4,0,0,0
157137.0381164699,CASH_OUT,49810.89047482973,2,1435,11,0,0,1
34561.06909546355,PAYMENT,219151.94020104533,2,831,7,0,0,0
134071.66655800524,TRANSFER,281665.6269203977,5,1828,5,0,0,0
43773.38606634291,CASH_IN,147190.17943897023,0,295,23,0,0,0
38651.11536091182,TRANSFER,151261.04625693322,3,502,0,0,0,0
30301.04102996323,CASH_OUT,212238.25092447473,1,671,12,0,0,0
11741.058600285709,CASH_OUT,157072.807575303,2,1806,14,0,0,0
186.32979796416546,CASH_IN,457665.7917842584,2,1979,10,0,0,0
13821.034483086925,PAYMENT,20977.28564531448,2,1134,22,0,0,0
35639.25457469414,TRANSFER,117285.07993513731,2,1210,3,0,0,0
23898.56049498074,PAYMENT,404276.39811371063,2,239,7,0,0,0
29754.33277603055,TRANSFER,416979.0623324784,1,1291,6,0,0,0
197248.5425772694,CASH_IN,55777.53948210057,4,345,12,0,0,1
21560.10178548887,CASH_IN,486881.72500635835,3,46,20,0,0,0
30090.693935858948,CASH_IN,346677.42494955444,1,213,4,0,0,0
7165.55586537885,CASH_IN,136296.5279917978,3,524,0,0,0,0
2457.2923237860823,CASH_IN,228018.93240722726,0,627,15,1,0,0
74673.82999818864,CASH_OUT,148569.3097839836,1,976,10,0,0,0
42278.005648991246,PAYMENT,75011.12492720968,2,1974,21,0,0,0
71502.86840150108,PAYMENT,145589.03237445757,2,1521,17,0,0,0
8117.876472440923,CASH_IN,290045.9687448092,2,813,23,0,0,0
42411.604803788774,TRANSFER,412984.84741773433,3,182,8,0,0,0
14627.526833512273,CASH_OUT,181764.53744478858,1,1324,3,0,0,0
12942.540293406008,TRANSFER,173950.77027392088,2,1666,6,0,1,0
579.647670636662,PAYMENT,234000.3505406613,6,108,22,0,1,0
6982.689016465818,CASH_OUT,322277.79998217314,4,1494,6,0,0,0
18500.17677862956,TRANSFER,375808.13121615467,4,1836,12,0,0,0
6214.6391914741735,TRANSFER,163399.75239973693,3,1237,18,0,0,0
212931.86641698537,TRANSFER,293176.23391256947,3,623,6,0,1,1
18454.198675021442,TRANSFER,194680.4206404412,3,1602,20,0,0,0
6981.724460266821,CASH_OUT,358199.925181693,4,1693,6,0,0,0
11099.854988796686,CASH_IN,82337.46025851041,2,94,12,0,0,0
44300.59346893535,PAYMENT,128462.43252564804,5,1342,3,0,0,0
3309.3151720620044,CASH_OUT,213030.2099213749,3,160,11,0,0,0
99182.62115330779,PAYMENT,444707.3949606838,3,1358,7,0,1,0
162854.4353110219,PAYMENT,286662.8946753451,6,1971,15,0,0,0
14167.733835297044,CASH_OUT,482698.05949070584,2,723,10,0,0,0
29900.511568946138,TRANSFER,51638.842640541916,4,178,3,0,0,0
1119.15469441122,PAYMENT,230087.7068254674,3,139,20,0,0,0
51181.30213106927,TRANSFER,209539.2650226921,0,134,14,0,0,0
26715.465828381086,PAYMENT,300103.0882029842,3,1080,11,0,0,0
15739.541929859795,TRANSFER,405982.30435378914,4,417,22,0,0,0
11586.333469116997,CASH_OUT,420724.0127915301,2,144,1,0,0,0
53069.16022922881,CASH_IN,335097.30435275414,2,1280,22,0,0,0
26911.299685243855,CASH_OUT,320768.1821227768,4,158,22,0,0,0
9901.776191875862,PAYMENT,474514.77102240373,4,801,5,0,0,0
58415.658632935316,CASH_OUT,191843.7008192123,1,468,17,0,0,0
41628.77148006566,TRANSFER,416391.65709424415,4,1589,23,0,0,0
97833.61188230992,TRANSFER,460751.86354614707,4,1163,21,0,0,0
6248.459024631622,CASH_OUT,245769.62213259845,2,698,11,0,0,0
77011.12707213974,TRANSFER,364551.28930165013,1,1587,15,0,0,0
55968.83730176898,CASH_OUT,188509.92833545303,5,1204,0,1,0,0
6108.999602420943,TRANSFER,79439.50709770204,3,242,18,0,0,0
59342.79520660001,PAYMENT,293251.94073621265,5,875,3,1,0,1
29129.26676419441,CASH_OUT,98235.82542476595,3,549,9,0,0,0
145007.2752873128,CASH_IN,228799.56540193452,1,1879,9,0,0,0
7634.91553734489,CASH_OUT,436439.6566641666,2,1133,23,1,0,0
51477.645683831586,CASH_OUT,43009.09378184026,1,512,6,0,0,0
24061.726657540596,PAYMENT,15214.267832324824,3,1141,5,0,0,0
157112.72192096274,TRANSFER,303238.9236909438,3,600,21,0,0,0
20022.004879154614,TRANSFER,165530.66329744752,7,1143,11,0,0,0
163753.67405244644,CASH_OUT,208968.85346295763,1,1828,9,0,0,1
115877.75487363186,PAYMENT,202855.29432916577,3,1334,11,1,0,0
15761.793128374771,PAYMENT,43310.114504781784,2,1562,12,0,0,0
81365.27374955261,CASH_OUT,1783.2163397972777,1,131,14,0,0,0
271355.3074830266,TRANSFER,449211.62143213215,2,1738,20,1,0,1
14561.953030095297,PAYMENT,108899.28045187319,2,247,12,0,0,0
28703.99687684203,TRANSFER,213039.49593214417,4,1309,18,0,0,0
36717.28902506015,CASH_OUT,485962.89833553927,4,695,15,0,0,0
17472.9900614695,TRANSFER,413381.29099182616,3,1211,10,0,0,0
769.1273349944533,CASH_OUT,53965.42763135109,4,223,0,0,0,0
12431.353535850756,TRANSFER,254259.51580629285,4,409,17,0,0,0
16559.890449041122,PAYMENT,365039.513247508,1,264,6,0,0,0
29313.364106084166,TRANSFER,349196.3924996062,1,82,11,0,0,0
9382.937419601212,TRANSFER,380420.9262022351,3,742,17,0,1,0
103278.65047112375,CASH_IN,228727.32744401763,3,708,11,0,0,0
61023.93615144768,TRANSFER,87961.46466514104,4,649,8,0,0,0
4452.516943544079,TRANSFER,232436.22195968634,2,936,16,0,0,0
52504.31527527485,CASH_OUT,323943.624586646,4,681,3,0,0,0
53016.207685423855,PAYMENT,304296.043302584,4,1693,23,0,0,0
156430.24975021768,TRANSFER,35261.026894303715,6,1536,23,0,0,0
151.2721699029219,TRANSFER,32476.21704109588,3,207,3,0,0,0
14246.45658403203,CASH_IN,482628.91557760595,3,85,19,0,0,0
131409.86129270887,CASH_IN,75902.72751988552,3,453,19,0,0,0
134510.94298030922,PAYMENT,147231.23200586098,3,1932,0,0,0,0
63753.111346811216,TRANSFER,383817.24107808276,4,1965,2,0,0,0
72571.16131395231,TRANSFER,204838.53791158745,1,206,18,0,0,0
4797.081642572758,CASH_OUT,90732.42663001634,4,1341,20,0,0,0
36064.56018583588,TRANSFER,233616.19115489075,4,623,7,0,0,0
13171.135655118323,PAYMENT,284474.9853816829,4,1426,20,0,0,0
9996.873104671395,TRANSFER,226383.30463903784,2,458,19,0,0,0
83116.43967296535,CASH_IN,459473.0377360545,4,242,22,0,0,0
7253.493083511123,CASH_OUT,142349.64754975215,1,1517,0,0,0,0
31616.871099660955,TRANSFER,330666.08034983545,1,1380,5,0,0,0
139499.5551239541,PAYMENT,56147.36070494886,3,930,8,0,0,0
10279.430715816638,TRANSFER,196142.7288320133,6,413,17,0,0,0
190820.69746512314,CASH_IN,370496.6257924868,6,201,8,0,0,0
258259.17805680833,CASH_IN,112408.47029473272,2,198,22,0,0,1
40553.44119286653,CASH_OUT,294885.5228272063,0,1662,22,0,0,0
9325.078454906963,CASH_OUT,76718.51460453017,3,764,19,0,0,0
18997.535903047716,CASH_OUT,51350.84568068554,2,370,9,0,0,0
27625.179840850644,PAYMENT,261616.37446252134,2,1248,15,1,0,0
18504.23878436581,TRANSFER,337505.4980430143,3,999,20,0,0,0
16469.360332680273,PAYMENT,56683.53311724172,5,1946,11,0,0,0
179189.42532876012,TRANSFER,458888.1261864575,2,1000,5,1,0,1
8324.270303232503,PAYMENT,112886.13134873343,2,179,13,0,0,0
66086.77489387275,PAYMENT,59987.65407965001,2,430,21,0,0,0
20.518681545813145,TRANSFER,101349.45417510527,2,1295,7,0,0,0
45339.63276293004,TRANSFER,84786.22826592097,4,1654,14,0,0,0
123813.00929379393,CASH_OUT,45337.32530647449,4,902,9,0,1,0
16979.240368908602,TRANSFER,398919.61738935375,4,719,4,0,1,1
10260.63712477455,TRANSFER,247768.8873720555,3,1777,19,0,0,0
52731.6546303886,TRANSFER,194259.7201893414,2,188,15,0,0,0
62344.26010016589,CASH_IN,475313.96349206654,0,938,23,0,0,0
58242.49565554254,CASH_IN,185504.19353239538,1,80,7,0,0,0
19232.91984345822,PAYMENT,83486.36302359469,2,1813,10,0,0,0
14531.146437307154,TRANSFER,137021.44596329812,3,1854,2,0,0,0
156086.09452082452,PAYMENT,119483.26679429821,2,902,1,0,0,1
128392.35797732098,TRANSFER,249370.63978165243,4,49,0,0,0,0
30561.46022058886,CASH_OUT,145752.56197728697,6,205,0,0,0,0
93603.11703723483,TRANSFER,258030.5860931809,5,1003,19,0,0,0
30103.52269881469,CASH_OUT,334646.71247339447,1,921,9,0,0,0
27616.16125276099,TRANSFER,388649.3928566289,2,101,17,0,0,0
8525.357978001497,TRANSFER,355078.89063361543,4,997,15,0,0,0
27791.677424510963,CASH_IN,102795.35822818048,1,771,18,0,0,0
38546.45729688876,TRANSFER,57949.85962137688,2,359,15,0,0,0
1138.070708471749,CASH_IN,271225.07955062547,2,1686,2,0,0,0
29359.512605366246,CASH_OUT,99455.89560407259,1,1029,6,0,0,0
76015.5720739119,CASH_OUT,42466.86088575663,8,1707,5,0,0,0
56978.910985816154,TRANSFER,263547.1714897086,0,91,10,0,0,0
50414.40621992505,PAYMENT,163397.09255389773,2,208,4,0,0,0
120150.90424156639,CASH_OUT,378074.5059692519,3,1771,8,0,0,0
909.8283861160681,CASH_OUT,157095.81527420902,2,1180,3,1,0,1
40714.64663739465,TRANSFER,489358.5685279069,3,1763,11,0,1,0
77405.1120935687,TRANSFER,379261.5956303541,4,1151,9,1,1,1
38971.80086328164,PAYMENT,28846.610744431066,1,156,2,0,0,0
19570.385342855832,TRANSFER,254436.37017813808,1,1646,22,0,0,0
7323.6279065707695,CASH_OUT,281310.25060705515,3,1458,6,0,0,0
109268.14264601299,CASH_IN,347651.35534079885,4,538,1,0,0,0
31815.889211956528,CASH_OUT,248898.39851687913,3,1796,7,0,0,0
105233.94589548647,PAYMENT,241721.7992072866,1,1913,12,1,0,0
44076.60883721758,PAYMENT,183969.30583880638,5,1859,14,0,0,0
56072.36930497855,CASH_IN,135730.69194958688,2,1196,0,0,0,0
81548.69642555251,TRANSFER,473100.1059883672,2,1601,1,0,0,0
53816.45241428278,PAYMENT,158798.33481718597,1,769,17,0,1,0
25379.446764813063,TRANSFER,31710.662290165335,1,38,23,0,0,0
36039.62927036916,PAYMENT,83642.36964670612,4,777,18,0,0,0
81239.1333337386,TRANSFER,428638.31802064483,5,768,6,0,0,0
23392.32159333827,TRANSFER,293316.729561692,3,1368,21,0,0,0
24561.07374687065,CASH_IN,389390.2746885328,4,1290,1,0,0,0
5029.159267923369,CASH_OUT,404390.77306984714,1,1391,15,0,0,0
123011.34687189414,CASH_IN,411618.2196055366,1,1875,15,0,0,0
4772.506801886375,CASH_IN,275306.8538723044,6,174,22,1,0,0
52235.92670691073,TRANSFER,88560.29784955244,7,623,3,1,0,0
26653.09118821937,TRANSFER,74116.37611807087,2,1569,16,0,0,0
26011.77038354912,TRANSFER,286992.2101875562,10,1037,13,0,0,0
56901.73761392099,CASH_IN,183257.1768428382,7,1649,7,0,0,0
3472.527343961386,CASH_OUT,279024.12062288367,2,1578,8,0,0,0
45033.88546476737,TRANSFER,249238.9221189324,3,656,7,0,0,0
73927.45359529628,PAYMENT,301099.0398487742,1,1352,17,0,0,0
88074.92661488161,CASH_IN,16055.895368282669,1,505,6,0,0,0
9348.440290997127,PAYMENT,16418.340315061676,2,293,12,1,0,0
113855.15183807156,PAYMENT,360797.58542425436,5,776,0,0,0,0
53376.91987081196,CASH_OUT,96563.62191135992,4,433,20,0,0,0
106792.04547216772,TRANSFER,326099.2310960282,3,152,7,0,0,0
33206.680434842434,CASH_OUT,273287.95539572724,0,1263,8,0,0,0
39047.94517037584,CASH_IN,490897.2357023117,2,228,18,0,0,0
125688.93959544752,PAYMENT,417702.93944153114,2,1370,23,0,0,0
115084.04677072237,PAYMENT,206567.26066567472,4,585,14,0,1,0
29724.93562219093,PAYMENT,308206.4100465825,3,1534,2,1,0,0
16038.689443572099,TRANSFER,58644.728612736006,5,1232,23,0,0,0
24975.36545842251,CASH_OUT,193193.0214811905,5,1495,20,1,0,1
24531.899324697417,TRANSFER,366943.87054493715,6,1512,22,1,0,1
16904.358244605708,CASH_OUT,311335.7920643268,4,1949,10,0,0,0
15638.344393267334,PAYMENT,242235.66218867892,1,1170,13,0,0,0
98686.71144085462,CASH_OUT,88264.55202633454,3,788,11,0,0,0
3621.1115736842244,PAYMENT,401572.9630787723,9,1467,21,0,0,0
56599.84764414545,PAYMENT,136583.30220578847,2,1920,4,0,0,0
9486.650783852767,TRANSFER,410239.54083095473,3,1546,1,0,0,0
21118.29832519344,CASH_OUT,305804.53139749676,1,1393,22,1,0,0
3175.913908647841,TRANSFER,186365.71397439373,4,642,6,0,0,0
15733.731579758198,TRANSFER,20302.61097999575,2,1575,4,0,0,0
73141.72590333414,PAYMENT,116209.42217218844,5,1787,2,0,0,0
108147.82082155324,CASH_OUT,444535.462744082,2,431,9,0,0,0
12521.058275954572,PAYMENT,408987.1719478587,2,409,10,0,0,0
31138.89450278654,PAYMENT,287426.656467049,9,310,7,0,1,1
31774.493531314823,CASH_OUT,233161.23198106347,2,1533,5,0,0,0
103405.4225262955,PAYMENT,323571.3396650546,6,1668,11,0,0,0
71942.38094657427,PAYMENT,233124.06392165076,2,191,12,0,0,0
35982.486387435405,PAYMENT,322152.4203595701,5,73,1,0,1,0
55546.471782580484,CASH_OUT,153702.04983007896,1,275,22,0,0,0
93982.0334086772,CASH_OUT,419248.60895573755,3,1988,20,0,0,0
479.2370627495114,CASH_OUT,350958.94673263334,3,1532,15,0,0,0
25782.69899782583,TRANSFER,164987.8142138459,2,505,23,1,0,0
118888.69560181501,PAYMENT,415333.0574117206,4,1655,21,0,0,0
67413.91690494464,PAYMENT,243671.26542658947,3,905,12,1,0,0
39136.24231001564,CASH_IN,87319.43236873075,5,1249,8,0,0,0
37713.32723454185,CASH_OUT,38856.23100176333,5,1224,12,0,0,0
21367.908408600353,CASH_OUT,349802.8738186102,6,1969,14,0,0,0
36752.7104301359,PAYMENT,432560.40210400533,1,1381,7,0,0,0
53266.110117164135,CASH_OUT,403720.9942972718,3,1823,22,0,0,0
27095.4401624902,TRANSFER,327825.51511107595,3,143,16,0,0,0
62614.95442384756,TRANSFER,70687.52780238402,0,527,9,0,0,0
98747.67213708052,CASH_OUT,47022.03798832677,1,1208,8,0,0,0
8402.288021477625,PAYMENT,172514.8115058627,1,1855,23,0,0,0
30032.686639110056,TRANSFER,427455.4451993844,1,852,16,0,0,0
26214.12913277968,PAYMENT,480868.1351533321,2,1217,16,0,0,0
58151.90945533799,PAYMENT,120680.42742353563,2,498,18,0,1,0
14375.268753712728,CASH_OUT,381047.83529086,3,244,18,0,0,0
51117.42382590878,CASH_IN,286934.6084536029,3,648,1,0,0,0
104977.82151267181,TRANSFER,15903.683538971369,1,869,10,0,0,0
27075.54866513868,CASH_IN,271458.1749664699,4,98,7,0,0,0
120964.76645359793,CASH_OUT,402970.20149467763,0,1157,20,0,0,0
249275.71622522952,PAYMENT,138061.39167201327,4,350,16,0,0,0
5607.623662869602,TRANSFER,448680.8119852305,2,1947,0,1,0,0
13266.89127508023,PAYMENT,118130.20343731844,2,1650,17,0,0,0
150167.814615444,PAYMENT,38236.56632202715,0,969,6,0,0,0
158895.9157541918,TRANSFER,79969.65471978202,5,328,8,0,0,0
5140.8141585704125,CASH_IN,418501.43436045916,3,1127,8,0,0,0
755.6057675723698,TRANSFER,208652.95951976415,4,1503,9,0,0,0
8783.189842620439,CASH_OUT,398472.78181082883,2,306,15,0,0,0
276233.0940522538,PAYMENT,265616.53049479757,2,474,10,0,0,0
9922.523558800234,PAYMENT,240279.56239721572,1,170,5,0,0,0
34912.7709432908,TRANSFER,403456.57574623264,5,1161,11,0,0,0
94331.33707858722,TRANSFER,211743.80585618797,4,911,20,0,0,0
1030.6299067992422,CASH_IN,401016.36553318414,3,1555,9,0,1,0
46378.83172044347,PAYMENT,50331.0824817228,3,1081,15,0,0,0
16219.062821633492,CASH_OUT,318155.4077696283,4,187,23,0,0,0
99146.57371587747,CASH_OUT,351293.5282759924,3,1135,21,0,0,0
16666.14051223716,CASH_IN,449548.69807087135,3,1159,23,0,0,0
58038.5973224111,PAYMENT,112161.95935809748,6,1695,13,0,0,0
56076.59219149821,CASH_IN,302109.9400464258,4,855,16,0,0,0
12518.900055691227,TRANSFER,216628.2818446115,6,1264,19,0,0,0
1770.955812572228,PAYMENT,191385.8277720145,4,1047,4,0,0,0
26318.08207174423,PAYMENT,53356.777605978736,4,50,3,0,0,0
17067.72742425321,CASH_OUT,67116.66529747112,2,1399,21,0,1,0
82768.26817756805,TRANSFER,418494.23072382313,4,1227,12,0,0,0
80563.02573208063,PAYMENT,374876.716162781,3,246,6,0,0,0
30534.503543654722,TRANSFER,191170.56514555027,1,880,10,0,0,0
46635.26398865226,PAYMENT,414243.2906948154,2,566,10,0,0,0
46349.831298016674,PAYMENT,40383.09241178922,2,518,23,1,0,0
87768.91276688207,CASH_IN,312386.9585165843,8,342,23,0,0,0
27669.471833436317,PAYMENT,434088.0263571442,1,689,20,1,0,0
16109.996202856506,TRANSFER,419432.1155156247,5,1047,23,0,0,0
15396.614428601995,TRANSFER,186391.3799709299,4,803,11,0,0,0
38414.2603822985,PAYMENT,372616.9265284945,2,1839,2,0,0,0
29814.47382420767,TRANSFER,213734.07275993878,1,718,11,0,0,0
29001.70904922688,CASH_OUT,420069.0821949747,6,1007,2,0,0,0
4778.06421635524,TRANSFER,265380.9750775115,1,1969,0,0,1,0
63399.571376616695,CASH_OUT,382428.5245525206,4,900,9,0,1,0
12023.177004310903,PAYMENT,39285.79114583586,1,191,0,0,0,0
10967.141050492162,TRANSFER,295012.98580443143,2,1447,0,0,0,0
26615.941187339708,CASH_OUT,275142.0887346693,5,318,10,0,0,0
12924.18239561669,CASH_IN,304988.36086758005,2,1680,15,0,0,0
43836.46865803299,PAYMENT,347820.8039577951,2,980,2,1,0,0
23218.04611192316,PAYMENT,459054.48501707095,3,1968,23,0,0,0
29793.01347908659,PAYMENT,392841.04088801553,5,1247,2,1,0,1
38519.699859535154,PAYMENT,109818.99571745234,7,1100,7,0,1,0
11378.637442301511,PAYMENT,412948.134646048,6,718,12,1,0,0
8465.427098768783,TRANSFER,61039.83880754782,4,59,15,0,0,0
106189.27943157226,CASH_IN,311099.2928375348,0,1540,14,0,0,0
28433.658117371324,CASH_OUT,441376.9041229716,4,240,9,1,0,0
26559.37719062614,CASH_IN,50561.02710745197,2,498,16,0,0,0
1813.0865772121654,TRANSFER,424846.32665513025,5,344,2,0,0,0
34455.39772016837,TRANSFER,399310.3671151228,5,787,13,0,0,0
40390.84705575753,CASH_OUT,251887.71691953536,2,1545,0,0,0,0
40917.481589187766,TRANSFER,154448.80114770203,1,1003,8,0,0,0
61384.45277827009,PAYMENT,202719.11403577193,3,316,18,0,0,0
9769.23557345859,CASH_IN,484329.0678501059,2,306,9,1,0,0
14532.532665261277,CASH_IN,100848.77807592318,1,1326,20,0,0,0
83229.15849797205,CASH_IN,289802.14391494764,0,1051,10,0,1,0
147034.38719400106,TRANSFER,41620.373939341924,4,978,13,0,0,0
7305.2337256062365,CASH_IN,108946.5320945861,1,464,15,0,0,0
34422.865212635224,TRANSFER,381658.1940372603,3,437,6,0,0,0
12051.137591260385,CASH_IN,151299.52018026361,3,258,8,0,0,0
3097.6622711593814,CASH_OUT,492883.0352813673,7,1989,12,0,0,0
19689.427619228976,TRANSFER,250408.52154692,3,1286,6,0,0,0
7756.002277934498,CASH_IN,258269.6626538714,3,639,0,1,0,0
61882.18006831482,CASH_IN,18157.369667867628,4,1740,22,0,1,0
38149.02886712147,PAYMENT,478263.374788633,3,1841,6,0,0,0
7764.577326180669,PAYMENT,87116.72044220897,3,301,1,0,0,0
464.2278409731189,CASH_OUT,269170.2994052213,3,855,22,0,0,0
82553.91026684732,PAYMENT,197837.3049793658,3,1102,1,0,0,0
9691.035335973074,PAYMENT,207792.35037230287,2,1479,0,0,0,0
46597.71871305962,CASH_OUT,321650.0830180542,1,425,8,0,0,0
20543.125878339506,CASH_OUT,331044.3385462387,1,1734,9,0,0,0
44032.41902655742,CASH_OUT,77144.30742904844,1,983,9,0,0,0
18964.554811635455,PAYMENT,249793.3265609461,1,1625,4,0,0,0
4547.660099679579,CASH_OUT,395238.72457092843,2,1845,6,0,1,0
12612.52958168237,TRANSFER,221643.24177611477,6,810,9,0,0,0
10416.353381371853,TRANSFER,82902.23541329007,5,1343,21,0,0,0
27932.506055556307,TRANSFER,156608.47157834534,3,474,23,0,0,0
53688.73312370775,PAYMENT,106189.7820525351,7,952,2,0,0,0
15313.085491606957,PAYMENT,62908.733957418524,4,259,11,0,0,0
607.1684228425104,TRANSFER,188790.56371767688,4,1138,19,0,0,0
36587.889876522546,TRANSFER,270468.12159903755,2,530,15,0,0,0
46539.70614118224,TRANSFER,36375.76263831588,4,1888,17,0,0,0
164667.16577679178,CASH_IN,301911.6861140917,5,1294,15,0,0,1
44515.411369466376,TRANSFER,496512.22008480376,2,1835,20,0,0,0
31854.65497704534,CASH_OUT,482062.4660100418,3,1672,9,0,0,0
42595.61421227039,PAYMENT,414586.74099957943,4,259,0,0,0,0
131485.49853399183,TRANSFER,133170.55640120152,2,275,15,0,0,0
88123.08717018398,PAYMENT,11203.798239683649,6,130,4,0,0,0
19502.62967556297,TRANSFER,416770.8514414255,4,838,23,0,0,0
13541.533817751642,PAYMENT,27860.115989356615,3,1031,11,0,0,0
15233.518824561717,CASH_OUT,102814.04073538519,3,1673,15,0,1,0
35101.429157264,TRANSFER,272226.6077233922,2,982,21,0,0,0
68138.5511011857,TRANSFER,89189.01957182179,2,1723,13,0,0,0
34980.32054558541,PAYMENT,416894.165649321,3,1098,9,0,0,0
3510.2014371716054,CASH_IN,388579.84812991455,4,103,15,0,0,0
64291.81823897218,TRANSFER,377884.75286862487,3,286,14,0,1,0
81987.15779244831,PAYMENT,408063.8079487883,5,1156,21,0,0,0
17089.166334594407,PAYMENT,109850.89013230603,0,1145,10,0,0,0
54550.920655791,CASH_IN,364446.1880748747,7,1811,5,0,0,0
27807.880060353647,PAYMENT,177640.75129588236,0,1290,18,0,0,0
109965.04665092449,CASH_OUT,333422.37978419976,6,752,14,0,0,0
93289.3217927643,PAYMENT,61010.86431558739,3,1659,12,0,0,0
37267.51794459681,TRANSFER,352793.29003225744,3,113,18,0,0,0
58802.57062518039,CASH_OUT,486053.8639503898,1,977,0,0,0,0
107428.73587420773,CASH_OUT,21800.182659358125,4,561,9,1,0,0
34230.88402731052,CASH_IN,46914.45058354238,5,1076,23,0,0,0
18789.301612912946,CASH_IN,61818.38366900694,4,892,10,1,0,0
70053.37500969265,PAYMENT,215281.95247065063,2,1661,11,0,0,0
12427.315246896722,CASH_IN,145390.09246652684,4,913,13,0,0,0
24594.563110109586,PAYMENT,403460.07677034684,4,887,15,0,0,0
100394.10019823101,CASH_OUT,236893.61960048077,2,1003,6,0,0,0
64444.290180596945,CASH_OUT,242268.6713442762,5,803,20,0,0,0
25859.87784473062,CASH_OUT,358519.05066267686,2,1214,3,0,0,0
12087.306975803684,CASH_OUT,180984.49126787286,8,37,15,0,0,0
22000.373576182694,CASH_OUT,176603.62371023174,2,1372,18,0,0,0
16711.029120832343,TRANSFER,378463.1938137402,1,1689,2,1,0,0
9684.655704955265,PAYMENT,390020.8729183824,5,1185,8,0,0,0
67998.7708672687,CASH_IN,7199.386266409758,5,1962,16,0,0,0
14522.286849527083,PAYMENT,71895.2379203665,2,1600,3,1,0,0
30272.1536102501,CASH_IN,106549.09057423989,4,122,8,0,0,0
24376.57315420447,TRANSFER,175800.23437893816,5,1014,13,0,0,0
201084.5800319816,CASH_IN,145724.04171597652,2,959,11,0,0,0
24804.424548419447,TRANSFER,334260.02419413824,2,341,18,0,1,0
4168.128434100395,CASH_OUT,414067.6169014791,2,1704,20,0,0,0
4705.960855565561,CASH_IN,96043.49117801209,4,323,10,0,0,0
44671.90779384265,TRANSFER,281490.0303009742,2,762,3,0,0,0
45735.04378555798,TRANSFER,183908.125540518,3,1482,12,0,0,0
27129.489484861737,TRANSFER,252888.93752303094,1,627,13,0,0,0
28267.935426359953,PAYMENT,310378.92089169694,2,471,9,0,0,0
2772.0723486807888,CASH_IN,446799.90934100555,3,659,15,0,0,0
36340.008196832816,CASH_OUT,96146.33391364035,6,1727,19,0,0,0
35133.56712521474,CASH_IN,43503.293528030175,3,651,19,1,0,0
8099.442827442434,CASH_OUT,313605.95952267625,3,872,5,0,0,0
5481.781274956039,TRANSFER,197065.42438631324,3,1145,11,0,0,0
6595.064133056628,CASH_OUT,81451.34664649428,2,404,15,0,0,0
5325.183245271044,PAYMENT,58543.58367742235,2,1765,7,0,0,0
47043.03015302539,CASH_OUT,279454.8934370149,6,693,2,0,0,0
10937.825199885216,TRANSFER,150235.29726409778,6,615,14,0,0,0
14479.538121270105,CASH_OUT,498713.18979298894,3,492,17,0,0,0
9532.132714020809,CASH_OUT,202950.409665357,3,1372,7,0,0,0
158308.60031947965,PAYMENT,106143.30438259135,4,650,8,0,0,0
96419.34126518761,CASH_OUT,314424.5225586389,4,1540,22,0,0,0
13100.380831543467,CASH_OUT,122127.44484525346,5,1988,19,0,0,0
19842.587534408452,CASH_OUT,247043.02161558057,2,946,22,0,0,0
11779.335003390011,TRANSFER,241288.09186050371,1,1281,11,0,0,0
33851.484345981415,PAYMENT,226778.8148578686,4,961,14,0,0,0
990.2685211840375,CASH_OUT,398042.84813478746,1,1807,11,0,0,0
55640.83611781544,CASH_OUT,108306.50073309195,3,845,14,0,0,0
37028.51970246773,TRANSFER,452153.65253523504,3,1905,17,0,0,0
114453.30849158068,TRANSFER,395670.2516067672,5,1812,2,0,0,0
8979.824717286358,CASH_IN,166561.18212166187,2,1450,17,0,0,0
81509.90765036609,PAYMENT,90301.25314006925,4,31,7,0,0,0
78501.48931976146,PAYMENT,139767.51225337063,3,1676,17,0,0,0
6801.364623461184,TRANSFER,166318.12345453916,2,1464,9,0,0,0
25421.360458498682,PAYMENT,278466.58440352336,4,804,6,0,0,0
9325.675004874209,PAYMENT,23184.084406825066,3,1158,1,0,0,0
14699.798189455434,TRANSFER,457179.56492602656,2,1271,17,0,0,0
15275.07327137066,PAYMENT,49337.428330555485,1,1019,9,0,0,0
40623.16386560949,PAYMENT,139636.69705001742,0,304,18,0,0,0
26501.350791654517,TRANSFER,54643.71897648329,0,965,2,0,0,0
147569.31661774192,TRANSFER,128336.41326283007,4,50,5,1,0,0
6754.92482006706,PAYMENT,418836.9093044042,2,1367,9,0,1,0
181894.36646904837,CASH_OUT,307587.9056916211,1,439,19,0,0,0
13109.725557747153,PAYMENT,113661.61254474033,2,1511,9,0,0,0
74112.5034656497,PAYMENT,435879.2648996688,1,833,12,0,0,0
20697.797134808632,PAYMENT,400356.0296092424,7,329,20,0,0,0
7720.6171022348435,TRANSFER,376824.6411607903,3,1053,23,0,0,0
97557.40700667625,CASH_OUT,423816.34919285646,1,1885,9,0,0,0
18470.708595406744,CASH_OUT,309824.84075915755,2,56,18,0,0,0
53772.442852523185,PAYMENT,250718.68010561616,1,677,13,0,0,0
41786.67918354132,CASH_IN,186967.5130856947,6,1911,10,0,0,0
31909.87832529752,PAYMENT,111882.01020384919,2,1438,19,0,0,0
34241.04429278976,CASH_OUT,278705.8288234474,8,668,15,0,0,0
65882.82159476828,CASH_IN,444746.17285704415,0,1844,2,0,0,0
4593.316111545745,CASH_IN,296990.8944961625,1,102,12,0,1,0
55158.23103498092,TRANSFER,459803.43086031836,1,1084,13,0,0,0
113077.96463349799,TRANSFER,178458.68479658177,1,1444,8,1,0,0
2976.259287571212,PAYMENT,347568.98626374884,3,1062,3,0,0,0
7579.143761687597,PAYMENT,324332.7362313206,2,228,21,0,0,0
63050.43246659897,CASH_IN,335216.9220313709,5,505,13,1,0,0
28748.801966390864,CASH_OUT,322521.0061203963,2,410,10,0,0,0
25837.8775465873,TRANSFER,110827.33746855838,3,511,11,0,0,0
7365.096323626634,PAYMENT,71795.44914157449,2,466,22,1,0,0
35338.98824222969,CASH_IN,489314.1281160293,6,1937,16,0,0,0
6764.95119516575,CASH_IN,22647.564421250598,6,173,15,0,0,0
32372.41865812795,CASH_IN,233868.24351413516,4,743,0,0,0,0
72114.73559821297,TRANSFER,212540.15857093094,7,1461,15,0,0,0
14938.118838630835,PAYMENT,180009.47910753812,1,1383,17,0,0,0
32771.97366535709,TRANSFER,390991.92678835476,4,203,10,0,0,0
241515.5953459328,TRANSFER,372675.144156258,5,1978,1,0,0,0
58021.792668520335,CASH_OUT,452612.46176497015,2,1782,15,0,0,0
92054.8721320163,PAYMENT,197743.76309346108,3,262,15,0,0,0
26794.148203451383,CASH_IN,282089.76396472985,2,1851,3,0,0,0
73020.93088203279,CASH_OUT,446153.52367106033,4,1488,0,0,0,0
2067.626185326176,CASH_OUT,496924.0314276922,0,1776,10,0,0,0
6557.350877783849,PAYMENT,484647.18118267745,5,1554,6,1,0,0
11349.458870736044,PAYMENT,358921.9356343671,2,1724,5,0,1,0
25704.20673214325,CASH_IN,71613.7789050898,1,1595,5,0,0,0
93457.37065125522,CASH_OUT,11593.005896513298,1,1343,19,0,0,0
21252.7407889435,CASH_OUT,412609.17820147093,2,1785,23,0,0,0
53155.67372452303,TRANSFER,420471.0122459127,1,1041,17,0,0,0
61775.63231784837,CASH_OUT,373180.4541317348,6,304,7,0,0,0
44116.49355020619,CASH_OUT,139961.74299961005,4,1465,5,0,0,0
22099.346843698688,CASH_OUT,319908.9297992633,2,35,7,0,0,0
43025.46056146331,CASH_OUT,158124.22090763712,3,1198,2,0,0,0
20947.70327992616,CASH_OUT,225324.12305046234,4,1154,3,0,0,0
4380.054189917372,CASH_IN,191217.54249025523,2,632,5,0,0,0
246711.34657470547,CASH_OUT,456820.0433950278,3,1928,16,0,0,0
6801.437056394813,TRANSFER,117078.66537193778,2,193,0,0,0,0
3754.9515148855307,CASH_IN,288805.4522868751,2,1566,14,0,0,0
105404.70640629709,PAYMENT,180490.76451692957,3,1197,14,0,0,0
17964.96643793637,PAYMENT,331535.55595711287,3,1505,11,0,0,0
52533.54910145949,PAYMENT,282281.5705887375,3,1100,23,0,0,0
19949.734051841373,PAYMENT,461988.84068297024,2,52,5,0,0,0
24834.160933535164,CASH_IN,50806.07585060659,1,765,19,0,0,0
15198.227235646838,PAYMENT,110320.4198783817,4,1248,4,0,0,0
21006.912131940848,CASH_IN,383173.98191552795,0,1499,6,0,0,0
26441.028345262297,TRANSFER,184393.4199474217,5,1138,7,0,0,0
63722.63709960044,CASH_OUT,82891.89311436196,5,373,9,0,0,0
35824.49514218305,CASH_IN,251660.62962269387,0,1964,6,0,0,0
143733.47967475353,TRANSFER,326071.0308056931,2,608,6,0,0,0
2139.1329474615322,CASH_IN,22413.357076749297,2,496,22,0,1,0
34965.13662099751,CASH_OUT,145810.94468372237,2,1352,13,0,0,0
43880.526126764984,TRANSFER,404711.26884802146,3,1957,3,0,0,0
126409.70033733887,CASH_IN,260122.2833050971,2,1424,20,0,0,0
2520.396091825063,CASH_OUT,17689.607586659993,4,1663,9,0,0,0
42607.09694313188,CASH_IN,140975.50263735044,4,1023,12,0,0,0
96080.85640946626,CASH_IN,319570.32798971067,1,201,6,0,0,0
13848.827619786192,CASH_IN,99679.73478901238,3,1285,2,0,0,0
104491.7073197543,TRANSFER,413695.70310970716,3,515,4,0,0,0
961.3535210298752,PAYMENT,338287.9535418321,2,1591,22,1,1,1
65923.3058156659,CASH_IN,235689.53047389656,5,736,17,0,0,0
135237.69786089356,PAYMENT,457811.89053339243,3,1213,6,0,0,0
53530.06354642002,PAYMENT,195900.38546233086,4,1885,5,0,0,0
28904.325156278104,CASH_IN,117536.70528204263,3,72,7,0,0,0
2295.96780905914,PAYMENT,330701.4962633504,3,1165,6,0,0,0
126357.61618959942,CASH_IN,286647.5937350743,6,776,19,0,0,0
31771.866971180953,CASH_OUT,167623.95046561258,0,1511,20,0,0,0
1471.2728899168148,CASH_OUT,171832.28066198857,4,1511,10,0,0,0
58530.29793752701,TRANSFER,199105.15431705088,4,1883,9,0,0,0
32873.29518911785,TRANSFER,145569.28373968464,0,1294,5,0,0,0
6639.173187790935,PAYMENT,355120.70318046125,1,1448,17,0,0,0
12057.21798659973,CASH_OUT,325679.20252560265,1,147,5,0,0,0
3333.208560901886,CASH_IN,220388.82627319635,3,1515,9,0,0,0
42700.26152863628,TRANSFER,198927.3378896186,2,508,8,0,0,0
48646.95369214528,TRANSFER,182525.63467985255,3,1190,7,0,0,0
35234.91172825482,CASH_OUT,141734.16069612675,0,1613,11,0,0,0
84941.369288903,TRANSFER,42848.33157852969,4,931,20,0,0,0
98667.24052564321,CASH_OUT,134102.34276125027,8,270,20,0,1,0
47806.753540885635,CASH_OUT,160600.67434653253,7,1619,9,0,0,0
641.9271113789438,PAYMENT,273842.00313267164,3,859,11,0,0,0
59409.83778317364,CASH_OUT,386894.2545390249,4,1180,17,0,0,0
27064.174287696336,CASH_OUT,197851.07241701582,2,662,18,0,0,0
41684.58202213872,PAYMENT,472378.4529260459,3,979,13,0,0,0
52359.93586339748,CASH_OUT,413674.9817205812,2,1536,12,0,0,0
21557.350220310887,TRANSFER,492400.92394187255,2,1407,6,0,0,0
124505.10926500653,CASH_OUT,438101.5205207409,8,264,7,0,0,0
7192.067430597429,TRANSFER,308362.9746546896,3,597,14,0,0,0
55662.71923601471,PAYMENT,299239.64390835946,0,367,8,0,1,0
218.45553176015517,CASH_OUT,64763.06337710852,5,628,2,0,0,0
129281.30121458527,CASH_IN,361199.62444578385,2,443,4,0,0,0
5967.57074065457,CASH_IN,300103.42879633565,2,1184,3,0,0,0
4984.62104873635,CASH_OUT,253466.05169799237,3,925,19,0,0,0
20248.833849421644,CASH_IN,346643.4362786443,9,1820,20,0,0,0
23385.615698859616,CASH_OUT,222023.92141899685,2,1114,20,0,0,0
12059.016542466954,CASH_OUT,261929.8312041431,3,1964,19,0,0,0
43988.49802957195,CASH_OUT,199176.15240162818,5,1794,5,0,0,0
29251.791420004047,TRANSFER,358685.4466853449,1,520,22,0,0,0
1738.6615242656687,PAYMENT,438305.4852739441,3,1312,7,0,0,0
19257.54692590434,TRANSFER,420422.4695663013,3,1452,2,0,1,0
83150.61495128695,PAYMENT,393012.6360247344,3,992,3,0,1,0
58511.0326960267,PAYMENT,6893.852272275458,2,1722,16,0,0,0
64525.73341041038,TRANSFER,455940.2319387297,2,1340,16,0,0,0
59885.77512073968,PAYMENT,137437.86036169698,6,1252,4,0,0,0
18623.742627103857,CASH_IN,443986.971481688,4,1380,16,1,0,0
5249.358272349859,CASH_OUT,98484.05154468825,1,596,11,0,0,0
15904.80865477655,TRANSFER,219822.87571236864,4,1000,2,0,0,0
89125.70702028158,TRANSFER,374699.39716345683,6,121,20,0,0,0
196792.21920177405,TRANSFER,320139.4726385863,4,921,1,0,0,1
34045.81564914727,TRANSFER,207960.96901471494,2,257,22,0,0,0
487.38549272308984,TRANSFER,339311.92837013915,2,1992,10,0,0,0
7543.749911251594,PAYMENT,274474.75502331974,4,1163,5,0,0,0
19436.34203767241,PAYMENT,137868.15331776615,2,1925,16,0,0,0
43206.900490432374,TRANSFER,323164.7227485699,5,310,18,0,0,0
3903.139265157167,CASH_OUT,102123.54317226169,4,980,12,0,0,0
143549.60692324367,TRANSFER,346994.14212958276,4,1941,20,1,0,0
22713.102886177432,TRANSFER,1555.4388116214013,3,1615,4,0,0,0
121853.97198397251,TRANSFER,274386.2568808849,1,579,4,0,0,0
75825.11902947734,CASH_IN,200533.8137780705,2,857,18,0,0,0
70414.17244215452,TRANSFER,151551.88690097365,4,1138,14,0,0,0
46661.61920549498,CASH_OUT,257853.98361731877,3,721,3,1,0,1
49279.87241399275,TRANSFER,322655.81626794406,4,1393,5,0,0,0
50806.00021288804,PAYMENT,482656.13310673245,1,1251,2,0,0,0
49540.12599250783,PAYMENT,416532.2449440488,5,1129,23,0,0,0
40341.35829489542,TRANSFER,358574.9415419054,0,1006,10,0,0,0
214935.8394325175,CASH_OUT,239483.4558395732,5,1226,18,1,0,1
65892.65467304805,TRANSFER,196072.05983217712,2,1278,3,0,0,0
75017.15628100968,TRANSFER,16264.827292998607,2,641,21,0,0,0
102967.36552508228,CASH_IN,179548.45152952409,2,653,6,0,0,0
12144.343892208617,PAYMENT,424188.5693363083,2,48,2,0,0,0
4376.256852271586,PAYMENT,192012.290988145,2,797,4,0,0,0
32975.41203938545,TRANSFER,230792.49953107323,1,1698,15,0,0,0
36085.635461837315,TRANSFER,135917.2120124524,3,266,20,0,1,0
88357.7664275363,PAYMENT,137066.37940668338,5,1479,18,0,1,0
29329.890728650284,TRANSFER,30935.880445874198,3,663,17,0,0,0
42297.79104642703,CASH_IN,306901.9628099004,4,122,2,0,0,0
37440.49387266215,TRANSFER,224034.7015226732,0,1922,4,0,1,0
1947.582223159744,CASH_OUT,302980.4037453973,2,1037,6,0,0,0
47753.51367549397,PAYMENT,273443.4500144264,5,1595,6,0,0,0
88025.62476594791,CASH_OUT,399422.29364858737,1,1886,2,0,0,0
8569.113364545528,CASH_OUT,375505.95615573635,1,1641,8,0,0,0
45110.976600401635,TRANSFER,385726.9265689397,3,1826,7,0,1,0
45022.1664517409,PAYMENT,249619.50347083778,0,1859,20,0,0,0
8967.396962391009,TRANSFER,176940.67567696524,4,1192,17,0,0,0
6588.850835299705,CASH_OUT,466718.2952664764,5,1393,9,0,0,0
195731.17663471025,PAYMENT,27134.886858276976,1,1338,19,0,0,0
25020.599192145877,TRANSFER,76310.65392511516,3,1835,7,0,0,0
12901.097665111449,CASH_IN,209799.54608831985,3,1783,7,0,0,0
9396.334479360585,TRANSFER,306978.8262840056,3,511,16,0,0,0
55071.06855991764,PAYMENT,4100.187403360822,5,615,16,0,0,0
47009.36179221285,CASH_OUT,359661.409655571,1,1912,3,0,0,0
51578.36286777442,PAYMENT,279363.2713949574,5,790,5,0,0,0
4606.094902154022,PAYMENT,242351.37933846263,6,1673,18,0,0,0
111996.75371264812,CASH_IN,211747.51941393412,3,1286,0,0,0,0
24654.720810544677,CASH_OUT,259743.51587031226,4,1286,3,0,0,0
18797.942044150168,TRANSFER,80892.8672408738,4,1014,10,0,0,0
31028.438981780608,PAYMENT,54355.86963849126,4,807,5,0,0,0
24720.231609222254,CASH_OUT,144818.73937591922,4,68,11,0,0,0
99599.74745486614,TRANSFER,354752.39599266235,3,1113,4,0,0,0
132437.89404820593,CASH_IN,294143.9419177482,2,637,13,0,0,0
18081.015926358592,TRANSFER,240061.50880950634,2,255,16,0,0,0
99731.42503169995,CASH_IN,285760.48294798017,4,948,3,0,0,0
76053.7563018105,CASH_OUT,279629.0065196716,3,1662,14,0,0,0
133543.26472697008,PAYMENT,153520.9627449627,3,509,5,0,0,0
14101.590742272785,TRANSFER,48727.97362236292,2,435,12,1,0,0
43014.326639030034,TRANSFER,448391.1843315253,7,1011,11,0,0,0
16047.783117901748,CASH_IN,299955.6313119573,3,1426,9,0,0,0
86890.41529332877,CASH_OUT,348873.99984042585,7,372,5,0,0,0
266.92072918582033,CASH_IN,231998.61218347755,2,752,21,0,0,0
41599.680838874774,PAYMENT,378240.2899882813,1,436,8,0,0,0
20715.46246958159,CASH_OUT,292248.6319893336,4,819,15,0,0,0
19480.845867783864,CASH_IN,26900.56104859512,1,987,7,0,0,0
51768.68239395656,TRANSFER,445048.5176968456,3,1787,6,1,0,0
95353.28038988455,PAYMENT,152768.07339394343,5,1328,13,0,0,0
46977.37830665552,TRANSFER,68945.38871066774,2,1075,3,0,0,0
95925.0055288178,CASH_IN,44020.50385215789,6,668,2,0,0,0
15366.839142320285,PAYMENT,360220.1569210554,1,414,2,0,0,0
36646.59553260207,CASH_OUT,351984.1834021799,3,703,18,0,0,0
29940.650123343854,PAYMENT,350081.0624066353,3,1945,9,0,0,0
585.6616174704851,CASH_OUT,457876.386340783,2,55,13,0,0,0
40688.07713538374,TRANSFER,174471.51099882575,0,1569,20,0,0,0
54165.152392076285,CASH_OUT,280566.5281794616,4,1741,5,0,0,0
44813.91667454769,CASH_OUT,309747.79149717477,4,1610,11,0,0,0
66643.34804669584,CASH_OUT,489740.9142832313,3,1321,11,0,0,0
42354.505751247285,TRANSFER,156173.07185929592,7,121,3,0,0,0
3454.121713312278,TRANSFER,478165.5999519702,1,1346,9,0,0,0
6190.116495477727,TRANSFER,74367.16654119069,5,416,11,0,1,0
45375.789420457695,CASH_OUT,382000.728013921,1,1721,16,0,0,0
16077.746190665335,PAYMENT,316442.9500102064,3,1786,22,0,0,0
4149.797700171963,PAYMENT,408448.0186359937,3,1009,6,0,0,0
28071.110979301033,TRANSFER,14342.786819923569,6,1183,9,0,0,0
40407.99513844161,CASH_IN,39065.52146952791,3,981,0,0,1,0
19930.382839449896,PAYMENT,34847.88978457293,6,514,18,0,0,0
63725.79065879373,PAYMENT,296479.7277486439,5,1867,21,0,0,0
51609.019818711786,CASH_OUT,301468.033787769,1,140,19,0,1,0
20234.64739690411,CASH_OUT,453052.4446774881,1,1793,4,0,0,0
70298.8456786135,CASH_IN,233801.75725922248,2,1481,5,0,0,0
52305.03040168836,PAYMENT,34024.52750248197,1,1287,0,0,0,0
50729.00683197585,CASH_OUT,104764.70081125772,6,1967,21,0,0,0
40307.69837224188,TRANSFER,4036.5474089214536,5,742,14,0,0,0
572.75135552167,PAYMENT,388357.2625642025,6,66,1,0,0,0
59619.866877490414,PAYMENT,407799.7184403873,1,595,22,0,0,0
23583.59428934184,CASH_IN,498970.208142068,2,1846,17,0,0,0
142894.0078246994,CASH_OUT,206097.22452654716,0,924,12,0,0,0
85183.24600029811,TRANSFER,9649.187700796258,2,1158,1,1,0,0
44299.53128294072,CASH_OUT,117364.9407451861,3,368,7,0,0,0
14529.781090499862,TRANSFER,293884.4338316479,5,1243,23,0,0,0
11390.056128824419,CASH_OUT,480971.4835263682,3,694,4,0,0,0
20804.935070672724,CASH_IN,51789.275735397154,5,1745,21,0,0,0
32367.40221289937,TRANSFER,60786.510080371394,2,1806,22,0,0,0
17553.499059324255,PAYMENT,350879.4926394715,4,220,14,1,1,0
36173.05141425589,CASH_OUT,333603.5275107748,2,940,12,0,0,0
9038.363796516247,CASH_OUT,125253.17765591653,4,1867,22,0,0,0
190187.16659041867,CASH_OUT,406572.39550725947,1,85,20,0,0,1
5710.228517156314,TRANSFER,64389.3777387316,1,1167,16,0,0,0
134371.32176807502,PAYMENT,462870.9223883799,2,1079,3,0,0,0
122425.65689485836,TRANSFER,100515.96516621069,3,139,6,0,0,0
37259.98360792306,CASH_OUT,40676.1863615025,3,989,1,0,0,0
64532.897515113465,CASH_OUT,169761.0432369273,3,1969,8,0,0,0
28639.333292705425,CASH_OUT,93920.64426727248,6,480,1,0,0,0
49717.2865264127,PAYMENT,263470.6125180165,2,182,16,0,0,0
20819.422869162634,TRANSFER,343423.26868586306,4,818,20,0,0,0
17916.60293730053,PAYMENT,245460.7892391456,3,703,17,0,0,0
43164.73151193541,PAYMENT,330303.66590548883,1,1041,5,0,1,0
34470.67538835162,CASH_OUT,182460.2571999922,2,1554,17,0,0,0
43319.86467796447,CASH_OUT,13961.298619319996,2,1667,21,0,0,0
16889.89643823475,PAYMENT,487032.0621125745,0,501,5,0,0,0
22860.91213269419,PAYMENT,409706.7522699977,0,1414,1,0,0,0
4381.3761909413615,TRANSFER,36709.41204231404,6,1590,1,0,0,0
2684.6175581758293,CASH_OUT,224588.19807816722,2,222,5,0,0,0
14615.111760824908,CASH_OUT,317509.5350359373,3,954,8,0,0,0
3857.383331328565,CASH_OUT,95297.13528631894,1,829,3,0,0,0
5478.172817869573,CASH_OUT,288994.30568138574,7,797,9,0,0,0
83813.19382716747,CASH_OUT,266824.30905884353,3,1420,19,0,0,0
1982.4724972561596,TRANSFER,104132.59426735238,2,926,1,0,0,0
53785.25280232734,CASH_OUT,70605.15463872663,2,1216,12,0,0,0
15911.033145110861,CASH_OUT,379481.1448093187,3,981,3,0,0,0
102609.09648705594,CASH_IN,161293.22307481687,4,301,10,0,0,0
33178.66985138537,TRANSFER,122020.26692112167,2,573,9,0,0,0
18233.660773651776,CASH_IN,368939.1764029943,4,1292,12,0,0,0
36453.11746419777,TRANSFER,368034.34601149097,3,1442,6,1,0,0
24059.94467420732,PAYMENT,138200.8281681146,4,1063,3,0,1,1
41540.1894723186,CASH_OUT,436284.23062592687,5,1011,21,0,0,0
6081.997041456109,PAYMENT,344125.0825361712,2,1928,4,0,0,0
290299.113076724,CASH_OUT,172882.10891076905,3,357,6,0,1,1
27717.622480168076,CASH_OUT,213744.82509232944,2,1644,10,1,0,0
21403.226075968498,CASH_IN,363354.8429653089,3,1841,2,0,1,0
61929.911641045364,TRANSFER,105791.916447746,2,374,12,0,0,0
22619.92811305391,CASH_IN,234380.39623761203,3,425,2,0,0,0
89570.26810519648,TRANSFER,326779.1711290498,4,119,4,0,0,0
30281.612918229894,TRANSFER,269749.2740043566,8,481,13,0,0,0
63569.491132069335,TRANSFER,304164.1729522466,1,1500,19,0,0,0
5683.817407481958,PAYMENT,273106.2497383898,3,1463,4,1,0,0
93578.8454192338,TRANSFER,99613.72189501005,3,473,16,0,0,0
66536.92570442088,CASH_IN,205102.6724863107,3,1895,13,0,0,0
11894.891775201499,CASH_OUT,265992.7477387728,2,1805,15,0,0,0
7849.41901651654,PAYMENT,390031.371172973,6,602,19,0,0,0
19011.243157151668,TRANSFER,326952.1185847713,1,428,5,0,0,0
186632.34333926125,CASH_OUT,213295.4725929674,3,34,22,0,0,0
14841.62885008036,TRANSFER,487199.91607957275,5,701,23,0,0,0
30451.99497232266,TRANSFER,53897.76083986258,5,1149,4,0,0,0
1524.0029478542438,CASH_OUT,103402.4342774842,3,947,17,0,0,0
25310.774137939916,CASH_OUT,170656.305015832,3,819,17,0,0,0
42352.229756939705,TRANSFER,114286.03849395507,3,1577,14,1,0,0
153013.12641144925,TRANSFER,312720.99840300565,4,861,18,0,0,0
36359.614189698215,TRANSFER,19775.364668127626,2,872,3,0,0,0
85492.56929478273,CASH_OUT,88718.39213670796,1,1397,5,0,0,0
39607.24824397387,CASH_OUT,146673.6188293022,6,776,20,0,0,0
2082.0025683098575,CASH_IN,341672.88753965823,3,650,20,0,0,0
18917.42606809478,CASH_IN,437932.441290564,5,1542,8,0,0,0
42847.9953126891,TRANSFER,399245.8852765272,4,1261,8,0,0,0
150384.13575521915,CASH_IN,91040.46662512743,3,557,18,0,0,1
97996.01767474598,PAYMENT,282702.8792205346,3,336,16,0,0,0
12961.573760632895,CASH_OUT,15011.322672343618,2,1780,19,0,0,0
12430.108846485658,CASH_OUT,155268.38767643058,2,1597,13,0,0,0
11230.541807133519,CASH_IN,402991.89741416334,2,1680,7,0,0,0
127873.15507331087,PAYMENT,228332.85687166976,2,1691,8,0,0,0
95752.70999218481,PAYMENT,74970.66113791728,2,978,20,0,1,0
74556.84660292303,CASH_IN,219276.69074415634,3,257,1,0,1,0
24939.50989889356,TRANSFER,99016.46273111414,5,1282,23,0,0,0
35097.35979816002,CASH_OUT,196595.7289319814,3,416,7,0,0,0
31212.0118191129,CASH_OUT,243916.73637392168,2,1424,21,0,0,0
14611.15888799261,CASH_OUT,174779.0562555142,5,1962,8,0,0,0
35162.708845251,CASH_OUT,468484.47521693044,4,1401,12,0,0,0
1548.5621777822842,TRANSFER,281265.14877819095,5,855,9,0,0,0
7067.256223445209,CASH_OUT,421446.33697344834,7,1610,23,1,0,0
108837.10736774196,CASH_OUT,380364.2735277901,3,53,12,1,0,0
69651.80519044271,TRANSFER,330583.1546338883,2,1066,4,0,0,0
27484.248895985897,TRANSFER,248444.37415129112,2,949,14,0,0,0
36402.49914363221,TRANSFER,1086.891890793751,4,546,19,0,0,0
23101.6845640313,TRANSFER,306733.8002760419,3,1646,6,0,0,0
67503.88222645875,PAYMENT,177978.72650124886,2,207,21,1,1,0
76667.19087530738,CASH_IN,58881.083400659394,3,489,11,0,1,1
72044.95983127385,CASH_OUT,222313.13180603884,9,404,19,0,1,1
64116.85194408303,CASH_OUT,367776.6611416524,1,1742,15,0,0,0
11439.494263208337,CASH_IN,480838.89734935196,5,431,1,0,0,0
20622.21877470037,TRANSFER,187052.445561041,7,318,9,0,0,0
31729.334142303633,PAYMENT,271361.64935248834,4,1239,8,0,0,0
20083.091843171253,CASH_OUT,425622.1916817925,1,956,19,0,1,0
70312.65086169577,PAYMENT,166999.7099750074,2,532,2,0,0,0
19975.657131214644,CASH_IN,71128.62248540769,3,1215,10,0,0,0
7438.464339050152,PAYMENT,140940.91561634454,9,891,9,0,0,0
25461.38273064401,CASH_OUT,449561.414904194,2,1917,12,0,0,0
195387.68853561586,CASH_IN,79696.55423091887,1,1511,21,0,0,0
12801.510193212476,PAYMENT,164610.53050339103,1,60,1,0,0,0
47357.94688947284,PAYMENT,232320.1552501703,1,896,15,0,0,0
28367.422261852582,CASH_OUT,423556.61174546,1,1132,7,0,0,0
3683.649289049014,PAYMENT,468856.6418264873,7,1336,19,0,1,0
33459.48395346832,CASH_OUT,212905.15481662742,2,216,9,0,0,0
60560.669149598514,CASH_OUT,465977.0241767578,2,568,22,0,0,0
35997.1476844904,TRANSFER,80729.54742887728,3,1428,16,0,0,0
102827.69907902529,CASH_OUT,78426.14594818519,2,414,17,0,0,0
17049.713446784568,PAYMENT,474625.40981739893,5,1129,19,0,1,0
4509.868050043729,PAYMENT,254840.0667641656,2,737,20,0,0,0
137887.45808578288,CASH_OUT,92953.91767697697,3,436,9,0,0,0
23756.545528065126,PAYMENT,243995.1852877809,2,1819,23,0,0,0
42948.93853776916,CASH_IN,391605.57768952573,2,895,1,0,0,0
78511.61144329295,CASH_OUT,413460.18286176183,4,849,1,0,0,0
19601.31552181729,TRANSFER,431984.6283246211,2,982,9,0,0,0
62968.028424749,TRANSFER,284785.45154370926,2,628,20,1,0,0
7275.505438246313,TRANSFER,433473.00718394015,8,152,1,0,0,0
17215.70751487098,CASH_OUT,255015.10440162732,4,1521,13,0,0,0
7815.771501756118,TRANSFER,303529.9511955387,4,1244,18,0,0,0
83361.44471551091,CASH_OUT,379359.90113582264,4,284,8,0,0,0
12593.179788296116,CASH_IN,212717.64635525426,2,241,15,0,0,0
63186.769493127584,PAYMENT,36790.743569387385,6,1786,21,1,0,0
143497.64006877504,TRANSFER,175083.1784288488,1,874,23,0,0,0
37514.69009547002,TRANSFER,311972.10839798016,5,313,2,0,0,0
38829.6126474518,TRANSFER,96166.18481973844,2,309,23,0,0,0
30905.099424356475,TRANSFER,74192.68174982003,0,795,10,0,0,0
19718.10946770099,TRANSFER,146540.2722957188,1,1331,22,0,0,0
32280.273667044963,TRANSFER,16055.731138910678,4,499,11,0,0,0
46166.71552008506,CASH_OUT,371711.4490434599,2,1221,6,0,0,0
213404.80713394046,CASH_OUT,129357.8010941694,2,1256,20,0,0,0
138841.53278113517,TRANSFER,62119.198318299765,4,1957,4,0,0,0
99080.53009878127,PAYMENT,349564.7079817176,1,1149,19,0,0,0
109970.08835191718,CASH_OUT,421464.0062716439,2,757,1,0,0,0
31541.416988182704,CASH_OUT,9937.797930889225,4,1833,20,0,0,0
53566.05430512253,CASH_OUT,116799.88537061242,2,974,3,1,0,0
112721.52936740324,CASH_IN,472616.1624347917,3,645,16,0,0,0
24957.268958571898,PAYMENT,192627.06796638764,3,1714,17,0,0,0
163196.9001594335,TRANSFER,469296.03169096564,4,1437,1,0,1,1
26874.401558190224,CASH_IN,137106.2691853387,3,1888,8,0,0,0
45950.05324969715,TRANSFER,109033.81778596599,3,708,17,0,0,0
61860.059006314325,CASH_IN,107054.20586399794,2,1162,11,1,0,0
150382.1594616055,CASH_OUT,42614.33021246913,3,859,9,0,0,0
14026.470627906105,CASH_OUT,448216.1442545628,4,1391,6,0,0,0
68546.84036600083,PAYMENT,489917.51131645055,3,1111,2,0,0,0
36783.48790261332,TRANSFER,477254.4036358189,3,987,17,0,0,0
15636.808794348586,PAYMENT,426014.069913637,2,1251,23,0,1,0
74941.10048151904,TRANSFER,423443.9538254876,4,1985,1,0,0,0
40172.91653990686,PAYMENT,330542.7335844938,4,1738,2,0,0,0
54083.89746806027,CASH_OUT,413106.85597530677,5,669,14,0,0,0
19496.894233014846,CASH_OUT,104171.18217152388,3,364,8,0,0,0
32818.96903504953,CASH_IN,193956.31519356425,4,1550,2,1,0,0
48032.28275628031,CASH_IN,320418.146647374,2,1034,5,0,0,0
25952.199634286637,CASH_IN,437385.66628079815,0,812,10,0,0,0
11055.564628063197,PAYMENT,330234.7311843918,2,1371,1,1,0,1
163037.64315645662,PAYMENT,419510.97916710295,3,1219,16,0,0,0
35817.46807414849,TRANSFER,236974.75792464873,2,1040,2,0,0,0
66197.9827589487,CASH_OUT,358651.86885252217,3,605,6,0,0,0
26470.461171183564,CASH_OUT,489990.4031875433,8,649,9,0,0,0
21935.463418331954,CASH_OUT,76744.27856487887,4,1434,18,0,0,0
26141.89907779208,CASH_IN,463460.34615794494,1,1681,2,0,0,0
26313.60237724619,CASH_OUT,261181.9739209514,3,1809,22,0,0,0
39282.87692990296,CASH_IN,321609.015365029,5,1397,22,1,0,0
39205.02894468796,TRANSFER,438934.50345525634,4,1764,19,1,0,0
34373.5476315835,PAYMENT,204827.0862761585,8,934,0,0,0,0
7238.907760777274,CASH_OUT,209346.28744502531,1,744,9,0,0,0
34266.43905276909,CASH_OUT,263590.91817355016,2,996,12,0,0,0
9262.526126704986,CASH_IN,9551.04224842529,3,1974,7,0,0,0
6741.513864548951,CASH_OUT,248333.0904716754,4,619,23,0,0,0
134889.4395021494,CASH_OUT,145543.63249711515,2,1457,21,0,0,0
46437.14865472548,CASH_OUT,463977.0911958907,3,569,14,1,0,0
53865.547797341016,CASH_OUT,43867.64937651566,3,1870,0,0,1,0
25690.977582715608,CASH_OUT,229660.23100990092,2,1283,11,0,0,0
119834.29077751233,PAYMENT,473734.08518868044,3,831,2,0,1,0
50795.95339268406,TRANSFER,450517.62515923876,1,535,5,0,0,0
73303.66024387255,TRANSFER,350674.2211872751,0,230,9,0,0,0
22987.813187187443,CASH_OUT,294680.52599803737,2,1049,5,1,0,0
160958.6444732828,PAYMENT,140365.46856642008,2,1073,16,0,0,0
85868.22202948004,PAYMENT,183478.5563762274,5,1160,6,0,0,0
96189.78632550595,CASH_OUT,45067.43237706362,2,785,13,0,0,0
9448.838730995656,TRANSFER,393054.14887911885,6,1923,1,0,0,0
15801.553946727787,CASH_OUT,161934.88395190585,1,1788,23,0,0,0
16817.474185633368,PAYMENT,333890.94951510365,3,498,13,0,1,0
15797.851621531752,PAYMENT,178797.38859930672,4,51,5,1,0,1
96692.02084691792,CASH_IN,232165.22069813134,3,1258,0,0,0,0
1620.2092786403207,CASH_OUT,277501.2361881975,2,1993,17,0,0,0
3957.571318928897,TRANSFER,400926.2041953018,0,1100,5,0,0,0
16004.400647300043,CASH_OUT,105578.1887703402,3,54,17,0,0,0
11149.239111524617,TRANSFER,199382.69341492822,2,1203,3,0,0,0
13189.138405797765,TRANSFER,65040.785945908785,3,1667,13,0,0,0
79960.3189900781,CASH_OUT,37880.25246062965,2,1370,2,0,1,0
41405.59071972652,PAYMENT,302337.17808439594,1,1745,13,0,0,0
289.36879463638377,TRANSFER,94545.52217945133,3,1172,4,0,0,0
28046.57465391511,PAYMENT,29899.670963049408,2,1201,13,0,0,0
26202.71413335992,CASH_OUT,448548.96560320276,2,237,18,0,0,0
6048.827882447572,CASH_IN,267157.2098926979,5,1042,7,0,0,0
56372.47390566544,CASH_IN,67314.10370149232,4,49,4,0,0,0
60549.399058606454,CASH_IN,26713.063723774856,3,646,9,1,1,0
63808.04214851945,PAYMENT,59930.02670682807,4,1671,12,0,1,0
65184.30654083177,PAYMENT,235668.62016030704,2,387,5,0,0,0
2.6414163844166065,TRANSFER,334232.6275844489,3,714,21,0,0,0
153869.68536684924,CASH_OUT,320640.0374930228,2,66,19,0,0,1
84156.58195775941,PAYMENT,72211.54313224925,0,172,9,0,0,0
117160.82225797155,PAYMENT,316744.4759188544,0,873,12,0,0,0
788.347142499752,CASH_IN,202432.8121087997,4,1190,19,0,0,0
135798.1682272318,TRANSFER,232371.89214973254,1,642,9,0,0,0
82980.94094249576,CASH_OUT,400715.2031226586,2,201,0,0,0,0
90767.5209034417,PAYMENT,166249.6863398192,1,1708,21,0,0,0
4896.4865514422745,CASH_IN,73499.52358167688,3,585,3,0,0,0
67119.23845927729,CASH_OUT,436726.5667831702,3,1685,12,0,0,0
160839.76159279997,TRANSFER,106065.28793316899,2,659,5,0,0,1
56745.249891825755,TRANSFER,147014.93527732135,6,883,7,0,1,0
42263.82577363799,CASH_OUT,353295.0294513112,5,425,8,0,0,0
145596.84104208165,CASH_OUT,341775.1585288036,2,952,8,1,1,0
29253.85790276509,TRANSFER,400200.0106419143,5,944,13,0,0,0
45726.310267167646,CASH_IN,91933.32072397054,2,1292,0,0,0,0
32345.47007105441,CASH_OUT,176139.94665710165,5,182,4,0,0,0
135038.50429849283,TRANSFER,62941.61947813054,7,231,22,0,1,0
3956.7453589210195,PAYMENT,270519.5735843021,5,790,16,0,0,0
34769.45467101451,CASH_IN,146285.2962693506,4,989,5,0,0,0
58070.00777644524,CASH_IN,344467.8205042814,3,905,16,0,0,0
78488.39828464313,TRANSFER,172.18399227053592,3,937,21,0,1,0
43735.688813733665,CASH_IN,29841.499229789624,2,1103,22,0,1,0
119799.61349966722,CASH_OUT,216280.15025967167,1,794,4,0,0,0
142358.2405894265,PAYMENT,479092.0779877842,3,1893,1,0,0,0
3324.0455547980696,PAYMENT,445425.69367959147,3,168,17,1,0,0
25739.217421121648,CASH_OUT,497004.5140309916,3,1924,5,0,0,0
1186.928255131191,TRANSFER,208415.11243202243,1,368,13,0,0,0
19980.364238353923,CASH_OUT,23284.24313687577,2,1332,21,0,0,0
38487.18194904649,CASH_IN,152978.0710098812,1,1141,0,0,0,0
120840.87040814957,TRANSFER,337885.4260869757,1,684,10,0,0,0
93720.43334361457,PAYMENT,67581.90488370763,2,1628,9,0,0,0
6819.615581783675,CASH_OUT,149986.0893800005,4,689,14,0,0,0
4882.3159334007705,CASH_OUT,28083.08227242934,3,1398,8,0,0,0
44490.63676941362,CASH_IN,237483.51919511711,4,1301,6,0,0,0
37976.95463724236,PAYMENT,104460.33884754397,7,1003,11,0,0,0
15488.044031406434,CASH_IN,45624.01344950118,4,1575,7,0,0,0
114856.5420024942,CASH_OUT,205607.90474123953,3,1677,9,0,0,0
131116.38922808287,CASH_OUT,175612.70218707746,2,271,1,0,0,0
25759.37601267363,TRANSFER,268758.86847274617,5,474,21,0,0,0
110501.46110160367,TRANSFER,374519.32765681954,3,506,13,0,0,0
24221.26775155586,CASH_OUT,56284.36821325261,1,1996,8,1,0,0
66745.25161483274,PAYMENT,395562.7951050043,2,403,0,0,0,0
32307.66644425504,TRANSFER,13144.989937590057,2,1614,15,0,0,0
6538.654669148859,CASH_OUT,221550.9512479239,1,78,4,0,0,0
131508.78527922806,TRANSFER,293715.14344294096,5,1047,7,0,0,0
30265.66149178444,TRANSFER,478499.3365698988,1,1385,19,0,0,0
66304.58135732159,PAYMENT,286961.5134348248,2,1598,0,0,0,0
22877.974145165917,TRANSFER,79374.5966356943,1,1652,22,0,0,0
953.0699111048096,TRANSFER,258770.90267195457,2,875,16,0,0,0
5297.498839564118,CASH_OUT,197891.97359570808,2,1332,6,0,0,0
34280.7290468021,CASH_IN,239677.78380012183,0,210,10,0,0,0
58553.40055502805,CASH_IN,98548.50732954362,4,322,6,0,0,0
20378.515618268975,PAYMENT,250413.5211556359,3,819,6,0,0,0
59452.3145827995,CASH_OUT,75019.88214543842,8,1274,20,0,0,0
59971.75400798886,TRANSFER,372021.5403454349,6,1537,3,0,0,0
60858.96593996465,PAYMENT,296953.13011279894,4,671,19,0,0,0
33915.0815551385,CASH_IN,39263.84579589165,2,945,0,0,0,0
123188.27541832121,CASH_IN,444807.2339644899,5,1058,14,0,0,0
33588.51690255056,CASH_IN,308189.8023078192,4,504,1,0,0,0
29915.964351541963,CASH_OUT,158053.5275639157,3,1824,22,0,0,0
11118.493722132163,CASH_IN,22821.199763655153,4,1903,23,1,0,0
18383.5509431483,PAYMENT,316113.34788581653,3,1770,23,0,0,0
2162.835954902101,PAYMENT,186720.13067416844,1,1523,8,0,0,0
50192.65306908135,TRANSFER,453809.0524392438,4,1258,22,0,0,0
14286.581718142816,TRANSFER,17438.916357087273,3,1833,13,1,0,0
18131.435516013775,TRANSFER,19551.217671121667,4,1469,15,0,0,0
73661.18270977675,CASH_OUT,474649.6434534677,3,471,16,0,0,0
19816.932794925706,TRANSFER,482436.97283975314,3,611,23,0,0,0
13866.51797371376,CASH_IN,13871.1133863193,1,1093,6,0,1,0
9259.749004192123,CASH_OUT,358016.61747066374,0,386,1,0,0,0
74551.28755415215,CASH_OUT,110747.42616442023,4,1187,5,0,0,0
6946.224491249249,CASH_OUT,350696.3831430363,3,1628,2,0,0,0
30234.270817476892,TRANSFER,434366.39832899184,1,1974,20,0,1,0
35355.2181303225,CASH_IN,50415.7394311377,3,1144,5,0,0,0
58139.92962178942,CASH_OUT,119383.20838102102,3,226,5,0,0,0
50158.308041574426,CASH_OUT,12038.834163247413,5,1302,7,0,0,0
83226.57170238828,CASH_IN,21914.9227222204,2,368,7,0,1,0
2289.184687836961,CASH_IN,14808.929108887092,4,1359,8,0,0,0
17580.157418929142,CASH_OUT,400341.1782132072,1,1477,14,1,0,0
16434.51802002478,PAYMENT,149146.33921538835,3,1566,16,0,0,0
7892.194058240426,PAYMENT,246605.71978599456,4,715,3,0,0,0
17066.679463520843,PAYMENT,393922.13179850817,3,870,0,0,0,0
18536.180739472948,TRANSFER,247471.83135335904,2,964,5,0,0,0
36895.14321246983,CASH_IN,214598.03131229803,1,1191,18,0,1,0
54488.248928548855,CASH_OUT,5786.603244729405,6,654,4,0,0,0
23990.620005784123,CASH_OUT,284019.7512683781,2,1800,10,0,0,0
63553.77162127295,TRANSFER,62371.5390685432,4,334,9,0,0,0
20486.10821986137,TRANSFER,382324.12039551314,3,1067,8,0,0,0
17144.496715004938,CASH_IN,128868.8619075098,4,75,15,0,0,0
38955.743031212594,TRANSFER,337093.70540432754,2,1605,18,0,1,0
1200.106017422659,CASH_OUT,323111.7639123397,3,1014,17,0,0,0
4157.621088156722,TRANSFER,308337.80146501004,2,143,23,0,0,0
27061.625100627796,TRANSFER,133476.0037685963,8,1200,12,0,0,0
143158.690171042,CASH_IN,133544.88858778408,4,271,6,0,0,0
63918.97589861414,TRANSFER,431524.0217206649,3,1582,16,0,0,0
4612.704044303475,PAYMENT,6403.666315213496,3,1263,8,0,1,0
93643.49148578786,PAYMENT,90761.31672697896,5,971,9,0,0,0
65894.56035429882,PAYMENT,305085.45882099256,0,261,19,0,0,0
47201.92393756331,PAYMENT,408523.1272015849,2,1423,21,0,0,0
85821.36564723575,CASH_OUT,179172.75433642932,4,486,12,0,0,0
25884.946859860014,CASH_IN,326721.72930540005,3,222,22,0,0,0
12519.381877668942,PAYMENT,278578.20981011813,2,99,23,0,0,0
35874.390138957664,PAYMENT,32270.0522410177,0,1347,15,0,1,0
39796.85632529736,CASH_IN,310875.09846533905,2,899,3,1,0,0
38644.85352317996,PAYMENT,406951.73613624676,2,900,9,0,0,0
41628.944893482265,PAYMENT,496224.16014970466,3,922,0,0,0,0
148508.02017551125,CASH_IN,14820.03632586143,4,174,7,0,0,0
116264.86523049789,CASH_OUT,330029.086291934,4,614,19,0,0,0
104259.71749333052,TRANSFER,207274.77657398107,3,154,20,0,0,0
80827.35890132374,TRANSFER,4893.944353102642,2,1832,17,0,0,0
143612.1505955029,TRANSFER,307180.47185425565,5,1874,4,0,0,0
5184.464628659139,PAYMENT,61213.64927781775,4,405,10,0,0,0
15402.624824011316,PAYMENT,189283.42509456832,2,1199,18,0,0,0
34165.381965907254,PAYMENT,130683.54624420115,1,1930,8,0,0,0
93713.97240539128,CASH_IN,180581.70113554967,2,1291,14,0,0,0
35176.61716073397,CASH_OUT,246347.79075047481,3,770,4,0,0,0
68923.20277518184,PAYMENT,179604.76624475725,3,1188,4,0,0,0
7480.710399174813,TRANSFER,276365.9352947696,3,1472,22,0,1,0
14545.283999903302,TRANSFER,119324.84511642688,7,201,11,0,0,0
65796.65905008122,CASH_OUT,317680.8837141908,2,868,8,0,0,0
9000.252631400008,CASH_IN,426881.5020624267,1,324,4,0,0,0
21643.557412379403,TRANSFER,112033.52345760619,3,552,9,0,0,0
15385.141708199984,PAYMENT,253938.60792781124,1,1178,22,0,0,0
21528.50803036219,TRANSFER,324344.89227494434,3,295,5,0,0,0
61605.5925033289,CASH_OUT,282313.06560670806,1,1181,9,0,1,0
22931.2056037715,TRANSFER,182824.72309611298,2,1407,5,0,0,0
40513.645407923774,TRANSFER,321099.85400287417,2,1909,19,1,0,0
5264.241318028318,CASH_IN,14123.103105038115,4,1129,9,0,0,0
81742.3229535785,CASH_OUT,184953.1159982165,2,422,8,0,0,0
23092.934526780686,CASH_IN,266306.1073205016,2,1011,2,0,0,0
52282.13766014843,CASH_IN,10306.579417932338,4,387,10,0,0,0
64620.09595734153,CASH_IN,253824.4148421499,4,1675,10,0,0,0
11764.660654478937,TRANSFER,327127.2303828142,4,765,3,0,0,0
108000.04595332753,CASH_IN,379603.8488565225,4,37,16,0,0,0
47884.844277095995,TRANSFER,56687.0407047152,4,717,8,1,0,0
27994.241109349216,CASH_OUT,495282.43744584743,1,50,5,0,0,0
10065.13931147411,CASH_OUT,303083.8506675478,3,237,10,0,0,0
142625.71801935692,CASH_IN,181596.896306165,3,126,18,0,0,0
70338.77457021011,CASH_OUT,124546.4272283569,0,886,17,0,0,0
11661.245060036163,TRANSFER,286448.4308417073,3,784,7,0,0,0
20602.64611347535,CASH_OUT,440855.8235832854,4,644,21,0,0,0
82950.91218328505,CASH_OUT,260282.69807068238,3,291,13,0,0,0
59483.3910472898,CASH_OUT,330736.02780248015,4,1112,18,0,0,0
72575.63811219575,CASH_IN,178848.2197702801,4,564,15,0,0,0
29098.281203268183,TRANSFER,194076.1440444863,4,1382,2,0,0,0
63022.97148311014,CASH_IN,143087.552885946,1,641,12,0,0,0
24428.2391601426,PAYMENT,352818.64718411985,5,1512,23,1,1,1
11866.112086381,CASH_IN,179593.77670828253,2,659,16,0,0,0
50075.6901928339,TRANSFER,95358.20202061962,7,1984,18,0,0,0
186514.0925158879,PAYMENT,184700.28558311897,1,425,4,0,0,0
18596.751697246957,TRANSFER,426913.6039163781,2,768,20,0,0,0
30899.16472371617,TRANSFER,369126.0217884617,2,214,15,0,0,0
56043.10516800104,PAYMENT,167320.42223178194,1,698,13,0,0,0
38990.434442309815,PAYMENT,453404.48241835117,3,754,23,0,0,0
92711.9003064378,PAYMENT,37416.31755873348,5,352,21,0,0,0
71720.20619933815,PAYMENT,24876.89570682161,1,1626,18,0,0,0
3003.277861296218,CASH_OUT,63735.17739262064,4,794,19,0,1,0
322555.58507343853,PAYMENT,58227.37792930155,4,1626,3,0,0,0
69797.53241174019,CASH_OUT,43917.15750617025,3,1427,5,0,0,0
99719.48681102543,TRANSFER,330671.3059989962,3,245,8,1,0,0
52662.50138045765,PAYMENT,300421.1898277119,1,1083,7,0,0,0
96996.19990943033,CASH_IN,323802.75529085734,2,1308,11,0,0,0
5960.745354498701,CASH_OUT,344183.027081015,4,1336,10,0,0,0
21365.43525863272,CASH_OUT,378439.87624033995,1,1530,6,0,0,0
104543.70974772704,CASH_OUT,103588.46374320518,5,1433,21,0,0,0
11260.735438220578,TRANSFER,311151.7566173999,5,571,7,0,1,0
4073.633485522652,PAYMENT,290024.32966818666,2,897,9,0,0,0
77586.50996139938,PAYMENT,471830.0129017369,1,1236,2,0,0,0
90238.027604743,PAYMENT,116183.86211982429,5,1204,5,0,0,0
8875.789243228648,CASH_IN,29361.4671871657,1,1346,10,0,0,0
96326.06073253,TRANSFER,326747.5348572716,0,951,3,0,0,0
58040.52481938318,CASH_OUT,370086.4201183559,1,783,11,1,0,0
36707.072330965326,CASH_OUT,141598.00290377534,7,961,2,0,0,0
88671.48241111194,CASH_IN,285424.2154698345,2,249,20,0,0,0
27171.680736314112,PAYMENT,29768.032767075292,2,1628,23,0,0,0
10783.201901074239,PAYMENT,480022.42058414454,5,962,22,0,0,0
16763.335540719625,TRANSFER,54962.48664958431,2,464,9,0,0,0
35176.446070476064,TRANSFER,33785.268075997854,6,865,6,0,0,0
37892.903712779356,CASH_IN,22055.079747309526,4,378,1,0,0,0
81886.93812009186,CASH_OUT,213635.95325167634,4,1545,11,0,0,0
78355.50628596863,PAYMENT,48579.87172859501,3,1771,13,0,0,0
43537.979007567046,TRANSFER,372324.1204777876,4,393,6,1,0,0
75885.2250289314,CASH_OUT,449437.08031320287,5,1756,16,0,0,0
10645.644317969796,PAYMENT,130109.46616242852,1,522,14,0,0,0
2568.060997526933,TRANSFER,314386.5596256994,3,1346,21,0,0,0
103428.57086058441,PAYMENT,21169.223505908885,2,1662,22,0,0,0
3928.058696491731,PAYMENT,193282.2358463977,0,656,17,0,0,0
14163.818242095796,TRANSFER,146471.05671386418,0,1564,23,1,0,0
59424.4893005998,PAYMENT,114309.54822017941,2,572,23,0,0,0
26334.87403194855,TRANSFER,322361.7448143495,2,1771,21,0,0,0
104500.44698985825,CASH_OUT,65113.97317926815,4,1206,22,0,0,0
17689.654641907775,PAYMENT,430355.26164849417,3,486,20,0,0,0
597.1186894962667,TRANSFER,332417.95318436733,2,1206,4,0,1,0
17880.60061113005,CASH_OUT,355367.589344029,2,390,10,0,1,0
43146.39112160237,CASH_IN,467672.1543288341,5,715,7,0,0,0
23575.307906119,TRANSFER,471186.43575125735,3,1014,13,0,0,0
38272.2133649392,CASH_IN,275826.1619096179,1,315,1,0,0,0
104615.4461589125,CASH_IN,247689.90864299022,3,433,19,0,0,0
121797.28457044707,TRANSFER,167690.80411345506,2,308,6,0,0,0
15460.54583665794,TRANSFER,357785.8051012341,3,156,7,0,0,0
31007.89278228816,TRANSFER,269104.4434899065,3,414,3,0,0,0
39830.36573673652,TRANSFER,466437.5398700623,2,172,9,0,0,0
148906.85589780463,CASH_IN,119312.97435630267,2,1074,13,0,1,0
329186.5514891703,PAYMENT,155126.34312524536,2,315,21,0,0,0
13420.596916588172,CASH_OUT,158045.22370998436,4,284,14,0,1,0
64910.487759059455,PAYMENT,402999.22727835353,2,552,9,0,0,0
23743.256338581465,CASH_IN,49520.165921076165,3,143,15,0,0,0
407.06235437577806,TRANSFER,227824.56049448985,1,1271,2,0,0,0
464.7796450554546,PAYMENT,213790.36848652366,3,1979,22,0,0,0
30861.742564112275,PAYMENT,36569.810506879294,5,678,1,0,1,0
33504.249746930174,TRANSFER,205398.49927217356,2,610,0,0,0,0
1141.4145253519346,TRANSFER,256688.99164199067,1,1612,10,0,0,0
58066.011001788596,PAYMENT,32552.34625245662,3,1292,15,0,0,0
17407.24206049895,TRANSFER,254931.0642223337,3,1727,11,0,0,0
41036.8815261499,TRANSFER,479618.95234170055,5,574,4,0,0,0
17899.438414649223,PAYMENT,489457.16158076614,4,1535,19,0,0,0
9144.144607817136,PAYMENT,265839.8892949056,2,1943,20,0,0,0
26142.695268615913,CASH_OUT,257548.4663014795,3,94,14,1,0,0
13216.077646755226,CASH_OUT,142754.08320819572,3,1232,16,0,0,0
38264.49791690222,CASH_OUT,498557.7358560508,3,492,7,0,0,0
11084.01426342196,TRANSFER,137114.585512613,2,444,18,0,0,0
35505.10294500086,TRANSFER,226450.65021997818,4,408,22,0,0,0
8561.871557476012,TRANSFER,1467.028901338263,3,341,18,0,0,0
55581.03301536515,CASH_OUT,174616.14545456844,4,1257,11,0,0,0
70108.52299249542,TRANSFER,35720.150304411945,5,1508,20,0,0,0
5848.843711151255,TRANSFER,371912.38519256614,3,1098,6,0,1,0
31537.02263248783,TRANSFER,280507.2265149661,3,574,5,0,0,0
3675.4222459517787,TRANSFER,286085.93864382827,1,1159,1,0,0,0
45587.856900680425,CASH_OUT,143255.6429498515,3,1021,2,0,0,0
15353.731451138605,CASH_IN,407448.1451264868,4,1616,8,0,0,0
37499.04837306216,CASH_OUT,1635.462665625087,8,1556,10,0,0,0
36434.677595088884,PAYMENT,166800.58958209603,4,1698,21,0,0,0
129084.76458686154,CASH_IN,329748.7452294339,3,1347,17,0,0,0
39823.62427421189,TRANSFER,453961.2687084605,5,1698,15,0,0,0
43733.27057152732,CASH_IN,117307.97846261653,5,85,20,0,0,0
25679.231797474178,CASH_OUT,270550.02586370904,1,878,9,0,0,0
148874.58561849868,TRANSFER,268995.71026666055,1,996,15,1,0,0
75070.87649195224,TRANSFER,437087.1845218499,4,630,8,0,0,0
16801.986829340804,CASH_OUT,25258.444779921174,5,1974,19,0,0,0
92962.18368007682,TRANSFER,212237.78053535364,1,480,1,0,0,0
28316.59605380123,TRANSFER,91232.83739596578,6,1361,17,0,1,0
88207.35427344793,PAYMENT,10766.300149299024,5,1345,15,0,0,0
86548.66818776449,CASH_IN,73515.47026024142,2,1429,19,0,0,0
10466.358601601654,CASH_OUT,488235.3364240996,4,1529,22,0,0,0
60389.19141700845,TRANSFER,107424.25476013395,2,692,13,0,0,0
17169.815490711117,TRANSFER,467515.38666789996,3,933,20,0,0,0
17654.972182726702,TRANSFER,102627.17131547083,3,956,22,0,0,0
17573.573624040386,PAYMENT,465647.61369224224,1,1884,11,0,0,0
64652.63369677862,TRANSFER,327310.4676001572,5,562,3,0,0,0
13056.943495023905,CASH_OUT,56609.28875096338,3,1802,16,1,0,0
45.3122881381229,PAYMENT,290957.57756328885,2,1664,19,0,1,0
62804.87545453369,CASH_IN,159257.01877013932,5,1030,20,0,0,0
9387.900005574791,TRANSFER,191576.5779890351,0,902,21,0,0,0
5517.669930510644,TRANSFER,220085.47891748653,1,1671,19,1,0,0
13558.69562433812,CASH_OUT,211353.51126516727,3,1431,6,0,0,0
23893.768297338782,CASH_OUT,332054.4452415145,3,1871,3,0,0,0
32304.242313670955,CASH_OUT,384184.03429538157,3,1557,14,0,0,0
2279.691033528055,TRANSFER,164588.84460056067,4,954,13,0,0,0
176292.69811353946,CASH_IN,462181.9808428449,2,1881,19,0,0,0
62950.15422768836,TRANSFER,469233.15700943826,4,329,21,0,0,0
19518.535099987545,CASH_OUT,20345.2185755717,6,246,0,0,0,0
19187.4257751498,CASH_OUT,7454.394441509249,4,799,8,0,0,0
29759.52976691583,TRANSFER,212533.1650755305,2,137,21,0,0,0
49207.71511170693,PAYMENT,295322.62549382925,1,390,3,0,0,0
7913.051338077267,TRANSFER,138952.3737260308,1,383,19,1,0,0
10470.034289072015,TRANSFER,129706.87554288718,3,1196,8,0,0,0
98104.11479797093,TRANSFER,339166.9148545953,4,772,8,0,0,0
14802.847124963386,CASH_OUT,300852.1423277849,4,1988,21,1,1,0
23917.518163786637,CASH_OUT,83573.43749655482,2,1477,11,0,0,0
102502.62349795578,CASH_OUT,442250.4816325794,3,1228,15,0,0,0
54405.55538889898,CASH_OUT,339988.03508053493,3,1257,4,0,0,0
20905.628507723814,CASH_OUT,181288.12458450417,2,529,16,1,0,0
57553.135622737405,TRANSFER,341812.344995575,2,337,5,0,0,0
993.9754970308234,PAYMENT,56326.54338390797,3,1909,8,0,0,0
66522.67652550581,PAYMENT,234128.06228702803,8,1699,10,0,0,0
33375.53511815343,PAYMENT,84492.20477977964,7,1763,1,0,0,0
83881.05932358558,CASH_IN,20715.623064218315,3,1229,23,0,0,0
154653.64286882474,CASH_OUT,169163.13514414988,3,1751,6,0,0,0
130041.84106173087,CASH_IN,75367.74174039162,4,130,16,0,0,0
119990.6293840578,TRANSFER,316758.97847691237,3,1271,10,0,0,0
35889.41020727605,TRANSFER,337033.9470088551,3,1696,21,1,0,0
22325.45903140019,TRANSFER,74346.15311330167,2,381,23,0,0,0
31277.728090000594,CASH_OUT,12306.502801713137,2,203,9,0,0,0
58542.37822893922,CASH_IN,396405.2808175802,5,175,0,0,0,0
107707.2961577927,CASH_OUT,1028.5103642811432,3,1237,18,0,0,0
11595.73925566257,TRANSFER,171956.54459189434,0,1913,0,0,0,0
125169.72007416766,TRANSFER,247291.6490228349,3,1470,19,0,0,0
84418.70778177567,CASH_OUT,409321.0942692164,3,174,19,0,0,0
192819.99097655396,CASH_OUT,419279.32137307036,1,1853,5,0,0,1
106118.19254992798,CASH_OUT,362469.72030522773,4,105,15,0,0,0
16420.851433270265,CASH_OUT,123598.81126994893,3,898,11,0,0,0
5600.009442732811,CASH_IN,360093.4671595854,5,754,10,0,0,0
5952.7525157325335,TRANSFER,123269.59893847084,3,415,21,0,0,0
17210.73894519109,CASH_OUT,107304.09586585082,4,1207,17,0,0,0
47619.69958491544,PAYMENT,273563.9771152662,4,196,22,0,0,0
81563.81367632672,CASH_IN,339427.2219170313,3,476,6,0,0,0
114755.80625617041,CASH_OUT,26525.882955840298,1,430,21,0,0,0
48875.5228980395,CASH_OUT,30011.300562304223,5,145,13,0,0,0
282.3614184183999,CASH_IN,392085.3434083949,2,1153,12,0,0,0
10309.20745321564,CASH_OUT,429748.6254827399,1,63,19,0,0,0
5252.817199100946,TRANSFER,302220.458170947,1,1584,7,0,0,0
22574.75669937599,CASH_OUT,214414.00485344298,1,1883,13,0,0,0
34792.641239194294,CASH_IN,422658.23979959294,8,445,17,0,0,0
2218.3499156869298,CASH_IN,364408.51638766506,4,847,3,0,0,0
21422.203880486974,PAYMENT,289797.0992156343,2,627,22,0,0,0
9872.55209944241,TRANSFER,159878.5609743817,5,1551,22,0,0,0
52074.30065390326,TRANSFER,98997.53082840813,4,842,3,0,0,0
31206.46993943461,CASH_OUT,209336.51963575784,4,772,8,1,0,0
34191.302572110086,CASH_IN,143411.2879801058,2,407,1,0,0,0
27903.880030544966,CASH_IN,169629.29386723047,2,111,13,0,0,0
156200.68555171185,TRANSFER,257815.52765601623,0,912,11,1,0,1
12086.70989429117,PAYMENT,84546.97847580489,0,1909,21,0,0,0
36352.187630733075,CASH_OUT,403088.34003691276,4,798,18,0,0,0
66593.59836313328,TRANSFER,72764.73085738372,9,1542,17,0,0,0
40691.717935579785,PAYMENT,240496.8197104762,4,1375,11,0,0,0
132268.48051206034,TRANSFER,372985.6690402183,6,1221,0,0,1,0
23738.215618113558,TRANSFER,242510.35384479814,2,181,9,0,0,0
31150.823038894792,CASH_OUT,180511.03179431937,2,773,23,1,1,1
4634.408351118956,PAYMENT,237445.65291137548,2,1617,1,1,0,0
46952.27227374381,CASH_IN,424335.34943707025,3,31,13,0,0,0
16998.75601943317,CASH_IN,495215.8491419788,5,1754,19,0,0,0
8736.067951166357,PAYMENT,315571.64464471774,3,1976,15,0,0,0
39321.413238087596,TRANSFER,396722.0213243504,2,1759,18,0,0,0
37997.507942846656,CASH_OUT,7244.343079644334,3,1396,13,0,0,0
3945.2150282127445,CASH_IN,440182.20476228633,0,1982,23,0,0,0
59902.0969190546,TRANSFER,477024.8799639591,2,1983,13,0,0,0
48878.02215661889,PAYMENT,287584.67087878525,3,987,22,0,0,0
10475.426775435533,PAYMENT,376902.4310301099,5,1853,3,0,0,0
31690.627135256662,PAYMENT,256372.37148003743,1,1824,10,0,0,0
63705.98072409044,CASH_OUT,143101.87022779486,1,596,21,1,0,0
37691.13761622597,CASH_OUT,426123.98599150643,5,824,20,0,0,0
25166.7769130535,PAYMENT,298418.3559979709,2,1257,1,0,0,0
19455.365819662733,CASH_IN,289691.5418957035,1,1061,6,1,0,0
47130.94823188021,PAYMENT,329566.1019206032,1,1841,12,0,0,0
139933.2471931886,TRANSFER,428001.5829144242,1,1745,7,0,0,0
55698.20238257884,TRANSFER,365953.06288548216,4,1559,11,0,0,0
3884.3440210480244,PAYMENT,105562.09710787261,3,1326,6,0,0,0
30872.770701173806,PAYMENT,233411.77220365978,6,1674,21,0,0,0
110739.76123107839,PAYMENT,490149.1659931031,7,318,1,0,1,0
4961.325349672593,CASH_OUT,277280.3568813873,3,340,5,0,0,0
224931.22326710785,CASH_IN,469122.6767353993,3,232,10,0,0,0
148864.56162549736,TRANSFER,406684.743156528,2,358,16,0,0,0
4075.390059489796,PAYMENT,333011.72090437944,2,127,14,0,0,0
135462.53640949426,CASH_OUT,174682.60132987762,2,393,21,0,0,0
22559.68965249039,TRANSFER,152159.6737627195,3,1544,22,0,0,0
93122.77893732813,CASH_IN,321710.53264879395,4,1965,19,0,0,0
27097.18520622479,CASH_OUT,216280.6204232054,4,1912,10,0,0,0
29067.33246272512,TRANSFER,399376.8114083636,2,1132,22,0,0,0
50289.31746233817,TRANSFER,380228.36977009795,0,349,8,0,0,0
74466.74944021463,PAYMENT,156065.24336925714,3,1141,16,0,0,0
1718.6599173596965,CASH_OUT,351364.391530881,4,386,19,1,0,0
44966.27242020398,CASH_OUT,247275.09504859202,4,1422,9,0,0,0
10334.790140405472,CASH_IN,161646.05040699852,1,197,3,0,0,0
21228.537034615114,TRANSFER,206483.29638232,5,215,3,0,0,0
21383.13300830442,CASH_OUT,447675.93360613094,6,624,15,0,0,0
31655.344963261883,CASH_OUT,179758.84606127025,3,1042,0,1,1,1
20333.522602883295,CASH_IN,143699.636659729,1,1076,22,0,0,0
5678.6583927586935,CASH_OUT,175903.6103550689,6,644,23,0,0,0
7869.472362826342,PAYMENT,107309.21810434585,3,380,6,0,0,0
1700.4909230795881,TRANSFER,272317.4936981643,1,1403,1,0,0,0
31767.417761298882,CASH_IN,73718.21816126611,3,1572,3,0,0,0
154444.70247985108,PAYMENT,408721.8932184582,3,472,1,0,0,1
6146.544487697518,TRANSFER,112790.12362281304,3,1162,22,0,0,0
146184.06427998355,CASH_OUT,299027.51376982284,2,856,15,0,0,0
66093.07629061105,CASH_IN,62512.74945994678,5,1423,3,0,0,0
50736.375122113786,TRANSFER,489226.5741071631,5,800,22,0,0,0
51821.010255541165,CASH_IN,227287.72944682356,4,1539,21,0,0,0
87644.5317823994,TRANSFER,411085.67037940724,2,141,9,0,1,0
5653.948229760784,PAYMENT,384323.91782499186,2,315,9,0,0,0
35135.066175415064,CASH_OUT,356846.5235728394,3,793,2,0,1,0
59716.16525285944,PAYMENT,413682.4356023049,4,423,8,0,0,0
44193.65114048587,TRANSFER,50231.804329852916,3,1151,23,0,0,0
89421.97064297031,TRANSFER,339248.59873598104,2,554,6,0,0,0
3750.8189475092254,CASH_OUT,132913.6176368906,3,196,18,0,0,0
58672.348005440355,CASH_OUT,392935.8320332949,3,1642,20,0,0,0
38181.457694523066,CASH_OUT,478434.37992394436,3,477,7,0,0,0
23834.163541536214,TRANSFER,450744.7649213479,2,1334,17,0,0,0
20796.608526432647,CASH_IN,57476.11123683305,2,198,3,0,0,0
48488.87845991729,TRANSFER,184776.2103364105,2,255,4,0,0,0
110818.24815985118,PAYMENT,182161.37859879987,2,1989,15,0,0,0
34276.40657853648,CASH_OUT,61148.133179765304,3,1371,17,0,0,0
87069.43177074549,TRANSFER,49063.026673413726,6,69,5,0,0,0
25721.303366549553,TRANSFER,192445.06748459084,3,517,22,0,0,0
5401.228766515012,CASH_IN,496035.77524825564,3,1471,23,0,0,0
3173.9267671803973,PAYMENT,284471.3255331376,5,364,11,0,0,0
2634.944157906085,TRANSFER,310890.8143021281,5,1568,19,0,0,0
23913.899735869956,PAYMENT,235509.45500934118,3,465,4,0,0,0
20566.947582693654,CASH_OUT,331165.2761520114,5,280,18,0,0,0
63281.24562444947,TRANSFER,478331.04037238477,6,1867,20,0,0,0
67899.24444051144,CASH_OUT,294348.9768071959,1,1907,12,0,0,0
2609.6306607680935,TRANSFER,32519.22986059663,1,1151,21,0,0,0
12495.123891905978,CASH_OUT,246445.2845840993,2,354,12,0,0,0
16028.300218313318,PAYMENT,496375.6366259756,3,1862,3,0,0,0
39660.75126193598,TRANSFER,193701.36029713164,2,499,10,0,0,0
7804.349057036181,PAYMENT,296940.6186072361,6,1881,5,0,0,0
7190.124837082413,TRANSFER,53318.381714408504,5,1722,8,0,1,0
143932.04203483652,CASH_OUT,70590.24936828345,3,933,19,1,0,0
81533.8198649619,PAYMENT,437340.72657698125,1,1919,6,0,0,0
9962.495945515502,PAYMENT,150172.31412580571,1,545,23,0,0,0
26091.616117668982,CASH_IN,152725.63667729648,3,531,11,0,0,0
21973.48836977376,TRANSFER,193606.4980011641,4,1041,9,0,0,0
78272.02601716199,PAYMENT,483239.33645226125,1,1334,2,0,0,0
35689.22528674317,PAYMENT,42195.248018438215,2,1305,6,0,0,0
6839.67749784581,CASH_OUT,409382.05127566744,8,463,9,0,0,0
67160.22313793744,CASH_OUT,170778.93823299324,0,1308,0,1,0,0
25282.61627103962,CASH_OUT,424734.01299273747,5,1460,11,0,0,0
15253.230365757714,TRANSFER,495877.82475227123,2,438,0,0,1,1
23540.087144343284,TRANSFER,174333.70510587393,2,1919,12,1,0,0
34433.517188922575,CASH_IN,64678.183106177625,4,1379,6,0,0,0
21012.35500154935,TRANSFER,72187.74899146413,3,1151,17,0,0,0
13847.379525036005,PAYMENT,379370.44547459297,3,1202,7,0,0,0
25416.605824039485,PAYMENT,72460.77616906827,1,137,5,0,0,0
967.9547318114901,CASH_OUT,130210.7842673183,6,379,14,0,0,0
74029.778646372,CASH_OUT,102199.17183103989,6,152,17,0,0,0
9373.43263378119,TRANSFER,177839.28201549125,4,1365,3,0,0,0
2244.8797185546514,PAYMENT,37183.28757484374,6,288,22,0,0,0
53022.30265612754,CASH_IN,428371.241203629,2,1644,11,0,0,0
74346.88519068608,TRANSFER,430073.15590049676,2,434,7,0,0,0
84054.51898084329,CASH_IN,206466.44924134488,1,1264,4,0,0,0
34012.454254683784,TRANSFER,306043.78451173764,3,206,1,0,0,0
11493.819849985102,PAYMENT,320975.7854521523,0,1867,17,0,0,0
66823.36573490228,TRANSFER,374629.0576729644,0,411,3,0,1,0
60150.84259542695,CASH_OUT,260345.04377202556,5,1940,18,0,0,0
14136.10196251667,CASH_OUT,255168.022720843,4,1899,22,0,1,0
116862.84147108319,CASH_OUT,315651.88866410544,3,1633,20,0,1,0
5511.4762859910425,TRANSFER,351524.19783493876,1,316,20,0,0,0
202818.4608011841,PAYMENT,173345.1885146259,3,331,7,0,0,0
98394.2251611599,CASH_OUT,165185.23663440754,5,969,0,0,1,0
58221.36448463167,PAYMENT,134859.2020479546,0,1354,21,0,0,0
139639.48027781176,CASH_OUT,274423.27765637427,6,488,11,0,0,0
64062.70513521445,PAYMENT,180077.84477788617,2,974,5,0,0,0
10564.269219857706,PAYMENT,270156.63385381596,3,801,19,0,1,0
29183.808658174694,PAYMENT,202992.38291346078,8,1690,6,0,0,0
3709.407770888367,TRANSFER,418367.0912763304,4,1773,10,0,0,0
24686.743832412507,CASH_OUT,36565.11987273037,5,470,8,0,0,0
67662.90967157413,PAYMENT,286105.29680233734,4,341,7,0,0,0
24424.134078646868,CASH_OUT,287811.87529359886,4,195,16,0,0,0
20045.8365439265,CASH_OUT,191858.65526934993,2,291,10,1,0,0
45237.346250844465,CASH_OUT,210510.4472815716,4,1903,15,0,0,0
102866.20879213334,PAYMENT,400065.6804414643,2,530,8,0,0,0
2437.6258525755848,PAYMENT,140336.85513016742,2,1782,11,0,1,0
24344.911917919297,PAYMENT,435701.8957130814,3,949,3,0,0,0
8613.061113348609,TRANSFER,448171.6520673467,2,977,2,0,0,0
59430.282761111506,CASH_OUT,325309.652201098,2,1860,11,0,0,0
5587.072665464986,CASH_IN,386428.8568540492,1,140,17,1,0,0
54652.552838226635,TRANSFER,306473.7641772442,3,1126,3,0,0,0
16856.283458942235,TRANSFER,262629.5568732958,5,194,15,0,0,0
11089.524214696236,TRANSFER,483338.8771251148,4,1663,6,0,0,0
137719.80702837903,CASH_OUT,141327.48211373208,3,1471,9,0,0,0
934.9152782409062,CASH_OUT,77075.47332155607,5,412,0,1,0,0
28792.8597118044,TRANSFER,143742.68157125765,1,1093,13,0,0,0
1093.214168016963,CASH_OUT,307312.8041897226,2,1301,17,0,0,0
33043.00789350364,CASH_OUT,92591.71905057185,6,1221,0,0,0,0
34762.20666090109,CASH_IN,454407.02161315706,2,1858,21,0,0,0
19405.51425583139,TRANSFER,205512.20033269635,0,1691,6,0,0,0
7087.498066487695,TRANSFER,424981.4391459218,7,1017,23,0,0,0
23611.307880416403,PAYMENT,124618.27226440836,2,1103,17,0,1,0
55777.181911197724,CASH_IN,156584.17754137376,3,1549,16,0,0,0
76253.87512208206,CASH_OUT,29611.69858624829,3,808,10,0,0,0
37831.04436208697,PAYMENT,128883.84609278697,5,1771,1,0,0,0
44559.71424176479,TRANSFER,245156.90948165068,4,1880,7,1,0,0
11195.715608994085,CASH_OUT,473068.45886162115,1,1975,4,0,0,0
16936.863319209784,CASH_OUT,194451.4869457491,3,985,21,0,0,0
8830.63079575236,TRANSFER,319871.93974167295,1,1817,3,0,0,0
14337.149010488898,PAYMENT,213855.05873439397,2,1573,2,0,0,0
12737.30851336638,CASH_OUT,23395.925383970618,3,825,10,0,0,0
36641.0736129099,TRANSFER,251766.31294835135,1,1777,20,0,1,0
41355.505404482225,PAYMENT,32956.82335196043,3,601,22,0,0,0
144973.3282674407,TRANSFER,441849.962298768,3,797,14,0,0,0
10881.106566182247,CASH_IN,376518.480975457,3,374,22,0,0,0
51315.84325334737,CASH_IN,189325.7356261831,3,1319,6,0,0,0
84984.34505662478,TRANSFER,320109.3330956449,5,604,23,0,0,0
41076.47420152671,CASH_IN,56014.07765666605,5,1242,2,0,0,0
14718.79816503017,CASH_OUT,351277.4934813254,2,1043,16,0,0,0
15227.865079467334,CASH_OUT,411366.20449573477,2,1384,19,0,0,0
2002.2113670934277,TRANSFER,410872.82426911726,5,183,16,0,0,0
18224.14063333011,PAYMENT,142138.7738453279,4,1716,19,1,0,0
68246.93701779064,PAYMENT,131873.0976384133,6,1712,10,0,0,0
2434.190744609138,TRANSFER,260698.84395133925,3,1199,17,1,0,0
12377.914161315384,CASH_OUT,483886.0809649242,1,1231,23,0,0,0
61248.331791614,CASH_OUT,460261.4888030426,2,176,5,0,0,0
76312.6755962293,CASH_IN,179819.2408779909,1,1796,13,0,0,0
30377.694684926675,CASH_IN,389914.7530915221,3,773,4,0,0,0
59878.72229054614,PAYMENT,460658.8820457287,4,300,14,0,0,0
24547.242186557785,PAYMENT,130463.23285880251,6,45,1,0,1,0
8712.505637229035,TRANSFER,415147.82480146986,1,945,18,0,0,0
25387.309631149365,CASH_OUT,133947.8134545883,6,1565,14,0,0,0
43371.19760379149,TRANSFER,171641.06294360533,6,176,8,0,0,0
147876.83683657783,PAYMENT,99410.34542537708,2,1000,4,0,0,0
3561.426583299678,TRANSFER,253539.89953635674,5,484,1,0,0,0
35402.29018045357,CASH_OUT,421655.4471306206,4,1456,0,0,0,0
19943.329679198112,CASH_IN,264026.06871775613,5,1397,20,0,0,0
35495.51441020946,PAYMENT,61720.00484654877,2,1852,2,0,0,0
1213.3768254478234,CASH_OUT,125887.96611358499,4,1741,4,0,0,0
18772.894692390284,PAYMENT,281430.93364066945,6,1061,23,0,0,0
85703.30912551549,CASH_IN,291593.7277852801,4,79,19,0,0,0
40365.28469567055,CASH_OUT,288452.9517724349,3,1754,15,0,0,0
29944.83199111675,TRANSFER,38501.74625310798,0,1653,5,0,1,0
16810.368605119602,TRANSFER,376847.9463173771,0,933,7,0,0,0
17694.122528392574,TRANSFER,454714.0994945033,2,42,2,0,0,0
24152.533331571667,PAYMENT,255259.47386494995,1,1255,11,1,0,0
90263.73244983202,TRANSFER,359414.64338593144,3,688,23,0,0,0
170886.47456347465,CASH_OUT,457007.7460182756,7,463,0,0,0,1
28871.01342836807,CASH_OUT,321311.37747400795,0,1460,19,0,0,0
24990.396993915518,CASH_OUT,337162.8622155255,6,1927,21,0,0,0
93719.27768885448,TRANSFER,360702.2066919773,5,1918,13,0,0,0
27835.217071274787,PAYMENT,130251.22572703256,1,187,10,0,0,0
40150.13052748974,CASH_OUT,291338.9373584137,3,1019,19,0,1,0
13129.42267871794,PAYMENT,421087.5572722281,3,954,6,0,0,0
68031.82502492232,PAYMENT,148081.36513037534,3,1538,3,0,0,0
37963.1011208071,CASH_OUT,448585.24979843013,1,602,5,0,0,0
82783.13793045015,PAYMENT,310190.974882816,6,1600,13,0,0,0
75873.19412167992,PAYMENT,211587.42571652812,2,1446,9,0,0,0
12103.88177237563,TRANSFER,311591.48070014647,6,1421,3,0,0,0
62874.929541381876,TRANSFER,200929.95284453817,2,1846,12,0,0,0
80485.4994600242,PAYMENT,419017.8009240873,3,406,21,0,0,0
21240.59588510417,CASH_IN,241159.29003379855,1,1159,7,0,0,0
9473.90194585945,TRANSFER,450606.6798771683,2,861,17,0,0,0
131.781289592452,TRANSFER,254904.04042391325,5,400,4,1,0,0
29974.067879675193,TRANSFER,330184.1948186936,3,139,11,0,0,0
21726.63006446418,CASH_OUT,498872.2105034253,3,1044,22,0,0,0
40473.91983618115,TRANSFER,73482.92050427057,4,1858,4,0,0,0
10415.27733687269,TRANSFER,368364.5743667028,2,323,6,0,0,0
98186.3380063279,CASH_OUT,69436.11395796678,0,1317,18,0,0,0
14903.80960719189,TRANSFER,419433.18288219813,3,360,13,0,0,0
12836.930240998707,CASH_OUT,298226.6905810058,4,453,10,0,0,0
32765.029831838787,TRANSFER,469079.78030322964,7,308,19,0,0,0
34542.593215173976,CASH_OUT,432978.30097243417,4,253,20,0,0,0
12109.006939740879,CASH_OUT,37436.018734411715,3,202,10,1,0,0
15863.146982017273,PAYMENT,68651.27083943045,0,1182,2,0,0,0
9298.72538442942,CASH_IN,300585.4643034126,4,1998,12,0,0,0
63374.06894836772,CASH_OUT,259157.31997103742,1,1037,5,0,0,0
73503.15687037999,TRANSFER,84282.56530672229,8,275,15,0,0,0
31025.37476897011,CASH_OUT,64679.6141358249,2,550,22,0,0,0
62603.38947928953,TRANSFER,281995.39172080654,3,325,5,0,0,0
66578.07391335184,TRANSFER,24460.77398749974,6,185,5,0,0,0
7440.984854536336,CASH_OUT,436867.65147671953,4,638,20,0,0,0
169332.22674632966,PAYMENT,403541.4599013102,1,381,5,0,0,0
86027.39822345336,CASH_OUT,392684.9858555447,3,1701,21,0,0,0
11438.182048445178,CASH_OUT,7998.5735203705335,0,322,12,0,0,0
10299.884007613222,PAYMENT,23820.47170636897,1,1775,7,0,0,0
6714.36365891786,PAYMENT,274919.56057536433,7,1508,16,0,0,0
7446.963623142673,TRANSFER,497212.84444708884,2,1327,1,0,0,0
68948.42286584781,TRANSFER,171158.10048567588,1,1165,5,0,1,0
31711.306987321357,TRANSFER,172187.40820267197,1,745,5,0,0,0
76377.7310007118,TRANSFER,67138.98343099168,2,1505,6,1,0,0
68571.25184458923,TRANSFER,337167.9018697507,1,106,0,0,0,0
46394.47611455948,TRANSFER,323338.34449700284,3,1640,21,0,0,0
57976.52560254037,TRANSFER,50661.208189579535,2,109,7,0,0,0
926.3140519719607,PAYMENT,233706.14353417556,4,1609,2,0,0,0
18682.165273965857,PAYMENT,333537.45441098715,1,1131,3,0,0,0
50780.99851243767,TRANSFER,246758.0681609635,1,941,16,1,0,0
469.44457554210123,TRANSFER,337181.79093237774,3,465,2,0,0,0
1676.6470336012133,TRANSFER,408135.1987157449,4,1746,22,0,0,0
95489.32081517485,TRANSFER,342907.7165608838,4,1779,1,0,1,1
57604.587236554806,TRANSFER,308057.1179152619,2,1839,13,0,0,0
15419.397229723181,CASH_IN,426795.1284722466,1,1989,5,0,0,0
58231.649804056586,PAYMENT,450294.2839348941,3,1242,22,1,0,0
78620.75688433617,CASH_IN,194443.21858790208,2,1846,17,0,0,0
18321.423703721768,PAYMENT,86624.94386194297,2,64,23,0,0,0
1835.1379231351432,CASH_IN,408930.2020040253,1,612,1,0,0,0
134988.5717582647,PAYMENT,106876.55364974157,6,241,11,1,0,0
21169.73216647074,CASH_IN,464475.33487454284,0,312,4,0,1,0
5629.426708266091,CASH_OUT,11438.972610951725,2,762,9,0,0,0
33849.606093071336,CASH_OUT,460635.59130965173,3,167,14,0,0,0
73151.81517644781,TRANSFER,294591.49630603136,4,616,12,0,0,0
12528.776720497432,CASH_IN,387371.0582564407,3,945,9,0,0,0
15700.621362952064,TRANSFER,199246.29353220225,2,1726,21,0,0,0
13900.779641789457,CASH_OUT,495858.14595444006,3,1800,16,0,0,0
239412.91881859378,TRANSFER,113775.71378314521,6,514,12,0,0,0
10995.173660208828,PAYMENT,132171.8313190874,4,787,6,1,0,0
42844.54498633763,TRANSFER,25716.22201873647,3,1258,21,0,0,0
129690.09804534561,PAYMENT,470236.6815307191,5,1389,3,0,0,0
7943.724156473632,CASH_IN,228014.65179933805,2,1960,1,0,0,0
176772.21928697472,CASH_IN,337426.2073596746,0,482,21,1,0,1
147325.4286407794,CASH_OUT,343720.36373142037,5,515,23,0,0,0
107955.41039520485,TRANSFER,437251.0461413388,2,864,21,0,0,0
12075.338986895964,TRANSFER,332462.6253232046,5,728,4,0,0,0
50263.619157772635,TRANSFER,281010.5911520936,1,1490,9,0,0,0
71541.88710445557,CASH_OUT,355159.2620955218,8,451,22,1,0,0
213534.7406473049,PAYMENT,375485.3995015632,1,1191,18,0,0,1
9948.396426841888,TRANSFER,92963.97312424099,8,35,8,0,0,0
72627.24257282514,CASH_IN,54833.5194883765,4,1266,21,0,0,0
20685.034121829034,CASH_IN,37424.42524278156,5,1148,1,0,0,0
9656.576665250725,CASH_OUT,187026.74726126832,1,959,20,0,0,0
27355.20172550671,CASH_IN,249000.1199188726,0,590,21,0,0,0
78954.14421483305,PAYMENT,307824.9491449304,2,1820,8,0,0,0
31260.391537317435,TRANSFER,479017.25984480506,1,1853,12,0,0,0
38557.933483099456,TRANSFER,165393.91010350312,2,314,0,0,0,0
266535.9353099387,TRANSFER,380437.0260386372,2,407,14,0,0,0
25467.11119051572,TRANSFER,265678.80979744246,6,531,12,0,1,0
47777.670407594975,PAYMENT,110044.96604345842,7,478,13,0,0,0
22725.746176413784,CASH_OUT,307652.71456437954,2,446,10,0,0,0
24943.67070320089,PAYMENT,483588.0891448518,1,771,1,0,0,0
59477.32715920999,CASH_OUT,62154.1496256362,3,814,0,0,0,0
138939.97936558927,CASH_OUT,253639.88227461447,2,1151,10,0,0,0
39083.50684239724,TRANSFER,25804.177075264113,2,590,20,0,0,0
73137.16132495733,TRANSFER,160608.14944818112,2,1709,21,0,0,0
4671.957298947974,TRANSFER,310301.33879699564,2,164,15,0,0,0
11859.46395634184,CASH_OUT,420528.4680153773,2,1793,4,0,0,0
34870.97880485479,CASH_IN,365164.2108630355,4,810,18,0,1,0
1010.7335137790118,PAYMENT,231428.38910773693,5,1777,21,0,0,0
14574.798724448474,CASH_OUT,454611.37855207326,2,417,9,0,0,0
36428.489922661174,TRANSFER,151357.33251188532,1,1372,19,0,0,0
753.7122976360162,TRANSFER,376991.7051125832,1,1250,14,0,0,0
15363.383628373984,CASH_OUT,237004.51087383123,5,1005,1,0,0,0
36080.503582591686,PAYMENT,449317.8773363878,0,153,2,0,0,0
42566.0426870218,PAYMENT,398716.4108268801,6,1382,13,0,0,0
130017.0151825478,PAYMENT,450734.8306535476,4,776,22,0,0,0
51830.57751857214,CASH_OUT,107123.92447103669,6,1897,16,1,0,0
26784.59570464366,CASH_IN,334075.21605810395,3,107,6,0,1,0
133214.4739794637,TRANSFER,369231.70404082,2,1836,13,0,0,0
76828.65677997236,CASH_IN,371207.13264129683,4,930,9,0,0,0
11157.735138366073,CASH_OUT,252000.22523366878,2,1863,15,0,0,0
7011.538390388608,TRANSFER,5625.261173976271,4,1327,13,0,0,0
56321.52804780737,TRANSFER,130715.39193453746,5,1893,13,1,0,0
41035.75272689185,CASH_OUT,161650.43750219056,3,165,22,0,1,0
77954.73673900643,PAYMENT,426018.30864088074,3,1526,9,0,0,0
67124.41079559078,PAYMENT,420442.90855211014,1,1377,14,0,0,0
49069.675122860746,CASH_OUT,52340.052018891634,1,400,21,0,0,0
214818.77175458526,PAYMENT,474917.94088562875,5,183,17,0,0,0
38134.48123497239,TRANSFER,91228.74332574548,4,1640,0,0,0,0
6001.4766603958915,CASH_OUT,207179.72565046055,1,867,2,0,1,0
88092.62807309069,CASH_IN,107578.4830553777,5,446,8,0,0,0
14507.814028807295,CASH_IN,430166.2344146787,1,1075,9,0,0,0
75096.96753371326,CASH_OUT,374701.0159296559,5,285,4,0,0,0
157452.44373280858,TRANSFER,176764.40344390197,3,1018,4,1,0,1
59667.39148456275,TRANSFER,340939.3130130277,3,1634,14,0,0,0
45320.75298121053,PAYMENT,92183.44208577117,8,1694,3,1,0,0
30845.076769873463,CASH_IN,191148.54618800082,4,883,3,0,0,0
22660.068338695586,TRANSFER,188553.7941690541,2,64,22,0,0,0
21770.816379338463,PAYMENT,118968.34086069891,1,1237,17,0,0,0
50581.29263454393,TRANSFER,438156.0247914413,4,1276,6,1,0,0
69569.9919837484,TRANSFER,339422.8677395631,4,1179,19,0,0,0
56740.54149890397,CASH_IN,139969.65528189964,4,1888,21,0,0,0
11057.907501015414,TRANSFER,121060.38031451865,1,1696,0,0,0,0
34059.66371654073,TRANSFER,8976.735499619526,5,1252,13,0,0,0
78424.41362697825,PAYMENT,173291.1268961773,5,158,6,0,0,0
32284.950889209496,CASH_OUT,263385.6416576591,4,839,18,0,0,0
38460.74525254472,TRANSFER,138855.4709541882,3,1623,8,0,0,0
73731.37743945773,CASH_IN,350229.13821488497,3,1909,20,0,0,0
54126.90461777372,PAYMENT,205874.76450563312,2,1041,11,0,0,0
26326.152721218266,PAYMENT,158158.91850533392,6,1282,21,0,0,0
112886.66283344812,CASH_OUT,469528.8293951656,1,251,9,1,0,0
8870.705023794604,TRANSFER,131400.43864406954,7,765,5,0,0,0
270366.9910611052,CASH_IN,199128.81004832816,4,893,22,0,0,0
6326.516636929013,TRANSFER,191145.39426038595,4,1650,2,1,0,1
753.1424171368568,CASH_OUT,120599.17283562415,3,1805,10,0,0,0
110372.33782895419,TRANSFER,108738.36990520835,2,1501,0,0,0,0
14048.797665287124,TRANSFER,151190.0094067018,2,493,0,0,1,0
65411.07237025824,CASH_OUT,432118.08496559045,2,1313,6,0,0,0
83304.48080392096,CASH_IN,383541.4436146453,5,1560,10,0,0,0
97944.94378793829,CASH_IN,340499.7570800261,8,1070,9,0,0,0
238941.8789012491,TRANSFER,228551.49632124673,2,618,1,1,0,1
17409.814479318447,PAYMENT,253876.99231630174,4,384,6,0,1,0
61935.690917277694,CASH_IN,133569.42274673018,5,965,23,0,0,0
6130.977667042807,PAYMENT,37157.956917958814,1,1471,0,0,0,0
26111.966597551174,CASH_OUT,165520.27836024112,5,469,4,1,1,1
94184.4273633769,CASH_OUT,247791.8779961831,5,552,17,0,0,0
22916.248239836765,CASH_OUT,28656.52325966622,2,1025,2,0,0,0
44713.66771896142,CASH_OUT,44116.65102855322,2,1014,4,0,0,0
35036.13449295754,TRANSFER,131512.61644228362,1,1349,9,0,0,0
51916.07287290797,TRANSFER,183540.1867963808,4,682,4,1,0,0
180400.72694302993,CASH_OUT,196658.4055593526,4,693,17,0,0,0
2867.449473520169,CASH_OUT,58943.03314400256,4,1153,13,0,0,0
42661.28011447328,TRANSFER,112910.67726739439,4,1343,3,0,0,0
99399.22213708055,CASH_OUT,130823.62603180436,2,1189,6,0,1,0
32829.45350218805,PAYMENT,33817.4381006231,4,1300,21,0,1,0
4089.1002071559974,CASH_OUT,163049.85029484864,3,239,18,0,0,0
41110.35524627704,PAYMENT,36110.78637775361,2,932,19,0,0,0
20178.886328475073,CASH_IN,351728.92155483505,2,347,6,0,0,0
8417.488045339156,PAYMENT,193023.8832786552,2,1038,10,0,0,0
94535.20165416689,PAYMENT,163376.19468918734,3,1611,16,0,0,0
36865.35291755431,CASH_IN,63261.085751803446,1,1267,13,0,0,0
135359.8375540154,CASH_OUT,113251.82772244791,4,1252,7,1,0,0
81999.10994057335,CASH_IN,116352.6044695618,4,156,23,0,0,0
59040.78293283155,PAYMENT,492602.1074366515,7,1435,18,0,0,0
251.9086837481973,PAYMENT,417674.6897542467,5,42,21,0,0,0
27915.384649086784,TRANSFER,7631.145816715812,2,415,1,0,0,0
11000.31648047371,TRANSFER,308418.2953842399,6,777,7,0,0,0
120842.54104678606,PAYMENT,127955.04821096188,8,1823,10,0,0,0
9593.387937297863,PAYMENT,52188.464409792134,5,1082,23,1,0,0
16847.82130725218,PAYMENT,352799.88155987737,0,888,18,1,0,0
36370.036371122784,CASH_OUT,65802.77473417461,1,517,5,0,0,0
15283.04428728292,TRANSFER,221870.38976486784,5,1391,10,0,0,0
11777.552680346047,TRANSFER,316082.5824199621,2,1567,16,0,0,0
45702.07879398742,CASH_OUT,277247.37807749433,1,978,15,0,0,0
4656.751110314835,CASH_OUT,488814.54915137147,2,737,19,0,0,0
2996.405403971843,CASH_OUT,392871.3065612613,4,346,8,0,0,0
23280.28931235172,TRANSFER,387096.68806374486,3,1998,12,0,0,0
63767.07738882974,TRANSFER,177797.69704051563,1,715,6,0,0,0
40462.34200029128,CASH_OUT,4197.746042070849,5,1381,15,1,0,0
27484.947130503984,CASH_IN,367205.4648353442,7,641,3,0,0,0
41706.923799827906,PAYMENT,499866.0421478362,5,600,10,0,0,0
22742.076621170174,PAYMENT,202939.5538718078,2,333,18,0,1,0
137558.06523807676,CASH_OUT,492759.2494785587,0,1958,13,0,0,0
2823.485600692648,PAYMENT,70854.05476717322,2,431,14,0,0,0
55949.650442954415,TRANSFER,148256.1758183587,3,1359,7,0,0,0
110950.20101822521,CASH_IN,85363.46587123533,1,1907,11,0,0,0
81452.62859735616,PAYMENT,237587.9864634079,5,778,10,1,1,0
10169.560652694161,TRANSFER,398490.70075361023,7,1256,23,0,0,0
17543.61551852207,CASH_IN,170330.84576897696,3,1208,5,0,0,0
63123.8895206279,CASH_OUT,453114.46857593575,1,445,22,0,0,0
4401.716411153974,CASH_OUT,272415.20666489255,1,1375,12,0,0,0
83528.89737068427,PAYMENT,232712.20687093862,5,607,17,0,0,0
63453.475323951294,CASH_OUT,393517.92109763814,2,251,2,0,0,0
65393.876274153365,CASH_OUT,50721.74852089229,3,1843,19,0,0,0
5281.437040659496,PAYMENT,386876.23560533737,5,1395,21,0,0,0
63249.97182475949,CASH_OUT,121476.00008641335,4,181,1,0,0,0
56943.304297769835,PAYMENT,140406.27359161878,3,1912,2,1,0,0
88869.90175046721,CASH_IN,299726.88666003995,2,744,7,0,0,0
2124.291618245035,TRANSFER,450967.2125231026,2,1962,2,0,0,0
1169.095355984222,CASH_OUT,289203.4748854324,2,1943,9,0,0,0
23341.003099180038,CASH_OUT,324474.6743972435,0,760,23,0,0,0
8054.719810726126,CASH_OUT,388297.2948026371,2,172,6,0,0,0
40865.78171036312,CASH_OUT,129662.37949624337,3,1037,8,0,0,0
124656.35819494986,CASH_OUT,413616.83640207123,8,397,21,0,0,0
24836.25281183691,TRANSFER,208980.07453357487,4,462,20,0,0,0
93200.50333352634,TRANSFER,87827.84674558125,2,686,17,0,0,0
12.04517663962752,PAYMENT,175059.03973056248,4,1348,15,0,0,0
9227.079569960917,CASH_IN,123065.55585911266,1,742,16,0,0,0
1544.7970828920238,PAYMENT,114356.80256782293,3,1140,19,0,0,0
19885.799053534145,TRANSFER,141281.59935958305,1,33,6,0,0,0
119401.48255692005,CASH_OUT,90465.40737104474,2,470,18,0,0,0
5098.985385019974,PAYMENT,333850.87854132144,6,1580,4,0,0,0
46622.24767003248,TRANSFER,289995.87851755857,2,1224,23,0,1,0
30028.02978417002,CASH_OUT,324220.9464917142,6,921,14,0,0,0
139410.0682800714,PAYMENT,171862.36191408022,7,1980,1,0,0,0
6535.006936857532,TRANSFER,384866.70128702215,4,1315,14,0,0,0
11914.626651289327,CASH_OUT,64804.370477082375,4,1015,20,1,0,0
1499.3560813517736,CASH_IN,285568.3547306801,1,1886,4,0,0,0
28452.34036887797,CASH_IN,137726.48612323694,3,1395,13,0,0,0
16274.936291073644,TRANSFER,263804.9503488057,3,1083,18,0,0,0
101974.87523646136,TRANSFER,161818.5876201196,4,855,1,0,0,0
46435.98426501121,TRANSFER,395255.8825456476,5,115,19,0,0,0
47607.650481354125,PAYMENT,445635.9194190473,3,1790,20,0,0,0
37954.80913191768,CASH_OUT,371290.6116858156,4,1621,18,0,0,0
4817.304356160394,TRANSFER,87791.85642462339,10,738,5,0,0,0
29441.04150861848,CASH_IN,137433.44919418116,4,449,20,0,0,0
380566.8059191408,CASH_OUT,459679.0327592079,2,331,18,0,0,1
90160.02065098696,CASH_IN,218610.06382910063,2,999,9,0,0,0
111961.29499035516,CASH_IN,470590.2046746334,1,1438,15,0,0,0
86644.26153272348,CASH_OUT,196225.8444311334,0,1298,16,1,0,0
5437.294948730497,PAYMENT,475887.3302953319,3,1449,9,0,0,0
12902.81437121239,CASH_OUT,462869.49386666546,2,1934,12,0,0,0
156.3266936831929,PAYMENT,330263.4449933081,4,1632,12,0,0,0
18085.10113317513,PAYMENT,4413.52423075142,3,154,13,0,0,0
5748.516134232788,CASH_OUT,200167.34098796846,5,39,18,0,0,0
32008.133657634207,PAYMENT,455617.5648477979,2,1566,18,0,0,0
56524.8867570898,PAYMENT,442555.1445540574,9,1328,4,1,0,1
103774.58564194247,TRANSFER,93693.90004805684,6,1903,8,0,1,0
69158.39569584282,CASH_OUT,199591.2479845513,4,778,14,0,0,0
139505.54374505996,CASH_OUT,417754.96393973584,3,1425,11,0,0,0
2770.2600134829945,TRANSFER,288938.9266250272,2,1660,3,1,0,1
612.7308727113244,CASH_IN,423649.6167231003,3,212,17,0,0,0
54137.65276347773,PAYMENT,413283.6922242815,2,718,0,1,0,0
17078.931318856266,TRANSFER,453741.00347624155,2,1236,11,0,0,0
14618.05115817974,TRANSFER,58610.29409729085,3,1267,22,0,0,0
20090.122767902012,CASH_OUT,72607.57072675783,4,1889,21,0,0,0
15721.570555340708,CASH_OUT,41404.514484526255,3,838,8,0,0,0
35814.281719959035,TRANSFER,467634.4205477158,3,1236,3,0,0,0
29004.180736140563,TRANSFER,237581.1921889466,0,999,5,0,0,0
35915.92190023182,TRANSFER,32162.641741224073,4,487,1,0,0,0
55845.98427849748,CASH_IN,160764.9512570206,4,748,10,1,1,0
24480.16338932204,PAYMENT,175706.3205649834,2,1634,10,0,0,0
14471.35885588849,PAYMENT,404779.91173837864,4,1935,4,0,0,0
9088.117867280438,CASH_OUT,367738.4460854615,4,712,22,0,0,0
21498.70981607882,CASH_IN,344693.5247812845,2,1546,5,0,0,0
67702.29396484068,PAYMENT,10931.776295689366,2,494,0,0,1,0
70674.01053505768,CASH_IN,455347.8982131894,2,1135,2,0,0,0
54966.435264292646,TRANSFER,107777.63345787078,4,342,20,0,0,0
13330.494615149402,TRANSFER,314530.7023463389,3,1869,8,0,0,0
44347.064307246845,TRANSFER,30909.52150570958,4,847,0,0,0,0
42278.76109968583,CASH_OUT,40763.04593602725,3,994,12,0,0,0
33108.22672130099,PAYMENT,4788.648065061074,5,1957,16,0,0,0
39923.05001916465,CASH_IN,282963.82227266533,3,725,15,0,0,0
33843.08879028172,CASH_OUT,314689.83480845235,4,651,11,0,0,0
41672.94580070368,CASH_OUT,25231.151616614377,1,1016,1,0,0,0
62852.147788088994,PAYMENT,145242.44238201945,2,1270,3,0,0,0
5805.807219786464,CASH_OUT,425727.20708900836,1,145,12,0,0,0
69239.92445453134,PAYMENT,50654.18341145705,6,1463,5,0,0,0
7302.537408671039,PAYMENT,108273.58227666562,4,1674,16,0,0,0
3447.572103528152,TRANSFER,212195.60423621352,1,1332,22,0,0,0
186651.36160770603,PAYMENT,421137.051316558,0,1606,15,0,0,0
157318.1879994857,TRANSFER,127424.52723760212,5,116,8,0,0,0
3116.9960550410938,CASH_IN,498568.50768167106,2,1146,14,0,1,0
29282.25771143809,PAYMENT,177630.90656926416,2,1278,1,0,0,0
10304.793263168645,CASH_IN,193224.32924181153,4,1368,1,0,0,0
33212.9152921685,CASH_OUT,61053.10211539716,4,284,16,0,0,0
88649.99958516937,CASH_OUT,340098.9504282654,2,1043,13,0,0,0
150402.16191592964,CASH_OUT,121732.59139224079,3,1327,14,0,0,0
50290.624696564424,TRANSFER,314433.79764752317,5,356,1,1,0,0
21840.48799361963,CASH_IN,111578.8642014633,1,253,2,0,0,0
46231.96996639145,TRANSFER,193936.13361323398,3,1030,17,0,0,0
18698.41697320203,PAYMENT,428336.04597720876,7,1764,4,0,0,0
120299.39898739402,TRANSFER,369452.955737035,1,1945,3,0,0,0
102165.30342089274,TRANSFER,77295.44997186172,5,165,6,0,1,0
40848.49281544591,CASH_IN,303854.0836870507,2,1679,6,0,0,0
19637.23646668652,TRANSFER,314320.3258369047,0,1495,22,0,1,0
17363.79663806581,PAYMENT,45284.23675093052,1,1010,4,0,0,0
1699.4568120234612,CASH_OUT,232902.8271679679,3,391,19,0,1,0
84592.3179658448,CASH_IN,130334.19783380395,2,1326,14,0,0,0
29926.699728970336,TRANSFER,233565.0713817415,3,1872,23,0,0,0
19661.97692332051,PAYMENT,388535.4956614375,4,1470,19,0,0,0
31848.773973390853,CASH_OUT,79129.77990515984,2,1851,4,0,0,0
85390.586394094,TRANSFER,61652.10279402189,2,607,23,0,1,0
6654.529215883148,CASH_IN,134658.24755288646,2,1241,13,0,0,0
97475.42665868415,CASH_IN,476137.72517329163,0,1739,2,0,0,0
113898.93401489209,CASH_OUT,373912.1055924832,3,1025,22,0,0,0
146598.37292676122,TRANSFER,9727.931407273294,4,1331,0,0,0,0
25332.384211345954,TRANSFER,200502.4212416883,6,1085,1,1,0,0
12240.095728588865,CASH_OUT,128698.9895401926,6,1038,12,0,0,0
